Name,UOM,MRP,Selling Price,Quantity,Total MRP,Total SP,Image Url
VIKRAM ELAICHI 1KG,Piece,435,415,1,435,415,https://mbtegbgsvxbefyzyxlyr.supabase.co/storage/v1/object/public/user-data/groceries.png
TATA AGNI 1KG,Piece,367,349,2,734,698,https://mbtegbgsvxbefyzyxlyr.supabase.co/storage/v1/object/public/user-data/groceries.png
TATA TEA PRE.1KG,Piece,620,602,1,620,602,https://mbtegbgsvxbefyzyxlyr.supabase.co/storage/v1/object/public/user-data/groceries.png
TATA GOLD 1KG,Piece,570,549,2,1140,1098,https://mbtegbgsvxbefyzyxlyr.supabase.co/storage/v1/object/public/user-data/groceries.png
AARAMBH ASSAM TEA 1KG,Piece,570,540,3,1710,1620,https://mbtegbgsvxbefyzyxlyr.supabase.co/storage/v1/object/public/user-data/groceries.png
RED LABEL NATURAL CARE 1KG,Piece,620,605,-2,-1240,-1210,https://mbtegbgsvxbefyzyxlyr.supabase.co/storage/v1/object/public/user-data/groceries.png
RED LABEL 1KG,Piece,570,540,0,0,0,https://mbtegbgsvxbefyzyxlyr.supabase.co/storage/v1/object/public/user-data/groceries.png
SAHYADRI PRE.DUST 1KG,Piece,450,430,2,900,860,https://mbtegbgsvxbefyzyxlyr.supabase.co/storage/v1/object/public/user-data/groceries.png
VIKRAM KADAK DUST TEA 1KG,Piece,515,498,1,515,498,https://mbtegbgsvxbefyzyxlyr.supabase.co/storage/v1/object/public/user-data/groceries.png
VIKRAM KADAK DUST TEA 1KG,Piece,515,498,0,0,0,https://mbtegbgsvxbefyzyxlyr.supabase.co/storage/v1/object/public/user-data/groceries.png
WAGH BAKRI PRE.LEAF TEA 1KG,Piece,620,602,2,1240,1204,https://mbtegbgsvxbefyzyxlyr.supabase.co/storage/v1/object/public/user-data/groceries.png
Wagh Bakari Nav Chetan 1KG,Piece,240,220,3,720,660,https://mbtegbgsvxbefyzyxlyr.supabase.co/storage/v1/object/public/user-data/groceries.png
WAGH BAKRI MILI PRE. 1KG,Piece,500,480,6,3000,2880,https://mbtegbgsvxbefyzyxlyr.supabase.co/storage/v1/object/public/user-data/groceries.png
RED LABEL NATURAL CARE 500GM,Piece,310,305,11,3410,3355,https://mbtegbgsvxbefyzyxlyr.supabase.co/storage/v1/object/public/user-data/groceries.png
RED LABEL 500GM,Piece,300,285,3,900,855,https://mbtegbgsvxbefyzyxlyr.supabase.co/storage/v1/object/public/user-data/groceries.png
VIKRAM GOLD 500GM,Piece,298,285,3,894,855,https://mbtegbgsvxbefyzyxlyr.supabase.co/storage/v1/object/public/user-data/groceries.png
PARIVAR 500GM,Piece,295,290,5,1475,1450,https://mbtegbgsvxbefyzyxlyr.supabase.co/storage/v1/object/public/user-data/groceries.png
SAHYADRI KADAK TEA 1KG,Piece,340,330,0,0,0,https://mbtegbgsvxbefyzyxlyr.supabase.co/storage/v1/object/public/user-data/groceries.png
SAHYADRI ELAICHI TEA 500GM,Piece,215,205,3,645,615,https://mbtegbgsvxbefyzyxlyr.supabase.co/storage/v1/object/public/user-data/groceries.png
SAHYADRI KADAK TEA 500GM,Piece,180,170,6,1080,1020,https://mbtegbgsvxbefyzyxlyr.supabase.co/storage/v1/object/public/user-data/groceries.png
SAHYADRI KADAK TEA 500GM,Piece,180,170,5,900,850,https://mbtegbgsvxbefyzyxlyr.supabase.co/storage/v1/object/public/user-data/groceries.png
VIKRAM ELAICHI 500GM,Piece,225,220,1,225,220,https://mbtegbgsvxbefyzyxlyr.supabase.co/storage/v1/object/public/user-data/groceries.png
AARAMBH 250GM,Piece,170,165,2,340,330,https://mbtegbgsvxbefyzyxlyr.supabase.co/storage/v1/object/public/user-data/groceries.png
Taaza 500GM,Piece,140,120,1,140,120,https://mbtegbgsvxbefyzyxlyr.supabase.co/storage/v1/object/public/user-data/groceries.png
AARAMBH 250GM,Piece,140,120,0,0,0,https://mbtegbgsvxbefyzyxlyr.supabase.co/storage/v1/object/public/user-data/groceries.png
Aarambh 500 Gm,Piece,275,260,4,1100,1040,https://mbtegbgsvxbefyzyxlyr.supabase.co/storage/v1/object/public/user-data/groceries.png
ARAMBH 500GM,Piece,320,299,10,3200,2990,https://mbtegbgsvxbefyzyxlyr.supabase.co/storage/v1/object/public/user-data/groceries.png
Vikram Gold 250GM,Piece,150,145,10,1500,1450,https://mbtegbgsvxbefyzyxlyr.supabase.co/storage/v1/object/public/user-data/groceries.png
VIKRAM MASALA TEA 250,Piece,170,165,2,340,330,https://mbtegbgsvxbefyzyxlyr.supabase.co/storage/v1/object/public/user-data/groceries.png
RED LABEL 250GM,Piece,150,145,0,0,0,https://mbtegbgsvxbefyzyxlyr.supabase.co/storage/v1/object/public/user-data/groceries.png
Parivar 250gm,Piece,150,145,-2,-300,-290,https://mbtegbgsvxbefyzyxlyr.supabase.co/storage/v1/object/public/user-data/groceries.png
Red Label Natural care 250gm,Piece,160,155,0,0,0,https://mbtegbgsvxbefyzyxlyr.supabase.co/storage/v1/object/public/user-data/groceries.png
Parivar 100gm,Piece,55,52,24,1320,1248,https://mbtegbgsvxbefyzyxlyr.supabase.co/storage/v1/object/public/user-data/groceries.png
Red Label 100gm,Piece,50,48,7,350,336,https://mbtegbgsvxbefyzyxlyr.supabase.co/storage/v1/object/public/user-data/groceries.png
Tata agni 500gm,Piece,140,130,4,560,520,https://mbtegbgsvxbefyzyxlyr.supabase.co/storage/v1/object/public/user-data/groceries.png
AARAMBH 500gm,Piece,151,140,3,453,420,https://mbtegbgsvxbefyzyxlyr.supabase.co/storage/v1/object/public/user-data/groceries.png
Sahyadri Elichi tea 250GM,Piece,105,99,0,0,0,https://mbtegbgsvxbefyzyxlyr.supabase.co/storage/v1/object/public/user-data/groceries.png
Sahyadri Kadak tea 250gm,Piece,95,92,2,190,184,https://mbtegbgsvxbefyzyxlyr.supabase.co/storage/v1/object/public/user-data/groceries.png
SUNEHRI TEA 250 gm,Piece,60,50,6,360,300,https://mbtegbgsvxbefyzyxlyr.supabase.co/storage/v1/object/public/user-data/groceries.png
GIRNAR 250gm,Piece,155,149,1,155,149,https://mbtegbgsvxbefyzyxlyr.supabase.co/storage/v1/object/public/user-data/groceries.png
GIRNAR 250gm,Piece,155,149,2,310,298,https://mbtegbgsvxbefyzyxlyr.supabase.co/storage/v1/object/public/user-data/groceries.png
Aarambh tea 250gm,Piece,170,160,4,680,640,https://mbtegbgsvxbefyzyxlyr.supabase.co/storage/v1/object/public/user-data/groceries.png
Aarambh 250GM.,Piece,76,69,1,76,69,https://mbtegbgsvxbefyzyxlyr.supabase.co/storage/v1/object/public/user-data/groceries.png
Sugar Free 10g,Piece,80,70,1,80,70,https://mbtegbgsvxbefyzyxlyr.supabase.co/storage/v1/object/public/user-data/groceries.png
sugar free 100gm,Piece,165,160,1,165,160,https://mbtegbgsvxbefyzyxlyr.supabase.co/storage/v1/object/public/user-data/groceries.png
Sugar Free 50gm,Piece,320,299,2,640,598,https://mbtegbgsvxbefyzyxlyr.supabase.co/storage/v1/object/public/user-data/groceries.png
Anarse pith 500g,Piece,120,99,10,1200,990,https://mbtegbgsvxbefyzyxlyr.supabase.co/storage/v1/object/public/user-data/groceries.png
LIPTON HONEY &LEMON 25tea bags,Piece,190,185,5,950,925,https://mbtegbgsvxbefyzyxlyr.supabase.co/storage/v1/object/public/user-data/groceries.png
NESTLE EVERYDAY 200gm,Piece,129,120,4,516,480,https://mbtegbgsvxbefyzyxlyr.supabase.co/storage/v1/object/public/user-data/groceries.png
parivar 10rs,Piece,10,10,28,280,280,https://mbtegbgsvxbefyzyxlyr.supabase.co/storage/v1/object/public/user-data/groceries.png
parivar rs 20,Piece,20,20,9,180,180,https://mbtegbgsvxbefyzyxlyr.supabase.co/storage/v1/object/public/user-data/groceries.png
Sahyadri rs 20,Piece,20,20,1,20,20,https://mbtegbgsvxbefyzyxlyr.supabase.co/storage/v1/object/public/user-data/groceries.png
Sahyadri 100gm,Piece,60,40,2,120,80,https://mbtegbgsvxbefyzyxlyr.supabase.co/storage/v1/object/public/user-data/groceries.png
Sahyadri Kadak tea 100gm,Piece,35,33,23,805,759,https://mbtegbgsvxbefyzyxlyr.supabase.co/storage/v1/object/public/user-data/groceries.png
Tea powder 50gm,Piece,50,25,1,50,25,https://mbtegbgsvxbefyzyxlyr.supabase.co/storage/v1/object/public/user-data/groceries.png
Tea powder 100gm,Piece,50,45,16,800,720,https://mbtegbgsvxbefyzyxlyr.supabase.co/storage/v1/object/public/user-data/groceries.png
Vidya insta 2 rs,Piece,2,2,290,580,580,https://mbtegbgsvxbefyzyxlyr.supabase.co/storage/v1/object/public/user-data/groceries.png
Bru Coffee 50gm,Piece,155,150,2,310,300,https://mbtegbgsvxbefyzyxlyr.supabase.co/storage/v1/object/public/user-data/groceries.png
NESCAFE 200gm,Piece,920,880,2,1840,1760,https://mbtegbgsvxbefyzyxlyr.supabase.co/storage/v1/object/public/user-data/groceries.png
NESCAFE CLAS.RIFILE 200,Piece,870,826,1,870,826,https://mbtegbgsvxbefyzyxlyr.supabase.co/storage/v1/object/public/user-data/groceries.png
vidya insta 50 gm,Piece,180,165,5,900,825,https://mbtegbgsvxbefyzyxlyr.supabase.co/storage/v1/object/public/user-data/groceries.png
TAJ MAHAL 100 TEA BAGS,Piece,220,210,7,1540,1470,https://mbtegbgsvxbefyzyxlyr.supabase.co/storage/v1/object/public/user-data/groceries.png
Lipton honey &lemon 100tea bags,Piece,710,699,7,4970,4893,https://mbtegbgsvxbefyzyxlyr.supabase.co/storage/v1/object/public/user-data/groceries.png
good day 150gm,Piece,25,24,27,675,648,https://mbtegbgsvxbefyzyxlyr.supabase.co/storage/v1/object/public/user-data/groceries.png
Brit.Maska chaska 114gm,Piece,30,29,10,300,290,https://mbtegbgsvxbefyzyxlyr.supabase.co/storage/v1/object/public/user-data/groceries.png
PARLE. Monaco 52.2gm,Piece,9,9,7,63,63,https://mbtegbgsvxbefyzyxlyr.supabase.co/storage/v1/object/public/user-data/groceries.png
Brit.good day 87.2gm,Piece,20,20,26,520,520,https://mbtegbgsvxbefyzyxlyr.supabase.co/storage/v1/object/public/user-data/groceries.png
Brit.good day pista badam 100gm,Piece,25,24,2,50,48,https://mbtegbgsvxbefyzyxlyr.supabase.co/storage/v1/object/public/user-data/groceries.png
Good day cashew cookies 200gm,Piece,45,44,2,90,88,https://mbtegbgsvxbefyzyxlyr.supabase.co/storage/v1/object/public/user-data/groceries.png
good day pista badam 200gm,Piece,49,47,1,49,47,https://mbtegbgsvxbefyzyxlyr.supabase.co/storage/v1/object/public/user-data/groceries.png
Brit.50 50 classic 200gm,Piece,35,34,-4,-140,-136,https://mbtegbgsvxbefyzyxlyr.supabase.co/storage/v1/object/public/user-data/groceries.png
parle g 250 gm,Piece,30,27,6,180,162,https://mbtegbgsvxbefyzyxlyr.supabase.co/storage/v1/object/public/user-data/groceries.png
Parle.Marie 239.7gm,Piece,36,35,0,0,0,https://mbtegbgsvxbefyzyxlyr.supabase.co/storage/v1/object/public/user-data/groceries.png
Brit.Marie gold 250gm,Piece,40,39,8,320,312,https://mbtegbgsvxbefyzyxlyr.supabase.co/storage/v1/object/public/user-data/groceries.png
brit.vita marie gold 150gm,Piece,25,25,6,150,150,https://mbtegbgsvxbefyzyxlyr.supabase.co/storage/v1/object/public/user-data/groceries.png
Brit.Marie Gold 200gm,Piece,30,29,24,720,696,https://mbtegbgsvxbefyzyxlyr.supabase.co/storage/v1/object/public/user-data/groceries.png
brit.vita marie gold 900gm,Piece,144,140,7,1008,980,https://mbtegbgsvxbefyzyxlyr.supabase.co/storage/v1/object/public/user-data/groceries.png
Parle g gluco 800gm,Piece,90,88,2,180,176,https://mbtegbgsvxbefyzyxlyr.supabase.co/storage/v1/object/public/user-data/groceries.png
brit.good day 565gm,Piece,160,155,0,0,0,https://mbtegbgsvxbefyzyxlyr.supabase.co/storage/v1/object/public/user-data/groceries.png
parle.krack jack 176.4gm,Piece,35,35,0,0,0,https://mbtegbgsvxbefyzyxlyr.supabase.co/storage/v1/object/public/user-data/groceries.png
unibic combo buy 1 get 1,Piece,45,45,1,45,45,https://mbtegbgsvxbefyzyxlyr.supabase.co/storage/v1/object/public/user-data/groceries.png
Parle Hide&seek 120gm,Piece,27,27,0,0,0,https://mbtegbgsvxbefyzyxlyr.supabase.co/storage/v1/object/public/user-data/groceries.png
Cadbury Oreo 108.55gm,Piece,26,25,4,104,100,https://mbtegbgsvxbefyzyxlyr.supabase.co/storage/v1/object/public/user-data/groceries.png
Bourn Vita biscuits 111.6 gm,Piece,30,30,12,360,360,https://mbtegbgsvxbefyzyxlyr.supabase.co/storage/v1/object/public/user-data/groceries.png
Brit.Milk Bikis 112.8 gm,Piece,30,29,-1,-30,-29,https://mbtegbgsvxbefyzyxlyr.supabase.co/storage/v1/object/public/user-data/groceries.png
Brit.Nice time 136.5gm,Piece,22.5,22,5,112.5,110,https://mbtegbgsvxbefyzyxlyr.supabase.co/storage/v1/object/public/user-data/groceries.png
parle.coconut 76gm,Piece,9,9,1,9,9,https://mbtegbgsvxbefyzyxlyr.supabase.co/storage/v1/object/public/user-data/groceries.png
parle.coconut 76gm,Piece,9,9,2,18,18,https://mbtegbgsvxbefyzyxlyr.supabase.co/storage/v1/object/public/user-data/groceries.png
Cadbury original oreo 41.75gm,Piece,10,10,5,50,50,https://mbtegbgsvxbefyzyxlyr.supabase.co/storage/v1/object/public/user-data/groceries.png
Unibic Choco nut cookies 75 gm,Piece,30,29,1,30,29,https://mbtegbgsvxbefyzyxlyr.supabase.co/storage/v1/object/public/user-data/groceries.png
unibic honey oatmeal cookies,Piece,27,27,11,297,297,https://mbtegbgsvxbefyzyxlyr.supabase.co/storage/v1/object/public/user-data/groceries.png
unibic jeera cookies,Piece,27,27,8,216,216,https://mbtegbgsvxbefyzyxlyr.supabase.co/storage/v1/object/public/user-data/groceries.png
unibic choco chip cookies,Piece,9,9,4,36,36,https://mbtegbgsvxbefyzyxlyr.supabase.co/storage/v1/object/public/user-data/groceries.png
Parle.magic ELAICHI,Piece,9,9,5,45,45,https://mbtegbgsvxbefyzyxlyr.supabase.co/storage/v1/object/public/user-data/groceries.png
parle magix chocolate,Piece,9,9,0,0,0,https://mbtegbgsvxbefyzyxlyr.supabase.co/storage/v1/object/public/user-data/groceries.png
parle.magix green Appel,Piece,9,9,1,9,9,https://mbtegbgsvxbefyzyxlyr.supabase.co/storage/v1/object/public/user-data/groceries.png
parle magix orange,Piece,9,9,1,9,9,https://mbtegbgsvxbefyzyxlyr.supabase.co/storage/v1/object/public/user-data/groceries.png
Dark Fantasy bourbon 63gm,Piece,10,10,3,30,30,https://mbtegbgsvxbefyzyxlyr.supabase.co/storage/v1/object/public/user-data/groceries.png
brit.50 50 potazos,Piece,25,24,11,275,264,https://mbtegbgsvxbefyzyxlyr.supabase.co/storage/v1/object/public/user-data/groceries.png
brit. 50 50 timepass,Piece,9,9,16,144,144,https://mbtegbgsvxbefyzyxlyr.supabase.co/storage/v1/object/public/user-data/groceries.png
parle 20-20 cashew,Piece,9,9,36,324,324,https://mbtegbgsvxbefyzyxlyr.supabase.co/storage/v1/object/public/user-data/groceries.png
brit. good day cashew 60.1gm,Piece,10,10,5,50,50,https://mbtegbgsvxbefyzyxlyr.supabase.co/storage/v1/object/public/user-data/groceries.png
kelloggis multigrain chocos rs10,Piece,10,10,79,790,790,https://mbtegbgsvxbefyzyxlyr.supabase.co/storage/v1/object/public/user-data/groceries.png
brit.marie gold 64gm,Piece,9,9,4,36,36,https://mbtegbgsvxbefyzyxlyr.supabase.co/storage/v1/object/public/user-data/groceries.png
Nice time 52.7gm,Piece,9,9,30,270,270,https://mbtegbgsvxbefyzyxlyr.supabase.co/storage/v1/object/public/user-data/groceries.png
parle.krackjack 56.7gm,Piece,9,9,64,576,576,https://mbtegbgsvxbefyzyxlyr.supabase.co/storage/v1/object/public/user-data/groceries.png
Parle g 90gm,Piece,9,9,6,54,54,https://mbtegbgsvxbefyzyxlyr.supabase.co/storage/v1/object/public/user-data/groceries.png
parle g oats&berries 75gm,Piece,9,9,7,63,63,https://mbtegbgsvxbefyzyxlyr.supabase.co/storage/v1/object/public/user-data/groceries.png
parle g royal 48gm,Piece,9,9,2,18,18,https://mbtegbgsvxbefyzyxlyr.supabase.co/storage/v1/object/public/user-data/groceries.png
parle g gold 68.75 gm,Piece,9,9,1,9,9,https://mbtegbgsvxbefyzyxlyr.supabase.co/storage/v1/object/public/user-data/groceries.png
brit.nutri choice 58gm,Piece,10,10,8,80,80,https://mbtegbgsvxbefyzyxlyr.supabase.co/storage/v1/object/public/user-data/groceries.png
brit.nutri choice oats&millets 75gm,Piece,22.5,22,7,157.5,154,https://mbtegbgsvxbefyzyxlyr.supabase.co/storage/v1/object/public/user-data/groceries.png
brit.treat,Piece,9,9,0,0,0,https://mbtegbgsvxbefyzyxlyr.supabase.co/storage/v1/object/public/user-data/groceries.png
sobisco orange treat 120gm,Piece,20,20,1,20,20,https://mbtegbgsvxbefyzyxlyr.supabase.co/storage/v1/object/public/user-data/groceries.png
parle.jamin,Piece,9,9,1,9,9,https://mbtegbgsvxbefyzyxlyr.supabase.co/storage/v1/object/public/user-data/groceries.png
parle top 63.7gm,Piece,9,9,1,9,9,https://mbtegbgsvxbefyzyxlyr.supabase.co/storage/v1/object/public/user-data/groceries.png
parle.milk shakti 75gm,Piece,9,9,0,0,0,https://mbtegbgsvxbefyzyxlyr.supabase.co/storage/v1/object/public/user-data/groceries.png
parle.bourbon 54gm,Piece,9,9,0,0,0,https://mbtegbgsvxbefyzyxlyr.supabase.co/storage/v1/object/public/user-data/groceries.png
brit.nutri choice 75gm,Piece,25,24,0,0,0,https://mbtegbgsvxbefyzyxlyr.supabase.co/storage/v1/object/public/user-data/groceries.png
sunfeast moms magic 54.4 gm,Piece,9,9,1,9,9,https://mbtegbgsvxbefyzyxlyr.supabase.co/storage/v1/object/public/user-data/groceries.png
Parle.marie 800gm,Piece,204,120,0,0,0,https://mbtegbgsvxbefyzyxlyr.supabase.co/storage/v1/object/public/user-data/groceries.png
parle.black bourbon 270gm,Piece,160,90,1,160,90,https://mbtegbgsvxbefyzyxlyr.supabase.co/storage/v1/object/public/user-data/groceries.png
Parle.Rusk 200gm,Piece,40,40,3,120,120,https://mbtegbgsvxbefyzyxlyr.supabase.co/storage/v1/object/public/user-data/groceries.png
brit.toastea 200gm,Piece,40,40,4,160,160,https://mbtegbgsvxbefyzyxlyr.supabase.co/storage/v1/object/public/user-data/groceries.png
brit.toastea 250gm,Piece,50,48,3,150,144,https://mbtegbgsvxbefyzyxlyr.supabase.co/storage/v1/object/public/user-data/groceries.png
Sawriya chips salted flavour 160gm,Piece,99,85,10,990,850,https://mbtegbgsvxbefyzyxlyr.supabase.co/storage/v1/object/public/user-data/groceries.png
sawriya chips masala flavour 160gm,Piece,99,85,9,891,765,https://mbtegbgsvxbefyzyxlyr.supabase.co/storage/v1/object/public/user-data/groceries.png
sawariya chips maggi masala 160gm,Piece,99,85,2,198,170,https://mbtegbgsvxbefyzyxlyr.supabase.co/storage/v1/object/public/user-data/groceries.png
sawriya chips salted 100gm,Piece,60,50,0,0,0,https://mbtegbgsvxbefyzyxlyr.supabase.co/storage/v1/object/public/user-data/groceries.png
sawriya chips masala 100gm,Piece,60,50,3,180,150,https://mbtegbgsvxbefyzyxlyr.supabase.co/storage/v1/object/public/user-data/groceries.png
khadke rajgira wadi 100gm,Piece,30,27,18,540,486,https://mbtegbgsvxbefyzyxlyr.supabase.co/storage/v1/object/public/user-data/groceries.png
khadke rajgira gulkand 100gm,Piece,35,30,6,210,180,https://mbtegbgsvxbefyzyxlyr.supabase.co/storage/v1/object/public/user-data/groceries.png
rajgira guddani 60gm,Piece,15,12,0,0,0,https://mbtegbgsvxbefyzyxlyr.supabase.co/storage/v1/object/public/user-data/groceries.png
rajgira ladoo 60gm,Piece,25,20,31,775,620,https://mbtegbgsvxbefyzyxlyr.supabase.co/storage/v1/object/public/user-data/groceries.png
brit. treat 515gm,Piece,180,90,5,900,450,https://mbtegbgsvxbefyzyxlyr.supabase.co/storage/v1/object/public/user-data/groceries.png
brit.treat choco cream 515 gm,Piece,180,90,4,720,360,https://mbtegbgsvxbefyzyxlyr.supabase.co/storage/v1/object/public/user-data/groceries.png
Patanjali Marie Biscuit 210gm,Piece,90,28,2,180,56,https://mbtegbgsvxbefyzyxlyr.supabase.co/storage/v1/object/public/user-data/groceries.png
Brit.vita marie Gold 900gm,Piece,144,140,0,0,0,https://mbtegbgsvxbefyzyxlyr.supabase.co/storage/v1/object/public/user-data/groceries.png
Gala Kitchen Moppy,Piece,90,60,5,450,300,https://mbtegbgsvxbefyzyxlyr.supabase.co/storage/v1/object/public/user-data/groceries.png
Doritos ternational,Piece,20,20,11,220,220,https://mbtegbgsvxbefyzyxlyr.supabase.co/storage/v1/object/public/user-data/groceries.png
Doritos sweet chilli,Piece,20,20,-1,-20,-20,https://mbtegbgsvxbefyzyxlyr.supabase.co/storage/v1/object/public/user-data/groceries.png
Kurkure schezwan chutney,Piece,20,20,9,180,180,https://mbtegbgsvxbefyzyxlyr.supabase.co/storage/v1/object/public/user-data/groceries.png
Lays Indiaâs magic masala,Piece,20,20,0,0,0,https://mbtegbgsvxbefyzyxlyr.supabase.co/storage/v1/object/public/user-data/groceries.png
kurkure naughty tomato,Piece,20,20,-25,-500,-500,https://mbtegbgsvxbefyzyxlyr.supabase.co/storage/v1/object/public/user-data/groceries.png
kurkure masala mumch,Piece,20,18,1,20,18,https://mbtegbgsvxbefyzyxlyr.supabase.co/storage/v1/object/public/user-data/groceries.png
Lays west indies hot,Piece,20,20,1,20,20,https://mbtegbgsvxbefyzyxlyr.supabase.co/storage/v1/object/public/user-data/groceries.png
Lays west indies hot,Piece,20,20,2,40,40,https://mbtegbgsvxbefyzyxlyr.supabase.co/storage/v1/object/public/user-data/groceries.png
Lays spanish tomato tango,Piece,20,20,6,120,120,https://mbtegbgsvxbefyzyxlyr.supabase.co/storage/v1/object/public/user-data/groceries.png
Lays sizzlin hot,Piece,20,20,1,20,20,https://mbtegbgsvxbefyzyxlyr.supabase.co/storage/v1/object/public/user-data/groceries.png
tomazoo tomato sauce,Piece,140,70,10,1400,700,https://mbtegbgsvxbefyzyxlyr.supabase.co/storage/v1/object/public/user-data/groceries.png
Bourn Vita 500gm,Piece,263,255,6,1578,1530,https://mbtegbgsvxbefyzyxlyr.supabase.co/storage/v1/object/public/user-data/groceries.png
Bourn Vita 200gm,Piece,138,135,3,414,405,https://mbtegbgsvxbefyzyxlyr.supabase.co/storage/v1/object/public/user-data/groceries.png
Dabur Honey 1Kg,Piece,495,482,2,990,964,https://mbtegbgsvxbefyzyxlyr.supabase.co/storage/v1/object/public/user-data/groceries.png
Dabur Honey 500gm,Piece,250,240,4,1000,960,https://mbtegbgsvxbefyzyxlyr.supabase.co/storage/v1/object/public/user-data/groceries.png
Dabur Honey 300gm,Piece,125,120,5,625,600,https://mbtegbgsvxbefyzyxlyr.supabase.co/storage/v1/object/public/user-data/groceries.png
Dabur Lal Tail 200ml,Piece,243,235,6,1458,1410,https://mbtegbgsvxbefyzyxlyr.supabase.co/storage/v1/object/public/user-data/groceries.png
Dabur Honitus Hot Sip 100ml,Piece,125,120,6,750,720,https://mbtegbgsvxbefyzyxlyr.supabase.co/storage/v1/object/public/user-data/groceries.png
Dabur Honitus Adulsa cough Syrup,Piece,99,95,5,495,475,https://mbtegbgsvxbefyzyxlyr.supabase.co/storage/v1/object/public/user-data/groceries.png
Dabur Lal tail 50ml,Piece,75,70,10,750,700,https://mbtegbgsvxbefyzyxlyr.supabase.co/storage/v1/object/public/user-data/groceries.png
Dabur Lal Tail 100ml,Piece,150,145,2,300,290,https://mbtegbgsvxbefyzyxlyr.supabase.co/storage/v1/object/public/user-data/groceries.png
Dabur Honey 100gm,Piece,70,65,7,490,455,https://mbtegbgsvxbefyzyxlyr.supabase.co/storage/v1/object/public/user-data/groceries.png
Dabur Honey 50gm,Piece,45,43,27,1215,1161,https://mbtegbgsvxbefyzyxlyr.supabase.co/storage/v1/object/public/user-data/groceries.png
Maggi masala 5rs,Piece,5,5,1,5,5,https://mbtegbgsvxbefyzyxlyr.supabase.co/storage/v1/object/public/user-data/groceries.png
funfoods veg mayonnaise 50gm,Piece,25,25,7,175,175,https://mbtegbgsvxbefyzyxlyr.supabase.co/storage/v1/object/public/user-data/groceries.png
Smith & Jones peri peri masala,Piece,5,5,7,35,35,https://mbtegbgsvxbefyzyxlyr.supabase.co/storage/v1/object/public/user-data/groceries.png
Smith&jones pasta masala,Piece,5,5,55,275,275,https://mbtegbgsvxbefyzyxlyr.supabase.co/storage/v1/object/public/user-data/groceries.png
Nutella 180gm,Piece,225,220,6,1350,1320,https://mbtegbgsvxbefyzyxlyr.supabase.co/storage/v1/object/public/user-data/groceries.png
Kissan peanut butter crunchy 350gm,Piece,175,170,1,175,170,https://mbtegbgsvxbefyzyxlyr.supabase.co/storage/v1/object/public/user-data/groceries.png
Kissan peanut butter 350gm,Piece,175,170,4,700,680,https://mbtegbgsvxbefyzyxlyr.supabase.co/storage/v1/object/public/user-data/groceries.png
Dr.Oteker Funfoods Peanut Butter With Chocolate 400g,Pc,185,169,0,0,0,File: '/storage/emulated/0/Android/data/com.apnidukan.my_app/files/Pictures/scaled_image_picker2138368026480543193.jpg'
Mapro mix fruit jam 90gm,Piece,20,20,7,140,140,https://mbtegbgsvxbefyzyxlyr.supabase.co/storage/v1/object/public/user-data/groceries.png
Patanjali Appel vinegar 500ml,Piece,130,120,1,130,120,https://mbtegbgsvxbefyzyxlyr.supabase.co/storage/v1/object/public/user-data/groceries.png
Eko Ginger Garlic Paste 30gm,Piece,5,5,0,0,0,https://mbtegbgsvxbefyzyxlyr.supabase.co/storage/v1/object/public/user-data/groceries.png
Dabur Garlic Chutney 200gm,Piece,120,110,1,120,110,https://mbtegbgsvxbefyzyxlyr.supabase.co/storage/v1/object/public/user-data/groceries.png
Knorr pizza& pasta sauce 200gm,Piece,60,55,1,60,55,https://mbtegbgsvxbefyzyxlyr.supabase.co/storage/v1/object/public/user-data/groceries.png
wingreens Tandoori mayo,Piece,50,45,5,250,225,https://mbtegbgsvxbefyzyxlyr.supabase.co/storage/v1/object/public/user-data/groceries.png
wingreens chipotle mayo 180gm,Piece,75,70,6,450,420,https://mbtegbgsvxbefyzyxlyr.supabase.co/storage/v1/object/public/user-data/groceries.png
Funfoods veg mayonnaise 100gm,Piece,46,45,0,0,0,https://mbtegbgsvxbefyzyxlyr.supabase.co/storage/v1/object/public/user-data/groceries.png
cookwell veg mayonnaise 100gm,Piece,42,40,0,0,0,https://mbtegbgsvxbefyzyxlyr.supabase.co/storage/v1/object/public/user-data/groceries.png
Smith &Jones Ginger Garlic Paste 200 g,Pc,50,50,0,0,0,https://mbtegbgsvxbefyzyxlyr.supabase.co/storage/v1/object/public/user-data/groceries.png
Smith & Jones Ginger Garlic Paste 200gm,Piece,47,45,2,94,90,https://mbtegbgsvxbefyzyxlyr.supabase.co/storage/v1/object/public/user-data/groceries.png
maggi imli sauce 75gm,Piece,22,20,24,528,480,https://mbtegbgsvxbefyzyxlyr.supabase.co/storage/v1/object/public/user-data/groceries.png
Maggi rich tomato pichkoo 75gm,Piece,15,15,27,405,405,https://mbtegbgsvxbefyzyxlyr.supabase.co/storage/v1/object/public/user-data/groceries.png
patanjali noodles 70gm,Piece,15,15,1,15,15,https://mbtegbgsvxbefyzyxlyr.supabase.co/storage/v1/object/public/user-data/groceries.png
maggi chikan noodles 76gm,Piece,20,20,0,0,0,https://mbtegbgsvxbefyzyxlyr.supabase.co/storage/v1/object/public/user-data/groceries.png
maggi chikan noodles 71gm,Piece,20,20,-1,-20,-20,https://mbtegbgsvxbefyzyxlyr.supabase.co/storage/v1/object/public/user-data/groceries.png
Navratna khakhra,Piece,75,60,5,375,300,https://mbtegbgsvxbefyzyxlyr.supabase.co/storage/v1/object/public/user-data/groceries.png
maggi Masala a magic 72gm,Piece,60,58,6,360,348,https://mbtegbgsvxbefyzyxlyr.supabase.co/storage/v1/object/public/user-data/groceries.png
Maggi 140gm,Piece,30,29,23,690,667,https://mbtegbgsvxbefyzyxlyr.supabase.co/storage/v1/object/public/user-data/groceries.png
Pringles tangy tomato twist 102gm,Piece,110,108,11,1210,1188,https://mbtegbgsvxbefyzyxlyr.supabase.co/storage/v1/object/public/user-data/groceries.png
Shree krishn Farsan,Piece,160,80,38,6080,3040,https://mbtegbgsvxbefyzyxlyr.supabase.co/storage/v1/object/public/user-data/groceries.png
Shree Krishna farsan,Piece,160,80,18,2880,1440,https://mbtegbgsvxbefyzyxlyr.supabase.co/storage/v1/object/public/user-data/groceries.png
Chitale farsan,Piece,76,73,1,76,73,https://mbtegbgsvxbefyzyxlyr.supabase.co/storage/v1/object/public/user-data/groceries.png
Laxminarayan Farali chiwda 200gm,Piece,60,55,0,0,0,https://mbtegbgsvxbefyzyxlyr.supabase.co/storage/v1/object/public/user-data/groceries.png
Laxmi Narayan best Chiwda,Piece,90,80,0,0,0,https://mbtegbgsvxbefyzyxlyr.supabase.co/storage/v1/object/public/user-data/groceries.png
chitale bakarwadi 500gm,Piece,190,180,1,190,180,https://mbtegbgsvxbefyzyxlyr.supabase.co/storage/v1/object/public/user-data/groceries.png
Chitale Bakarwadi 250gm,Piece,95,90,3,285,270,https://mbtegbgsvxbefyzyxlyr.supabase.co/storage/v1/object/public/user-data/groceries.png
maggi pazzta masala penno,Piece,64,62,1,64,62,https://mbtegbgsvxbefyzyxlyr.supabase.co/storage/v1/object/public/user-data/groceries.png
maggi pazzta cheese macaroni,Piece,64,62,1,64,62,https://mbtegbgsvxbefyzyxlyr.supabase.co/storage/v1/object/public/user-data/groceries.png
knorr thick tomato soup 51gm,Piece,65,60,11,715,660,https://mbtegbgsvxbefyzyxlyr.supabase.co/storage/v1/object/public/user-data/groceries.png
Knorr Mexican tomato corn,Piece,75,70,3,225,210,https://mbtegbgsvxbefyzyxlyr.supabase.co/storage/v1/object/public/user-data/groceries.png
Knorr International Italian Mushroom Soup 46 g,Pc,70,70,0,0,0,https://mbtegbgsvxbefyzyxlyr.supabase.co/storage/v1/object/public/user-data/266568_12-knorr-international-italian-mushroom-soup.jpg
Knorr italian mushroom soup,Piece,70,65,7,490,455,https://mbtegbgsvxbefyzyxlyr.supabase.co/storage/v1/object/public/user-data/groceries.png
knorr mixed vegetables soup 40gm,Piece,65,60,9,585,540,https://mbtegbgsvxbefyzyxlyr.supabase.co/storage/v1/object/public/user-data/groceries.png
Kissan sweet & Spicy,Piece,75,70,-2,-150,-140,https://mbtegbgsvxbefyzyxlyr.supabase.co/storage/v1/object/public/user-data/groceries.png
Kissan fresh tomato 850gm,Piece,93,90,3,279,270,https://mbtegbgsvxbefyzyxlyr.supabase.co/storage/v1/object/public/user-data/groceries.png
Kissan Ketchup Tomato 85gm,Pc,15,15,-10,-150,-150,https://mbtegbgsvxbefyzyxlyr.supabase.co/storage/v1/object/public/user-data/Kissan_Ketchup_Tomato_1681890496250.png
Kissan fresh tomato 95gm,Piece,15,15,18,270,270,https://mbtegbgsvxbefyzyxlyr.supabase.co/storage/v1/object/public/user-data/groceries.png
suhana pravin tomato ketchup 75gm,Piece,14,14,13,182,182,https://mbtegbgsvxbefyzyxlyr.supabase.co/storage/v1/object/public/user-data/groceries.png
Disano Apple Cider Vinegar With Mother Vinegar 500 ml Bottle,Pc,495,495,0,0,0,https://mbtegbgsvxbefyzyxlyr.supabase.co/storage/v1/object/public/user-data/40159677_1-disano-apple-cider-vinegar-with-mother-vinegar.jpg
disano cider vinegar 500ml,Piece,495,399,4,1980,1596,https://mbtegbgsvxbefyzyxlyr.supabase.co/storage/v1/object/public/user-data/groceries.png
apis mixed fruit jam 450gm,Piece,199,180,2,398,360,https://mbtegbgsvxbefyzyxlyr.supabase.co/storage/v1/object/public/user-data/groceries.png
mapro mix fruit jam 1kg,Piece,297,189,8,2376,1512,https://mbtegbgsvxbefyzyxlyr.supabase.co/storage/v1/object/public/user-data/groceries.png
kissan mixed fruit 700gm,Piece,270,249,1,270,249,https://mbtegbgsvxbefyzyxlyr.supabase.co/storage/v1/object/public/user-data/groceries.png
mapro mix fruit jam 260gm,Piece,90,85,2,180,170,https://mbtegbgsvxbefyzyxlyr.supabase.co/storage/v1/object/public/user-data/groceries.png
funfoods pizza topping,Piece,99,95,0,0,0,https://mbtegbgsvxbefyzyxlyr.supabase.co/storage/v1/object/public/user-data/groceries.png
kissan mango jam 188gm,Piece,95,90,13,1235,1170,https://mbtegbgsvxbefyzyxlyr.supabase.co/storage/v1/object/public/user-data/groceries.png
MTR UPMA,Piece,30,25,1,30,25,https://mbtegbgsvxbefyzyxlyr.supabase.co/storage/v1/object/public/user-data/groceries.png
MTR POHA,Piece,30,25,3,90,75,https://mbtegbgsvxbefyzyxlyr.supabase.co/storage/v1/object/public/user-data/groceries.png
Chings Hakka Noodles 20gm,Piece,10,10,38,380,380,https://mbtegbgsvxbefyzyxlyr.supabase.co/storage/v1/object/public/user-data/groceries.png
chings Manchow 12gm,Piece,10,10,25,250,250,https://mbtegbgsvxbefyzyxlyr.supabase.co/storage/v1/object/public/user-data/groceries.png
suhana chilli Garlic,Piece,28,27,13,364,351,https://mbtegbgsvxbefyzyxlyr.supabase.co/storage/v1/object/public/user-data/groceries.png
suhana red chilli sauce 90gm,Piece,23,23,6,138,138,https://mbtegbgsvxbefyzyxlyr.supabase.co/storage/v1/object/public/user-data/groceries.png
Suhana soya sauce 90gm,Piece,23,23,2,46,46,https://mbtegbgsvxbefyzyxlyr.supabase.co/storage/v1/object/public/user-data/groceries.png
suhana green chilli sauce,Piece,23,23,-1,-23,-23,https://mbtegbgsvxbefyzyxlyr.supabase.co/storage/v1/object/public/user-data/groceries.png
Maggi Atta Noodles Rs 30,Pc,30,30,0,0,0,https://mbtegbgsvxbefyzyxlyr.supabase.co/storage/v1/object/public/user-data/groceries.png
maggi veg atta 72.5 gm,Piece,28,28,24,672,672,https://mbtegbgsvxbefyzyxlyr.supabase.co/storage/v1/object/public/user-data/groceries.png
maggi rs 7,Piece,7,7,0,0,0,https://mbtegbgsvxbefyzyxlyr.supabase.co/storage/v1/object/public/user-data/groceries.png
maggi 75gm,Piece,15,15,-1,-15,-15,https://mbtegbgsvxbefyzyxlyr.supabase.co/storage/v1/object/public/user-data/groceries.png
Mauli Farsan B1G1,Piece,140,70,13,1820,910,https://mbtegbgsvxbefyzyxlyr.supabase.co/storage/v1/object/public/user-data/groceries.png
radhika farsan b1g1,Piece,120,60,32,3840,1920,https://mbtegbgsvxbefyzyxlyr.supabase.co/storage/v1/object/public/user-data/groceries.png
yippee rs 15,Piece,15,15,2,30,30,https://mbtegbgsvxbefyzyxlyr.supabase.co/storage/v1/object/public/user-data/groceries.png
yippee noodles 145.2gm,Piece,30,29,10,300,290,https://mbtegbgsvxbefyzyxlyr.supabase.co/storage/v1/object/public/user-data/groceries.png
Nissan korean kimchi 400gm,Piece,270,149,0,0,0,https://mbtegbgsvxbefyzyxlyr.supabase.co/storage/v1/object/public/user-data/groceries.png
yippee noodles 290gm,Piece,100,95,15,1500,1425,https://mbtegbgsvxbefyzyxlyr.supabase.co/storage/v1/object/public/user-data/groceries.png
knorr soupy noodles 200gm,Piece,80,75,4,320,300,https://mbtegbgsvxbefyzyxlyr.supabase.co/storage/v1/object/public/user-data/groceries.png
cookwell pizza topping,Piece,42,40,8,336,320,https://mbtegbgsvxbefyzyxlyr.supabase.co/storage/v1/object/public/user-data/groceries.png
cookwell pasta pizza sauce,Piece,42,40,0,0,0,https://mbtegbgsvxbefyzyxlyr.supabase.co/storage/v1/object/public/user-data/groceries.png
knorr chicken delite soup,Piece,65,60,7,455,420,https://mbtegbgsvxbefyzyxlyr.supabase.co/storage/v1/object/public/user-data/groceries.png
knorr tomato chatpata,Piece,10,10,15,150,150,https://mbtegbgsvxbefyzyxlyr.supabase.co/storage/v1/object/public/user-data/groceries.png
knorr mixed vegetable soup,Piece,10,10,14,140,140,https://mbtegbgsvxbefyzyxlyr.supabase.co/storage/v1/object/public/user-data/groceries.png
knorr sweet corn veg,Piece,10,10,0,0,0,https://mbtegbgsvxbefyzyxlyr.supabase.co/storage/v1/object/public/user-data/groceries.png
knorr manchow veg,Piece,10,10,0,0,0,https://mbtegbgsvxbefyzyxlyr.supabase.co/storage/v1/object/public/user-data/groceries.png
knorr Schezwan spicy chutney,Piece,10,10,1,10,10,https://mbtegbgsvxbefyzyxlyr.supabase.co/storage/v1/object/public/user-data/groceries.png
chings paneer chilli masala mix,Piece,10,10,3,30,30,https://mbtegbgsvxbefyzyxlyr.supabase.co/storage/v1/object/public/user-data/groceries.png
chings Schezwan chutney,Piece,10,10,0,0,0,https://mbtegbgsvxbefyzyxlyr.supabase.co/storage/v1/object/public/user-data/groceries.png
chings red chilli sauce 200gm,Piece,56,50,1,56,50,https://mbtegbgsvxbefyzyxlyr.supabase.co/storage/v1/object/public/user-data/groceries.png
Chings Dark Soy Sauce,Piece,60,55,0,0,0,https://mbtegbgsvxbefyzyxlyr.supabase.co/storage/v1/object/public/user-data/groceries.png
hillers dark soya sauce 200gm,Piece,60,30,0,0,0,https://mbtegbgsvxbefyzyxlyr.supabase.co/storage/v1/object/public/user-data/groceries.png
testo vinegar 200ml,Piece,40,30,3,120,90,https://mbtegbgsvxbefyzyxlyr.supabase.co/storage/v1/object/public/user-data/groceries.png
hillers green chilli sauce,Piece,60,30,0,0,0,https://mbtegbgsvxbefyzyxlyr.supabase.co/storage/v1/object/public/user-data/groceries.png
chings green chilli sauce,Piece,60,55,13,780,715,https://mbtegbgsvxbefyzyxlyr.supabase.co/storage/v1/object/public/user-data/groceries.png
Nissan cup noodles,Piece,52,50,11,572,550,https://mbtegbgsvxbefyzyxlyr.supabase.co/storage/v1/object/public/user-data/groceries.png
cup noodles roganjosh,Piece,52,50,5,260,250,https://mbtegbgsvxbefyzyxlyr.supabase.co/storage/v1/object/public/user-data/groceries.png
cup noodles spiced chicken,Piece,52,50,7,364,350,https://mbtegbgsvxbefyzyxlyr.supabase.co/storage/v1/object/public/user-data/groceries.png
cup noodles italiano,Piece,52,50,3,156,150,https://mbtegbgsvxbefyzyxlyr.supabase.co/storage/v1/object/public/user-data/groceries.png
sunfeast yippee quik mealz,Piece,50,48,6,300,288,https://mbtegbgsvxbefyzyxlyr.supabase.co/storage/v1/object/public/user-data/groceries.png
maggi masala cuppa,Piece,52,50,1,52,50,https://mbtegbgsvxbefyzyxlyr.supabase.co/storage/v1/object/public/user-data/groceries.png
wicked gud mas.noodles,Piece,60,55,1,60,55,https://mbtegbgsvxbefyzyxlyr.supabase.co/storage/v1/object/public/user-data/groceries.png
maggi 600gm,Piece,116,113,22,2552,2486,https://mbtegbgsvxbefyzyxlyr.supabase.co/storage/v1/object/public/user-data/groceries.png
maggi 300gm,Piece,58,56,18,1044,1008,https://mbtegbgsvxbefyzyxlyr.supabase.co/storage/v1/object/public/user-data/groceries.png
maggi veg atta 290gm,Piece,108,105,7,756,735,https://mbtegbgsvxbefyzyxlyr.supabase.co/storage/v1/object/public/user-data/groceries.png
maggi chikan noodles 304gm,Piece,80,78,11,880,858,https://mbtegbgsvxbefyzyxlyr.supabase.co/storage/v1/object/public/user-data/groceries.png
yippee 290.4gm,Piece,60,58,32,1920,1856,https://mbtegbgsvxbefyzyxlyr.supabase.co/storage/v1/object/public/user-data/groceries.png
Laxmi Narayan spl.misal farsan,Piece,120,115,0,0,0,https://mbtegbgsvxbefyzyxlyr.supabase.co/storage/v1/object/public/user-data/groceries.png
Shree Krishna farsan,Piece,160,80,-1,-160,-80,https://mbtegbgsvxbefyzyxlyr.supabase.co/storage/v1/object/public/user-data/groceries.png
Real fruit power 1L,Piece,122,115,0,0,0,https://mbtegbgsvxbefyzyxlyr.supabase.co/storage/v1/object/public/user-data/groceries.png
pepsi zero sugar,Piece,40,37,2,80,74,https://mbtegbgsvxbefyzyxlyr.supabase.co/storage/v1/object/public/user-data/groceries.png
Frooti 150ml,Piece,10,10,1,10,10,https://mbtegbgsvxbefyzyxlyr.supabase.co/storage/v1/object/public/user-data/groceries.png
frooti 300ml,Piece,18,18,11,198,198,https://mbtegbgsvxbefyzyxlyr.supabase.co/storage/v1/object/public/user-data/groceries.png
Hell,Piece,60,58,12,720,696,https://mbtegbgsvxbefyzyxlyr.supabase.co/storage/v1/object/public/user-data/groceries.png
red bull,Piece,125,110,18,2250,1980,https://mbtegbgsvxbefyzyxlyr.supabase.co/storage/v1/object/public/user-data/groceries.png
thums up 250ml,Piece,20,20,7,140,140,https://mbtegbgsvxbefyzyxlyr.supabase.co/storage/v1/object/public/user-data/groceries.png
coca cola 20rs,Piece,20,20,9,180,180,https://mbtegbgsvxbefyzyxlyr.supabase.co/storage/v1/object/public/user-data/groceries.png
jeera soda masala,Piece,20,20,18,360,360,https://mbtegbgsvxbefyzyxlyr.supabase.co/storage/v1/object/public/user-data/groceries.png
sting,Piece,20,20,25,500,500,https://mbtegbgsvxbefyzyxlyr.supabase.co/storage/v1/object/public/user-data/groceries.png
appy fizz rs10,Piece,10,10,5,50,50,https://mbtegbgsvxbefyzyxlyr.supabase.co/storage/v1/object/public/user-data/groceries.png
paper boat coconut water,Piece,50,45,2,100,90,https://mbtegbgsvxbefyzyxlyr.supabase.co/storage/v1/object/public/user-data/groceries.png
smoodh,Piece,10,10,16,160,160,https://mbtegbgsvxbefyzyxlyr.supabase.co/storage/v1/object/public/user-data/groceries.png
Diet Coke,Piece,40,37,3,120,111,https://mbtegbgsvxbefyzyxlyr.supabase.co/storage/v1/object/public/user-data/groceries.png
thums up,Piece,40,37,3,120,111,https://mbtegbgsvxbefyzyxlyr.supabase.co/storage/v1/object/public/user-data/groceries.png
Sprite 250ml,Piece,20,20,25,500,500,https://mbtegbgsvxbefyzyxlyr.supabase.co/storage/v1/object/public/user-data/groceries.png
appy fizz rs10,Piece,10,10,8,80,80,https://mbtegbgsvxbefyzyxlyr.supabase.co/storage/v1/object/public/user-data/groceries.png
smoodh chocolate,Piece,10,10,7,70,70,https://mbtegbgsvxbefyzyxlyr.supabase.co/storage/v1/object/public/user-data/groceries.png
paper boat apple,Piece,24,22,1,24,22,https://mbtegbgsvxbefyzyxlyr.supabase.co/storage/v1/object/public/user-data/groceries.png
paper boat aamras,Piece,24,22,4,96,88,https://mbtegbgsvxbefyzyxlyr.supabase.co/storage/v1/object/public/user-data/groceries.png
paper boat swing zesty,Piece,39,39,4,156,156,https://mbtegbgsvxbefyzyxlyr.supabase.co/storage/v1/object/public/user-data/groceries.png
tutti frutti 200gm,Piece,40,35,3,120,105,https://mbtegbgsvxbefyzyxlyr.supabase.co/storage/v1/object/public/user-data/groceries.png
tooti fruti,Piece,30,25,5,150,125,https://mbtegbgsvxbefyzyxlyr.supabase.co/storage/v1/object/public/user-data/groceries.png
Go cheese slices B1G1,Piece,190,95,3,570,285,https://mbtegbgsvxbefyzyxlyr.supabase.co/storage/v1/object/public/user-data/groceries.png
Brit.the laughing cow,Piece,150,129,1,150,129,https://mbtegbgsvxbefyzyxlyr.supabase.co/storage/v1/object/public/user-data/groceries.png
go cheese cube,Piece,20,15,57,1140,855,https://mbtegbgsvxbefyzyxlyr.supabase.co/storage/v1/object/public/user-data/groceries.png
Trimurti sweet corn,Piece,115,99,1,115,99,https://mbtegbgsvxbefyzyxlyr.supabase.co/storage/v1/object/public/user-data/groceries.png
Go cheese slices B1G1,Piece,190,95,-2,-380,-190,https://mbtegbgsvxbefyzyxlyr.supabase.co/storage/v1/object/public/user-data/groceries.png
Amul Cheese,Piece,80,70,0,0,0,https://mbtegbgsvxbefyzyxlyr.supabase.co/storage/v1/object/public/user-data/groceries.png
Amul Butter 200gm,Piece,118,109,0,0,0,https://mbtegbgsvxbefyzyxlyr.supabase.co/storage/v1/object/public/user-data/groceries.png
feelgud cube 500gm,Piece,100,70,131,13100,9170,https://mbtegbgsvxbefyzyxlyr.supabase.co/storage/v1/object/public/user-data/groceries.png
feelgud powder 500gm,Piece,100,75,108,10800,8100,https://mbtegbgsvxbefyzyxlyr.supabase.co/storage/v1/object/public/user-data/groceries.png
"feelgud jaggery ,900gm",Piece,200,70,60,12000,4200,https://mbtegbgsvxbefyzyxlyr.supabase.co/storage/v1/object/public/user-data/groceries.png
Kellogg's chocos 1.05kg,Piece,550,499,7,3850,3493,https://mbtegbgsvxbefyzyxlyr.supabase.co/storage/v1/object/public/user-data/groceries.png
Kellogg's chocos 250gm,Piece,136,130,1,136,130,https://mbtegbgsvxbefyzyxlyr.supabase.co/storage/v1/object/public/user-data/groceries.png
Kellogg's chocolate muesli,Piece,355,349,0,0,0,https://mbtegbgsvxbefyzyxlyr.supabase.co/storage/v1/object/public/user-data/groceries.png
yoga bar super muesli 700gm,Piece,429,415,0,0,0,https://mbtegbgsvxbefyzyxlyr.supabase.co/storage/v1/object/public/user-data/groceries.png
gits jalebi,Piece,85,75,1,85,75,https://mbtegbgsvxbefyzyxlyr.supabase.co/storage/v1/object/public/user-data/groceries.png
gits rabdi,Piece,99,89,1,99,89,https://mbtegbgsvxbefyzyxlyr.supabase.co/storage/v1/object/public/user-data/groceries.png
cookwell smc,Piece,53,49,3,159,147,https://mbtegbgsvxbefyzyxlyr.supabase.co/storage/v1/object/public/user-data/groceries.png
cookwell icing sugar,Piece,33,30,2,66,60,https://mbtegbgsvxbefyzyxlyr.supabase.co/storage/v1/object/public/user-data/groceries.png
cookwell custod powder,Piece,48,45,1,48,45,https://mbtegbgsvxbefyzyxlyr.supabase.co/storage/v1/object/public/user-data/groceries.png
complan 200gm,Piece,145,140,1,145,140,https://mbtegbgsvxbefyzyxlyr.supabase.co/storage/v1/object/public/user-data/groceries.png
itc pav bhaji,Piece,130,99,2,260,198,https://mbtegbgsvxbefyzyxlyr.supabase.co/storage/v1/object/public/user-data/groceries.png
rice idli mix 500gm,Piece,125,99,0,0,0,https://mbtegbgsvxbefyzyxlyr.supabase.co/storage/v1/object/public/user-data/groceries.png
gits inst.mix idli,Piece,80,70,0,0,0,https://mbtegbgsvxbefyzyxlyr.supabase.co/storage/v1/object/public/user-data/groceries.png
moments falooda mix kesar,Piece,80,45,1,80,45,https://mbtegbgsvxbefyzyxlyr.supabase.co/storage/v1/object/public/user-data/groceries.png
chitale inst.khaman mix,Piece,50,45,0,0,0,https://mbtegbgsvxbefyzyxlyr.supabase.co/storage/v1/object/public/user-data/groceries.png
moms choice falooda mix vanilla,Piece,80,40,1,80,40,https://mbtegbgsvxbefyzyxlyr.supabase.co/storage/v1/object/public/user-data/groceries.png
MTR DOSA 500GM,Piece,155,140,6,930,840,https://mbtegbgsvxbefyzyxlyr.supabase.co/storage/v1/object/public/user-data/groceries.png
weikfield falooda strawberry,Piece,90,75,6,540,450,https://mbtegbgsvxbefyzyxlyr.supabase.co/storage/v1/object/public/user-data/groceries.png
Saral Papad 200gm,Piece,70,60,45,3150,2700,https://mbtegbgsvxbefyzyxlyr.supabase.co/storage/v1/object/public/user-data/groceries.png
udid papad 500gm,Piece,220,179,4,880,716,https://mbtegbgsvxbefyzyxlyr.supabase.co/storage/v1/object/public/user-data/groceries.png
udid papad 200gm,Piece,140,70,3,420,210,https://mbtegbgsvxbefyzyxlyr.supabase.co/storage/v1/object/public/user-data/groceries.png
udid papad 200gm,Piece,140,70,0,0,0,https://mbtegbgsvxbefyzyxlyr.supabase.co/storage/v1/object/public/user-data/groceries.png
Saral Papad 200gm,Piece,70,60,-18,-1260,-1080,https://mbtegbgsvxbefyzyxlyr.supabase.co/storage/v1/object/public/user-data/groceries.png
Lijjat Papad 200gm,Piece,77,74,3,231,222,https://mbtegbgsvxbefyzyxlyr.supabase.co/storage/v1/object/public/user-data/groceries.png
lijjat papad 1kg,Piece,366,355,1,366,355,https://mbtegbgsvxbefyzyxlyr.supabase.co/storage/v1/object/public/user-data/groceries.png
Appu papad,Piece,80,50,1,80,50,https://mbtegbgsvxbefyzyxlyr.supabase.co/storage/v1/object/public/user-data/groceries.png
glucon D,Piece,74,70,38,2812,2660,https://mbtegbgsvxbefyzyxlyr.supabase.co/storage/v1/object/public/user-data/groceries.png
Glucon D 500gm,Piece,135,125,10,1350,1250,https://mbtegbgsvxbefyzyxlyr.supabase.co/storage/v1/object/public/user-data/groceries.png
Rasna 20gm,Piece,50,25,6,300,150,https://mbtegbgsvxbefyzyxlyr.supabase.co/storage/v1/object/public/user-data/groceries.png
Rasna 20gm,Piece,50,30,16,800,480,https://mbtegbgsvxbefyzyxlyr.supabase.co/storage/v1/object/public/user-data/groceries.png
glucon d 200gm,Piece,89,80,1,89,80,https://mbtegbgsvxbefyzyxlyr.supabase.co/storage/v1/object/public/user-data/groceries.png
Ensure vanilla flavour,Piece,440,220,4,1760,880,https://mbtegbgsvxbefyzyxlyr.supabase.co/storage/v1/object/public/user-data/groceries.png
Pediasure,Piece,420,210,2,840,420,https://mbtegbgsvxbefyzyxlyr.supabase.co/storage/v1/object/public/user-data/groceries.png
kelloggis muesli fruitnut&seeds,Piece,60,58,18,1080,1044,https://mbtegbgsvxbefyzyxlyr.supabase.co/storage/v1/object/public/user-data/groceries.png
Kellogg's chocolate muesli 60gm,Piece,52,50,12,624,600,https://mbtegbgsvxbefyzyxlyr.supabase.co/storage/v1/object/public/user-data/groceries.png
Kellogg's chocos 127gm,Piece,70,65,2,140,130,https://mbtegbgsvxbefyzyxlyr.supabase.co/storage/v1/object/public/user-data/groceries.png
Kellogg's muesli fruitnut&seeds 240gm,Piece,177,170,1,177,170,https://mbtegbgsvxbefyzyxlyr.supabase.co/storage/v1/object/public/user-data/groceries.png
Kellogg's corn flakes 250gm,Piece,125,99,1,125,99,https://mbtegbgsvxbefyzyxlyr.supabase.co/storage/v1/object/public/user-data/groceries.png
Kellogg's muesli fruitnut&seeds 240gm,Piece,177,170,0,0,0,https://mbtegbgsvxbefyzyxlyr.supabase.co/storage/v1/object/public/user-data/groceries.png
Kellogg's Nuts Delight,Piece,177,170,3,531,510,https://mbtegbgsvxbefyzyxlyr.supabase.co/storage/v1/object/public/user-data/groceries.png
kelloggis corn flakes 251gm,Piece,99,90,1,99,90,https://mbtegbgsvxbefyzyxlyr.supabase.co/storage/v1/object/public/user-data/groceries.png
Saffola muesli choco crunch 400gm,Piece,390,330,4,1560,1320,https://mbtegbgsvxbefyzyxlyr.supabase.co/storage/v1/object/public/user-data/groceries.png
kelloggis muesli Fruit magic 50pgm,Piece,346,340,2,692,680,https://mbtegbgsvxbefyzyxlyr.supabase.co/storage/v1/object/public/user-data/groceries.png
kelloggis oats 400gm,Piece,87,84,3,261,252,https://mbtegbgsvxbefyzyxlyr.supabase.co/storage/v1/object/public/user-data/groceries.png
Saffola Oats 500gm,Piece,99,95,2,198,190,https://mbtegbgsvxbefyzyxlyr.supabase.co/storage/v1/object/public/user-data/groceries.png
kelloggis corn flakes 120gm,Piece,53,50,6,318,300,https://mbtegbgsvxbefyzyxlyr.supabase.co/storage/v1/object/public/user-data/groceries.png
Dabur Sat Isabgol 120gm,Piece,190,170,1,190,170,https://mbtegbgsvxbefyzyxlyr.supabase.co/storage/v1/object/public/user-data/groceries.png
Baidyanath chyawanprash 950gm,Piece,395,349,16,6320,5584,https://mbtegbgsvxbefyzyxlyr.supabase.co/storage/v1/object/public/user-data/groceries.png
Dabur Chyawanprash 1kg,Piece,430,389,4,1720,1556,https://mbtegbgsvxbefyzyxlyr.supabase.co/storage/v1/object/public/user-data/groceries.png
dabur Chyawanprash 500gm,Piece,240,199,3,720,597,https://mbtegbgsvxbefyzyxlyr.supabase.co/storage/v1/object/public/user-data/groceries.png
Dabur Chyawanprash 250gm,Piece,115,99,1,115,99,https://mbtegbgsvxbefyzyxlyr.supabase.co/storage/v1/object/public/user-data/groceries.png
Horlicks lite 450gm,Piece,349,325,4,1396,1300,https://mbtegbgsvxbefyzyxlyr.supabase.co/storage/v1/object/public/user-data/groceries.png
horlicks women's plus 400gm,Piece,365,199,9,3285,1791,https://mbtegbgsvxbefyzyxlyr.supabase.co/storage/v1/object/public/user-data/groceries.png
protinex,Piece,675,300,3,2025,900,https://mbtegbgsvxbefyzyxlyr.supabase.co/storage/v1/object/public/user-data/groceries.png
orange tang 75gm,Piece,30,28,1,30,28,https://mbtegbgsvxbefyzyxlyr.supabase.co/storage/v1/object/public/user-data/groceries.png
Govardhan Gulab Jamun Mix,Piece,155,77,84,13020,6468,https://mbtegbgsvxbefyzyxlyr.supabase.co/storage/v1/object/public/user-data/groceries.png
Ravimagic inst. Gulab jamun mix,Piece,160,80,4,640,320,https://mbtegbgsvxbefyzyxlyr.supabase.co/storage/v1/object/public/user-data/groceries.png
suhana gulab jamun mix,Piece,125,99,57,7125,5643,https://mbtegbgsvxbefyzyxlyr.supabase.co/storage/v1/object/public/user-data/groceries.png
jeera rice papad,Piece,99,90,4,396,360,https://mbtegbgsvxbefyzyxlyr.supabase.co/storage/v1/object/public/user-data/groceries.png
cheese fryums,Piece,112,99,3,336,297,https://mbtegbgsvxbefyzyxlyr.supabase.co/storage/v1/object/public/user-data/groceries.png
Star Fryums,Piece,70,60,1,70,60,https://mbtegbgsvxbefyzyxlyr.supabase.co/storage/v1/object/public/user-data/groceries.png
snac tac,Piece,69,60,2,138,120,https://mbtegbgsvxbefyzyxlyr.supabase.co/storage/v1/object/public/user-data/groceries.png
snac tac 900gm,Piece,87,80,1,87,80,https://mbtegbgsvxbefyzyxlyr.supabase.co/storage/v1/object/public/user-data/groceries.png
Lijjat Papad 200gm,Piece,77,74,2,154,148,https://mbtegbgsvxbefyzyxlyr.supabase.co/storage/v1/object/public/user-data/groceries.png
cookwell vanilla flavour,Piece,115,99,4,460,396,https://mbtegbgsvxbefyzyxlyr.supabase.co/storage/v1/object/public/user-data/groceries.png
Mango Tang,Piece,170,149,4,680,596,https://mbtegbgsvxbefyzyxlyr.supabase.co/storage/v1/object/public/user-data/groceries.png
Orange Tang 500gm,Piece,170,160,23,3910,3680,https://mbtegbgsvxbefyzyxlyr.supabase.co/storage/v1/object/public/user-data/groceries.png
Glucon D 1kg,Piece,415,249,7,2905,1743,https://mbtegbgsvxbefyzyxlyr.supabase.co/storage/v1/object/public/user-data/groceries.png
Glucon D 1kg,Piece,415,249,1,415,249,https://mbtegbgsvxbefyzyxlyr.supabase.co/storage/v1/object/public/user-data/groceries.png
Glucon D 450gm,Piece,219,199,2,438,398,https://mbtegbgsvxbefyzyxlyr.supabase.co/storage/v1/object/public/user-data/groceries.png
Glucon D 1kg,Piece,415,249,0,0,0,https://mbtegbgsvxbefyzyxlyr.supabase.co/storage/v1/object/public/user-data/groceries.png
kelloggis corn flakes 168gm,Piece,99,90,1,99,90,https://mbtegbgsvxbefyzyxlyr.supabase.co/storage/v1/object/public/user-data/groceries.png
Kellogg's muesli o%sugar,Piece,351,299,2,702,598,https://mbtegbgsvxbefyzyxlyr.supabase.co/storage/v1/object/public/user-data/groceries.png
Amul PRO chocolate,Piece,180,160,1,180,160,https://mbtegbgsvxbefyzyxlyr.supabase.co/storage/v1/object/public/user-data/groceries.png
Bourn Vita 500gm,Piece,249,240,4,996,960,https://mbtegbgsvxbefyzyxlyr.supabase.co/storage/v1/object/public/user-data/groceries.png
bourn Vita 70gm,Piece,26,26,6,156,156,https://mbtegbgsvxbefyzyxlyr.supabase.co/storage/v1/object/public/user-data/groceries.png
kelloggis chocos 250gm,Piece,136,130,0,0,0,https://mbtegbgsvxbefyzyxlyr.supabase.co/storage/v1/object/public/user-data/groceries.png
kelloggis Multigrain chocos 385gm,Piece,199,185,3,597,555,https://mbtegbgsvxbefyzyxlyr.supabase.co/storage/v1/object/public/user-data/groceries.png
saffola masala oats peppy tomato,Piece,18,18,24,432,432,https://mbtegbgsvxbefyzyxlyr.supabase.co/storage/v1/object/public/user-data/groceries.png
saffola masala oats veggie twist,Piece,18,18,18,324,324,https://mbtegbgsvxbefyzyxlyr.supabase.co/storage/v1/object/public/user-data/groceries.png
yoga bar millet muesli,Piece,320,305,1,320,305,https://mbtegbgsvxbefyzyxlyr.supabase.co/storage/v1/object/public/user-data/groceries.png
Kellogg's muesli fruitnut&seeds 500gm,Piece,346,340,0,0,0,https://mbtegbgsvxbefyzyxlyr.supabase.co/storage/v1/object/public/user-data/groceries.png
Kellogg's corn flakes 300gm,Piece,199,190,2,398,380,https://mbtegbgsvxbefyzyxlyr.supabase.co/storage/v1/object/public/user-data/groceries.png
kelloggis froot loops,Piece,215,199,1,215,199,https://mbtegbgsvxbefyzyxlyr.supabase.co/storage/v1/object/public/user-data/groceries.png
kelloggis froot loops,Piece,215,199,1,215,199,https://mbtegbgsvxbefyzyxlyr.supabase.co/storage/v1/object/public/user-data/groceries.png
Kellogg's muesli fruitnut&seeds 72gm,Piece,60,58,4,240,232,https://mbtegbgsvxbefyzyxlyr.supabase.co/storage/v1/object/public/user-data/groceries.png
Borges mini penne Rigate,Piece,160,149,1,160,149,https://mbtegbgsvxbefyzyxlyr.supabase.co/storage/v1/object/public/user-data/groceries.png
Kellogg's corn flakes 120gm,Piece,60,58,0,0,0,https://mbtegbgsvxbefyzyxlyr.supabase.co/storage/v1/object/public/user-data/groceries.png
dabur glucon d plus,Piece,280,140,2,560,280,https://mbtegbgsvxbefyzyxlyr.supabase.co/storage/v1/object/public/user-data/groceries.png
glucon d instant energy 1kg,Piece,280,180,2,560,360,https://mbtegbgsvxbefyzyxlyr.supabase.co/storage/v1/object/public/user-data/groceries.png
Del Monte pasta 450gm,Piece,160,99,11,1760,1089,https://mbtegbgsvxbefyzyxlyr.supabase.co/storage/v1/object/public/user-data/groceries.png
5 star sevai,Piece,25,20,34,850,680,https://mbtegbgsvxbefyzyxlyr.supabase.co/storage/v1/object/public/user-data/groceries.png
spotzero green scrubbe-l,Piece,15,13,191,2865,2483,https://mbtegbgsvxbefyzyxlyr.supabase.co/storage/v1/object/public/user-data/groceries.png
spotzero Utensil scrubber,Piece,10,10,194,1940,1940,https://mbtegbgsvxbefyzyxlyr.supabase.co/storage/v1/object/public/user-data/groceries.png
Gala Sponge Scrubber,Piece,35,30,-5,-175,-150,https://mbtegbgsvxbefyzyxlyr.supabase.co/storage/v1/object/public/user-data/groceries.png
Himalaya baby powder with baby soap,Piece,204,199,1,204,199,https://mbtegbgsvxbefyzyxlyr.supabase.co/storage/v1/object/public/user-data/groceries.png
Dabur Lal tail 50ml,Piece,75,70,5,375,350,https://mbtegbgsvxbefyzyxlyr.supabase.co/storage/v1/object/public/user-data/groceries.png
Dabur Lal Tail 100ml,Piece,150,145,6,900,870,https://mbtegbgsvxbefyzyxlyr.supabase.co/storage/v1/object/public/user-data/groceries.png
Dabur lal tail200ml,Piece,240,230,3,720,690,https://mbtegbgsvxbefyzyxlyr.supabase.co/storage/v1/object/public/user-data/groceries.png
Johnson's baby cream 100gm,Piece,215,205,6,1290,1230,https://mbtegbgsvxbefyzyxlyr.supabase.co/storage/v1/object/public/user-data/groceries.png
Johnson's baby cream 50g,Piece,100,95,1,100,95,https://mbtegbgsvxbefyzyxlyr.supabase.co/storage/v1/object/public/user-data/groceries.png
Johnson's baby lotion 100ml,Piece,124,120,5,620,600,https://mbtegbgsvxbefyzyxlyr.supabase.co/storage/v1/object/public/user-data/groceries.png
Johnson's Baby powder 400gm,Piece,340,321,1,340,321,https://mbtegbgsvxbefyzyxlyr.supabase.co/storage/v1/object/public/user-data/groceries.png
Himalaya baby massage oil 200ml,Piece,240,220,0,0,0,https://mbtegbgsvxbefyzyxlyr.supabase.co/storage/v1/object/public/user-data/groceries.png
Johnson's baby oil25ml,Piece,25,25,1,25,25,https://mbtegbgsvxbefyzyxlyr.supabase.co/storage/v1/object/public/user-data/groceries.png
Johnson's baby oil50ml,Piece,75,71,4,300,284,https://mbtegbgsvxbefyzyxlyr.supabase.co/storage/v1/object/public/user-data/groceries.png
Johnson's baby oil 100ml,Piece,150,145,8,1200,1160,https://mbtegbgsvxbefyzyxlyr.supabase.co/storage/v1/object/public/user-data/groceries.png
Johnson's baby oil 200ml,Piece,270,260,5,1350,1300,https://mbtegbgsvxbefyzyxlyr.supabase.co/storage/v1/object/public/user-data/groceries.png
Johnson's baby hair oil 200ml,Piece,260,249,0,0,0,https://mbtegbgsvxbefyzyxlyr.supabase.co/storage/v1/object/public/user-data/groceries.png
Johnson's baby powder 200gm,Piece,230,219,9,2070,1971,https://mbtegbgsvxbefyzyxlyr.supabase.co/storage/v1/object/public/user-data/groceries.png
Johnson's baby powder 100gm,Piece,125,120,9,1125,1080,https://mbtegbgsvxbefyzyxlyr.supabase.co/storage/v1/object/public/user-data/groceries.png
Johnson's baby powder 25gm,Piece,30,30,6,180,180,https://mbtegbgsvxbefyzyxlyr.supabase.co/storage/v1/object/public/user-data/groceries.png
Johnson's baby powder 50gm,Piece,65,60,0,0,0,https://mbtegbgsvxbefyzyxlyr.supabase.co/storage/v1/object/public/user-data/groceries.png
Johnson's baby shampoo 100ml,Piece,120,115,5,600,575,https://mbtegbgsvxbefyzyxlyr.supabase.co/storage/v1/object/public/user-data/groceries.png
Johnson's baby shampoo 50ml,Piece,70,65,3,210,195,https://mbtegbgsvxbefyzyxlyr.supabase.co/storage/v1/object/public/user-data/groceries.png
Johnson's baby lotion 50ml,Piece,60,55,11,660,605,https://mbtegbgsvxbefyzyxlyr.supabase.co/storage/v1/object/public/user-data/groceries.png
Johnson's baby soap 25gm,Piece,20,20,10,200,200,https://mbtegbgsvxbefyzyxlyr.supabase.co/storage/v1/object/public/user-data/groceries.png
Johnson's baby soap 50gm,Piece,50,48,10,500,480,https://mbtegbgsvxbefyzyxlyr.supabase.co/storage/v1/object/public/user-data/groceries.png
Johnson's baby soap 75gm,Piece,70,65,17,1190,1105,https://mbtegbgsvxbefyzyxlyr.supabase.co/storage/v1/object/public/user-data/groceries.png
Johnson's baby soap 150gm,Piece,135,130,6,810,780,https://mbtegbgsvxbefyzyxlyr.supabase.co/storage/v1/object/public/user-data/groceries.png
Himalaya baby lotion 100ml,Piece,115,109,9,1035,981,https://mbtegbgsvxbefyzyxlyr.supabase.co/storage/v1/object/public/user-data/groceries.png
Nine diaper xl 5pants,Piece,90,85,9,810,765,https://mbtegbgsvxbefyzyxlyr.supabase.co/storage/v1/object/public/user-data/groceries.png
Nine diaper L 9-14,Piece,99,85,1,99,85,https://mbtegbgsvxbefyzyxlyr.supabase.co/storage/v1/object/public/user-data/groceries.png
Nine Diaper M 6-11kg,Piece,93,87,6,558,522,https://mbtegbgsvxbefyzyxlyr.supabase.co/storage/v1/object/public/user-data/groceries.png
Nine Diaper NB 11,Piece,99,89,9,891,801,https://mbtegbgsvxbefyzyxlyr.supabase.co/storage/v1/object/public/user-data/groceries.png
Nine diaper S 4-8 kg,Piece,99,89,5,495,445,https://mbtegbgsvxbefyzyxlyr.supabase.co/storage/v1/object/public/user-data/groceries.png
Pampers xxl 15-25kg,Piece,120,109,4,480,436,https://mbtegbgsvxbefyzyxlyr.supabase.co/storage/v1/object/public/user-data/groceries.png
Pampers xl 12-17 kg,Piece,117,112,4,468,448,https://mbtegbgsvxbefyzyxlyr.supabase.co/storage/v1/object/public/user-data/groceries.png
Pampers L 9-14kg,Piece,98,95,8,784,760,https://mbtegbgsvxbefyzyxlyr.supabase.co/storage/v1/object/public/user-data/groceries.png
Pampers S 4-8kg,Piece,93,89,9,837,801,https://mbtegbgsvxbefyzyxlyr.supabase.co/storage/v1/object/public/user-data/groceries.png
Pampers NB UP TO 5KG,Piece,399,349,2,798,698,https://mbtegbgsvxbefyzyxlyr.supabase.co/storage/v1/object/public/user-data/groceries.png
Pampers new  S 4-8kg,Piece,374,349,2,748,698,https://mbtegbgsvxbefyzyxlyr.supabase.co/storage/v1/object/public/user-data/groceries.png
Sanitary pads 290mm,Piece,150,120,8,1200,960,https://mbtegbgsvxbefyzyxlyr.supabase.co/storage/v1/object/public/user-data/groceries.png
sanitary pads 290mm,Piece,70,60,9,630,540,https://mbtegbgsvxbefyzyxlyr.supabase.co/storage/v1/object/public/user-data/groceries.png
sanitary pads xl290mm,Piece,50,46,46,2300,2116,https://mbtegbgsvxbefyzyxlyr.supabase.co/storage/v1/object/public/user-data/groceries.png
whisper choice xl 12pads,Piece,75,71,10,750,710,https://mbtegbgsvxbefyzyxlyr.supabase.co/storage/v1/object/public/user-data/groceries.png
whisper xl 6pads,Piece,45,43,13,585,559,https://mbtegbgsvxbefyzyxlyr.supabase.co/storage/v1/object/public/user-data/groceries.png
whisper choice 6pads reg.,Piece,37,35,14,518,490,https://mbtegbgsvxbefyzyxlyr.supabase.co/storage/v1/object/public/user-data/groceries.png
Pro-ease 6pads,Piece,40,39,70,2800,2730,https://mbtegbgsvxbefyzyxlyr.supabase.co/storage/v1/object/public/user-data/groceries.png
Nine dry comfort xl 6 pads,Piece,38,37,13,494,481,https://mbtegbgsvxbefyzyxlyr.supabase.co/storage/v1/object/public/user-data/groceries.png
nine xl 6 pads,Piece,40,39,15,600,585,https://mbtegbgsvxbefyzyxlyr.supabase.co/storage/v1/object/public/user-data/groceries.png
Stayfree secure xl 6,Piece,42,40,14,588,560,https://mbtegbgsvxbefyzyxlyr.supabase.co/storage/v1/object/public/user-data/groceries.png
stayfree dry-max 16,Piece,190,175,1,190,175,https://mbtegbgsvxbefyzyxlyr.supabase.co/storage/v1/object/public/user-data/groceries.png
Stayfree advanced ultra comfort xl,Piece,185,175,2,370,350,https://mbtegbgsvxbefyzyxlyr.supabase.co/storage/v1/object/public/user-data/groceries.png
Stayfree advanced xxl 7,Piece,110,99,0,0,0,https://mbtegbgsvxbefyzyxlyr.supabase.co/storage/v1/object/public/user-data/groceries.png
Stayfree secure xxl 6,Piece,50,49,12,600,588,https://mbtegbgsvxbefyzyxlyr.supabase.co/storage/v1/object/public/user-data/groceries.png
ultra whisper soft,Piece,70,65,2,140,130,https://mbtegbgsvxbefyzyxlyr.supabase.co/storage/v1/object/public/user-data/groceries.png
whisper xxxl 4pads,Piece,37.5,35,1,37.5,35,https://mbtegbgsvxbefyzyxlyr.supabase.co/storage/v1/object/public/user-data/groceries.png
whisper xxl 6pads,Piece,150,145,4,600,580,https://mbtegbgsvxbefyzyxlyr.supabase.co/storage/v1/object/public/user-data/groceries.png
whisper xxl 3pads,Piece,80,75,0,0,0,https://mbtegbgsvxbefyzyxlyr.supabase.co/storage/v1/object/public/user-data/groceries.png
new whisper xxl 6 pads,Piece,55,52,20,1100,1040,https://mbtegbgsvxbefyzyxlyr.supabase.co/storage/v1/object/public/user-data/groceries.png
whisper choice xxl 16pads,Piece,150,140,4,600,560,https://mbtegbgsvxbefyzyxlyr.supabase.co/storage/v1/object/public/user-data/groceries.png
whisper choice ultra xl 20pads,Piece,160,150,11,1760,1650,https://mbtegbgsvxbefyzyxlyr.supabase.co/storage/v1/object/public/user-data/groceries.png
whisper choice ultra xl 10pads,Piece,70,65,7,490,455,https://mbtegbgsvxbefyzyxlyr.supabase.co/storage/v1/object/public/user-data/groceries.png
whisper choice ultra 40pads xl,Piece,320,310,0,0,0,https://mbtegbgsvxbefyzyxlyr.supabase.co/storage/v1/object/public/user-data/groceries.png
whisper choice xl 33+3 pads,Piece,240,225,0,0,0,https://mbtegbgsvxbefyzyxlyr.supabase.co/storage/v1/object/public/user-data/groceries.png
ultra whisper xl 15pads,Piece,175,165,1,175,165,https://mbtegbgsvxbefyzyxlyr.supabase.co/storage/v1/object/public/user-data/groceries.png
ultra whisper xl 30pads,Piece,350,325,1,350,325,https://mbtegbgsvxbefyzyxlyr.supabase.co/storage/v1/object/public/user-data/groceries.png
whisper choice xl 18pads,Piece,120,109,5,600,545,https://mbtegbgsvxbefyzyxlyr.supabase.co/storage/v1/object/public/user-data/groceries.png
stayfree secure xl 18,Piece,124,120,6,744,720,https://mbtegbgsvxbefyzyxlyr.supabase.co/storage/v1/object/public/user-data/groceries.png
nine xl 16pads,Piece,100,95,4,400,380,https://mbtegbgsvxbefyzyxlyr.supabase.co/storage/v1/object/public/user-data/groceries.png
Nine Naturally soft xl16 pads,Piece,100,89,2,200,178,https://mbtegbgsvxbefyzyxlyr.supabase.co/storage/v1/object/public/user-data/groceries.png
Nine B2G1 180,Piece,180,170,-2,-360,-340,https://mbtegbgsvxbefyzyxlyr.supabase.co/storage/v1/object/public/user-data/groceries.png
Nine Naturally Soft B2G1,Piece,90,85,4,360,340,https://mbtegbgsvxbefyzyxlyr.supabase.co/storage/v1/object/public/user-data/groceries.png
Nine Naturally soft xxl 6 pads,Piece,45,43,14,630,602,https://mbtegbgsvxbefyzyxlyr.supabase.co/storage/v1/object/public/user-data/groceries.png
nine ultra thin xl 6pads,Piece,45,43,11,495,473,https://mbtegbgsvxbefyzyxlyr.supabase.co/storage/v1/object/public/user-data/groceries.png
Nine Ultra thin xl15 pads,Piece,120,110,7,840,770,https://mbtegbgsvxbefyzyxlyr.supabase.co/storage/v1/object/public/user-data/groceries.png
sofy bodyful pro xl6,Piece,45,43,3,135,129,https://mbtegbgsvxbefyzyxlyr.supabase.co/storage/v1/object/public/user-data/groceries.png
whisper ultra xl 6 pads,Piece,65,60,4,260,240,https://mbtegbgsvxbefyzyxlyr.supabase.co/storage/v1/object/public/user-data/groceries.png
whisper bindazz night xxl15 pads,Piece,235,221,3,705,663,https://mbtegbgsvxbefyzyxlyr.supabase.co/storage/v1/object/public/user-data/groceries.png
whisper bindazzz night xxl 16pads,Piece,370,349,1,370,349,https://mbtegbgsvxbefyzyxlyr.supabase.co/storage/v1/object/public/user-data/groceries.png
Pampers L9-14,Piece,350,325,1,350,325,https://mbtegbgsvxbefyzyxlyr.supabase.co/storage/v1/object/public/user-data/groceries.png
Pampers xl 12-17kg 22 pants,Piece,380,349,2,760,698,https://mbtegbgsvxbefyzyxlyr.supabase.co/storage/v1/object/public/user-data/groceries.png
babyhug s4-8 kg 40 pants,Piece,399,349,2,798,698,https://mbtegbgsvxbefyzyxlyr.supabase.co/storage/v1/object/public/user-data/groceries.png
Nine diaper L9-14 30 pants,Piece,399,349,1,399,349,https://mbtegbgsvxbefyzyxlyr.supabase.co/storage/v1/object/public/user-data/groceries.png
Nine diaper m6-11kg 32pants,Piece,374,349,3,1122,1047,https://mbtegbgsvxbefyzyxlyr.supabase.co/storage/v1/object/public/user-data/groceries.png
Nine diaper s4-8 40 pants,Piece,399,349,10,3990,3490,https://mbtegbgsvxbefyzyxlyr.supabase.co/storage/v1/object/public/user-data/groceries.png
colgate maxfresh 300gm,Piece,265,255,3,795,765,https://mbtegbgsvxbefyzyxlyr.supabase.co/storage/v1/object/public/user-data/groceries.png
Colgate Total 150gm,Piece,220,215,21,4620,4515,https://mbtegbgsvxbefyzyxlyr.supabase.co/storage/v1/object/public/user-data/groceries.png
Colgate strong teeth 300gm,Piece,200,195,17,3400,3315,https://mbtegbgsvxbefyzyxlyr.supabase.co/storage/v1/object/public/user-data/groceries.png
Colgate Strong teeth 500gm,Piece,310,305,3,930,915,https://mbtegbgsvxbefyzyxlyr.supabase.co/storage/v1/object/public/user-data/groceries.png
colgate maxfresh mouthwash 250ml,Piece,185,180,4,740,720,https://mbtegbgsvxbefyzyxlyr.supabase.co/storage/v1/object/public/user-data/groceries.png
Colgate maxfresh freshment mouthwash 250ml,Piece,185,180,1,185,180,https://mbtegbgsvxbefyzyxlyr.supabase.co/storage/v1/object/public/user-data/groceries.png
Sensodyne fresh mint 150gm,Piece,252,245,5,1260,1225,https://mbtegbgsvxbefyzyxlyr.supabase.co/storage/v1/object/public/user-data/groceries.png
sensodyne Fresh gel 150gm,Piece,252,245,10,2520,2450,https://mbtegbgsvxbefyzyxlyr.supabase.co/storage/v1/object/public/user-data/groceries.png
vicco vajradanti 200gm,Piece,141,135,4,564,540,https://mbtegbgsvxbefyzyxlyr.supabase.co/storage/v1/object/public/user-data/groceries.png
Colgate maxfresh charcoal 130gm,Piece,172,165,8,1376,1320,https://mbtegbgsvxbefyzyxlyr.supabase.co/storage/v1/object/public/user-data/groceries.png
colgate cibaca 175gm,Piece,71,70,12,852,840,https://mbtegbgsvxbefyzyxlyr.supabase.co/storage/v1/object/public/user-data/groceries.png
Patanjali dant kanti 300gm,Piece,175,170,5,875,850,https://mbtegbgsvxbefyzyxlyr.supabase.co/storage/v1/object/public/user-data/groceries.png
sensodyne fresh gel 40+10gm,Piece,95,90,7,665,630,https://mbtegbgsvxbefyzyxlyr.supabase.co/storage/v1/object/public/user-data/groceries.png
sensodyne fresh gel 40gm,Piece,84.5,82,8,676,656,https://mbtegbgsvxbefyzyxlyr.supabase.co/storage/v1/object/public/user-data/groceries.png
sensodyne rapid Relief 40gm,Piece,107,102,14,1498,1428,https://mbtegbgsvxbefyzyxlyr.supabase.co/storage/v1/object/public/user-data/groceries.png
sensodyne deep clean 70gm,Piece,150,145,1,150,145,https://mbtegbgsvxbefyzyxlyr.supabase.co/storage/v1/object/public/user-data/groceries.png
sensodyne deep clean 40gm,Piece,100,95,10,1000,950,https://mbtegbgsvxbefyzyxlyr.supabase.co/storage/v1/object/public/user-data/groceries.png
sensodyne fresh gel 40gm,Piece,84.5,82,3,253.5,246,https://mbtegbgsvxbefyzyxlyr.supabase.co/storage/v1/object/public/user-data/groceries.png
sensodyne repair&protect 100gm,Piece,270,260,0,0,0,https://mbtegbgsvxbefyzyxlyr.supabase.co/storage/v1/object/public/user-data/groceries.png
sensodyne fresh gel 150gmm,Piece,252,245,1,252,245,https://mbtegbgsvxbefyzyxlyr.supabase.co/storage/v1/object/public/user-data/groceries.png
sensodyne fresh mint 40+10gm,Piece,95,93,0,0,0,https://mbtegbgsvxbefyzyxlyr.supabase.co/storage/v1/object/public/user-data/groceries.png
sensodyne fresh mint 40gm,Piece,84,82,9,756,738,https://mbtegbgsvxbefyzyxlyr.supabase.co/storage/v1/object/public/user-data/groceries.png
sensodyne fresh gel 75gm,Piece,140,135,13,1820,1755,https://mbtegbgsvxbefyzyxlyr.supabase.co/storage/v1/object/public/user-data/groceries.png
sensodyne fresh mint 75gm,Piece,124,120,23,2852,2760,https://mbtegbgsvxbefyzyxlyr.supabase.co/storage/v1/object/public/user-data/groceries.png
sensodyne pronamel 40gm,Piece,95,92,10,950,920,https://mbtegbgsvxbefyzyxlyr.supabase.co/storage/v1/object/public/user-data/groceries.png
sensodyne pronamel 70gm,Piece,140,135,10,1400,1350,https://mbtegbgsvxbefyzyxlyr.supabase.co/storage/v1/object/public/user-data/groceries.png
Patanjali dant kanti 100gm,Piece,65,60,5,325,300,https://mbtegbgsvxbefyzyxlyr.supabase.co/storage/v1/object/public/user-data/groceries.png
patanjali dant kanti rs10,Piece,10,10,23,230,230,https://mbtegbgsvxbefyzyxlyr.supabase.co/storage/v1/object/public/user-data/groceries.png
Patanjali Dant kanti rs20,Piece,20,20,16,320,320,https://mbtegbgsvxbefyzyxlyr.supabase.co/storage/v1/object/public/user-data/groceries.png
Patanjali dant kanti nat 100gm,Piece,56,52,9,504,468,https://mbtegbgsvxbefyzyxlyr.supabase.co/storage/v1/object/public/user-data/groceries.png
Patanjali Dant kanti 200gm,Piece,120,110,16,1920,1760,https://mbtegbgsvxbefyzyxlyr.supabase.co/storage/v1/object/public/user-data/groceries.png
Patanjali dant kanti 200gm free TB,Piece,120,115,4,480,460,https://mbtegbgsvxbefyzyxlyr.supabase.co/storage/v1/object/public/user-data/groceries.png
Patanjali dant kanti 200gm free TB,Piece,120,115,32,3840,3680,https://mbtegbgsvxbefyzyxlyr.supabase.co/storage/v1/object/public/user-data/groceries.png
Dabur Babool 175gm,Piece,73,73,2,146,146,https://mbtegbgsvxbefyzyxlyr.supabase.co/storage/v1/object/public/user-data/groceries.png
Dabur Babool 175gm free TB,Piece,64,60,15,960,900,https://mbtegbgsvxbefyzyxlyr.supabase.co/storage/v1/object/public/user-data/groceries.png
Dabur Babool 100gm,Piece,30,30,13,390,390,https://mbtegbgsvxbefyzyxlyr.supabase.co/storage/v1/object/public/user-data/groceries.png
Dabur Babool 60gm,Piece,20,20,59,1180,1180,https://mbtegbgsvxbefyzyxlyr.supabase.co/storage/v1/object/public/user-data/groceries.png
Dabur Babool 350gm,Piece,141,135,18,2538,2430,https://mbtegbgsvxbefyzyxlyr.supabase.co/storage/v1/object/public/user-data/groceries.png
colgate maxfresh 150gm,Piece,138,135,0,0,0,https://mbtegbgsvxbefyzyxlyr.supabase.co/storage/v1/object/public/user-data/groceries.png
Dabur Lal Dant manjan 100gm,Piece,75,71,7,525,497,https://mbtegbgsvxbefyzyxlyr.supabase.co/storage/v1/object/public/user-data/groceries.png
Pears soft& fresh 125gm,Piece,95,91,8,760,728,https://mbtegbgsvxbefyzyxlyr.supabase.co/storage/v1/object/public/user-data/groceries.png
pears orig.glycerin bar 100gm,Piece,50,48,11,550,528,https://mbtegbgsvxbefyzyxlyr.supabase.co/storage/v1/object/public/user-data/groceries.png
pears original glycerine 75gm,Piece,53,51,14,742,714,https://mbtegbgsvxbefyzyxlyr.supabase.co/storage/v1/object/public/user-data/groceries.png
santoor exclusive pack 450gm,Piece,180,175,13,2340,2275,https://mbtegbgsvxbefyzyxlyr.supabase.co/storage/v1/object/public/user-data/groceries.png
pears original glycerine 125Ã3,Piece,203,196,7,1421,1372,https://mbtegbgsvxbefyzyxlyr.supabase.co/storage/v1/object/public/user-data/groceries.png
Dove serum bar 125Ã3,Piece,325,315,11,3575,3465,https://mbtegbgsvxbefyzyxlyr.supabase.co/storage/v1/object/public/user-data/groceries.png
dabur lal 50gm,Piece,40,38,10,400,380,https://mbtegbgsvxbefyzyxlyr.supabase.co/storage/v1/object/public/user-data/groceries.png
pears soft &fresh 125Ã3,Piece,580,551,2,1160,1102,https://mbtegbgsvxbefyzyxlyr.supabase.co/storage/v1/object/public/user-data/groceries.png
Colagate Herbal 100gm,Piece,93,90,14,1302,1260,https://mbtegbgsvxbefyzyxlyr.supabase.co/storage/v1/object/public/user-data/groceries.png
Colgate Harbal 200gm,Piece,156,152,11,1716,1672,https://mbtegbgsvxbefyzyxlyr.supabase.co/storage/v1/object/public/user-data/groceries.png
fiama gel bar 375gm,Piece,265,255,1,265,255,https://mbtegbgsvxbefyzyxlyr.supabase.co/storage/v1/object/public/user-data/groceries.png
Dabur red rs10,Piece,10,10,11,110,110,https://mbtegbgsvxbefyzyxlyr.supabase.co/storage/v1/object/public/user-data/groceries.png
Dabur red 100gm,Piece,69,65,33,2277,2145,https://mbtegbgsvxbefyzyxlyr.supabase.co/storage/v1/object/public/user-data/groceries.png
Dabur Red 200gm,Piece,153,150,4,612,600,https://mbtegbgsvxbefyzyxlyr.supabase.co/storage/v1/object/public/user-data/groceries.png
liril lime125Ã4,Piece,255,249,11,2805,2739,https://mbtegbgsvxbefyzyxlyr.supabase.co/storage/v1/object/public/user-data/groceries.png
Dabur Red 300gm,Piece,229,224,2,458,448,https://mbtegbgsvxbefyzyxlyr.supabase.co/storage/v1/object/public/user-data/groceries.png
hamam pure neem oil 150Ã4,Piece,235,230,1,235,230,https://mbtegbgsvxbefyzyxlyr.supabase.co/storage/v1/object/public/user-data/groceries.png
Dabur red free 2+1,Piece,300,270,10,3000,2700,https://mbtegbgsvxbefyzyxlyr.supabase.co/storage/v1/object/public/user-data/groceries.png
Dabur red 300gm free TB,Piece,204,199,20,4080,3980,https://mbtegbgsvxbefyzyxlyr.supabase.co/storage/v1/object/public/user-data/groceries.png
Colgate vedshakti 100gm,Piece,95,90,1,95,90,https://mbtegbgsvxbefyzyxlyr.supabase.co/storage/v1/object/public/user-data/groceries.png
pears original glycerine pure& gentle300gm,Piece,156,150,8,1248,1200,https://mbtegbgsvxbefyzyxlyr.supabase.co/storage/v1/object/public/user-data/groceries.png
Colgate vedahakti 140gm,Piece,95,91,6,570,546,https://mbtegbgsvxbefyzyxlyr.supabase.co/storage/v1/object/public/user-data/groceries.png
Colgate vedshakti 200gm,Piece,175,170,2,350,340,https://mbtegbgsvxbefyzyxlyr.supabase.co/storage/v1/object/public/user-data/groceries.png
Colgate strong teeth rs20,Piece,20,20,5,100,100,https://mbtegbgsvxbefyzyxlyr.supabase.co/storage/v1/object/public/user-data/groceries.png
margo neem 400gm,Piece,160,155,5,800,775,https://mbtegbgsvxbefyzyxlyr.supabase.co/storage/v1/object/public/user-data/groceries.png
Colgate Strong teeth 200gm,Piece,130,125,1,130,125,https://mbtegbgsvxbefyzyxlyr.supabase.co/storage/v1/object/public/user-data/groceries.png
Colgate Strong Teeth 150gm,Piece,99,95,3,297,285,https://mbtegbgsvxbefyzyxlyr.supabase.co/storage/v1/object/public/user-data/groceries.png
Colgate Strong teeth 100gm,Piece,70,68,7,490,476,https://mbtegbgsvxbefyzyxlyr.supabase.co/storage/v1/object/public/user-data/groceries.png
Colgate maxfresh 81gm,Piece,79,75,12,948,900,https://mbtegbgsvxbefyzyxlyr.supabase.co/storage/v1/object/public/user-data/groceries.png
fiama gel bar 125Ã4,Piece,452,440,2,904,880,https://mbtegbgsvxbefyzyxlyr.supabase.co/storage/v1/object/public/user-data/groceries.png
Colgate maxfresh rs10,Piece,10,10,14,140,140,https://mbtegbgsvxbefyzyxlyr.supabase.co/storage/v1/object/public/user-data/groceries.png
closeup rs20,Piece,20,20,4,80,80,https://mbtegbgsvxbefyzyxlyr.supabase.co/storage/v1/object/public/user-data/groceries.png
Colgate toothpowder 200gm,Piece,140,135,5,700,675,https://mbtegbgsvxbefyzyxlyr.supabase.co/storage/v1/object/public/user-data/groceries.png
Colgate tooth powder 100gm,Piece,75,70,2,150,140,https://mbtegbgsvxbefyzyxlyr.supabase.co/storage/v1/object/public/user-data/groceries.png
pears pure & gentle 250ml,Piece,140,135,4,560,540,https://mbtegbgsvxbefyzyxlyr.supabase.co/storage/v1/object/public/user-data/groceries.png
Colgate visible white 120gm,Piece,198,195,20,3960,3900,https://mbtegbgsvxbefyzyxlyr.supabase.co/storage/v1/object/public/user-data/groceries.png
Dabur Meawak rs 20,Piece,20,20,9,180,180,https://mbtegbgsvxbefyzyxlyr.supabase.co/storage/v1/object/public/user-data/groceries.png
park Avenue 125Ã3,Piece,240,230,5,1200,1150,https://mbtegbgsvxbefyzyxlyr.supabase.co/storage/v1/object/public/user-data/groceries.png
park Avenue 500gm,Piece,280,270,3,840,810,https://mbtegbgsvxbefyzyxlyr.supabase.co/storage/v1/object/public/user-data/groceries.png
mysore sandal 450gm,Piece,220,210,3,660,630,https://mbtegbgsvxbefyzyxlyr.supabase.co/storage/v1/object/public/user-data/groceries.png
Yardley london 250ml,Piece,250,240,1,250,240,https://mbtegbgsvxbefyzyxlyr.supabase.co/storage/v1/object/public/user-data/groceries.png
Palmolive aroma 250ml,Piece,259,249,8,2072,1992,https://mbtegbgsvxbefyzyxlyr.supabase.co/storage/v1/object/public/user-data/groceries.png
dabur Meswak 300gm,Piece,204,199,19,3876,3781,https://mbtegbgsvxbefyzyxlyr.supabase.co/storage/v1/object/public/user-data/groceries.png
Dabur Meswak 100gm,Piece,69,66,16,1104,1056,https://mbtegbgsvxbefyzyxlyr.supabase.co/storage/v1/object/public/user-data/groceries.png
fiama shower gel 250ml,Piece,199,190,0,0,0,https://mbtegbgsvxbefyzyxlyr.supabase.co/storage/v1/object/public/user-data/groceries.png
Dabur Meswak 200gm,Piece,135,130,28,3780,3640,https://mbtegbgsvxbefyzyxlyr.supabase.co/storage/v1/object/public/user-data/groceries.png
Close up 150gm,Piece,145,140,22,3190,3080,https://mbtegbgsvxbefyzyxlyr.supabase.co/storage/v1/object/public/user-data/groceries.png
Close up 2Tubes* 150gm,Piece,260,255,13,3380,3315,https://mbtegbgsvxbefyzyxlyr.supabase.co/storage/v1/object/public/user-data/groceries.png
Colgate Charcoal clean gel 120gm,Piece,200,195,15,3000,2925,https://mbtegbgsvxbefyzyxlyr.supabase.co/storage/v1/object/public/user-data/groceries.png
pepsodent 80gm,Piece,74,71,2,148,142,https://mbtegbgsvxbefyzyxlyr.supabase.co/storage/v1/object/public/user-data/groceries.png
Pepsodent 200gm,Piece,143,140,11,1573,1540,https://mbtegbgsvxbefyzyxlyr.supabase.co/storage/v1/object/public/user-data/groceries.png
pepsodent 150gm,Piece,140,135,2,280,270,https://mbtegbgsvxbefyzyxlyr.supabase.co/storage/v1/object/public/user-data/groceries.png
joy 250ml,Piece,195,185,0,0,0,https://mbtegbgsvxbefyzyxlyr.supabase.co/storage/v1/object/public/user-data/groceries.png
Pepsodent 2Tubes*150gm,Piece,216,210,7,1512,1470,https://mbtegbgsvxbefyzyxlyr.supabase.co/storage/v1/object/public/user-data/groceries.png
Vithoba 150gm,Piece,99,95,1,99,95,https://mbtegbgsvxbefyzyxlyr.supabase.co/storage/v1/object/public/user-data/groceries.png
Vithoba harbal 150gm,Piece,125,120,5,625,600,https://mbtegbgsvxbefyzyxlyr.supabase.co/storage/v1/object/public/user-data/groceries.png
Yardley 430ml,Piece,225,205,6,1350,1230,https://mbtegbgsvxbefyzyxlyr.supabase.co/storage/v1/object/public/user-data/groceries.png
pepsodent 100gm,Piece,75,71,5,375,355,https://mbtegbgsvxbefyzyxlyr.supabase.co/storage/v1/object/public/user-data/groceries.png
Colgate Maxfresh 150gm peppermint,Piece,153,149,3,459,447,https://mbtegbgsvxbefyzyxlyr.supabase.co/storage/v1/object/public/user-data/groceries.png
ambi pur 180gm,Piece,240,230,0,0,0,https://mbtegbgsvxbefyzyxlyr.supabase.co/storage/v1/object/public/user-data/groceries.png
On&On Herbal 150gm,Piece,194,185,2,388,370,https://mbtegbgsvxbefyzyxlyr.supabase.co/storage/v1/object/public/user-data/groceries.png
Colgate sensitive plus 70gm,Piece,180,175,15,2700,2625,https://mbtegbgsvxbefyzyxlyr.supabase.co/storage/v1/object/public/user-data/groceries.png
odonil room spray 450ml,Piece,240,240,-1,-240,-240,https://mbtegbgsvxbefyzyxlyr.supabase.co/storage/v1/object/public/user-data/groceries.png
Colgate Active Salt rs20,Piece,20,20,25,500,500,https://mbtegbgsvxbefyzyxlyr.supabase.co/storage/v1/object/public/user-data/groceries.png
Colgate Active Salt 100gm,Piece,75,70,19,1425,1330,https://mbtegbgsvxbefyzyxlyr.supabase.co/storage/v1/object/public/user-data/groceries.png
Vicco vajradanti 160gm,Piece,115,110,5,575,550,https://mbtegbgsvxbefyzyxlyr.supabase.co/storage/v1/object/public/user-data/groceries.png
ramsons natura 250ml,Piece,175,166,1,175,166,https://mbtegbgsvxbefyzyxlyr.supabase.co/storage/v1/object/public/user-data/groceries.png
Vicco Vajradanti saunf flavour 160gm,Piece,70,65,9,630,585,https://mbtegbgsvxbefyzyxlyr.supabase.co/storage/v1/object/public/user-data/groceries.png
odonil room spray 150ml,Piece,120,115,9,1080,1035,https://mbtegbgsvxbefyzyxlyr.supabase.co/storage/v1/object/public/user-data/groceries.png
vicco Vajradanti150 gm,Piece,150,140,1,150,140,https://mbtegbgsvxbefyzyxlyr.supabase.co/storage/v1/object/public/user-data/groceries.png
odonil room spray 150ml,Piece,120,115,10,1200,1150,https://mbtegbgsvxbefyzyxlyr.supabase.co/storage/v1/object/public/user-data/groceries.png
Vicco Vajradanti 100gm,Piece,85,81,7,595,567,https://mbtegbgsvxbefyzyxlyr.supabase.co/storage/v1/object/public/user-data/groceries.png
odonil room spray 150ml,Piece,120,110,7,840,770,https://mbtegbgsvxbefyzyxlyr.supabase.co/storage/v1/object/public/user-data/groceries.png
ambi pure levender 275ml,Piece,299,150,3,897,450,https://mbtegbgsvxbefyzyxlyr.supabase.co/storage/v1/object/public/user-data/groceries.png
ambi pure air berries 275ml,Piece,299,150,4,1196,600,https://mbtegbgsvxbefyzyxlyr.supabase.co/storage/v1/object/public/user-data/groceries.png
ambi pure sandalwood 275ml,Piece,299,150,2,598,300,https://mbtegbgsvxbefyzyxlyr.supabase.co/storage/v1/object/public/user-data/groceries.png
ambi pure rose&blossom 275ml,Piece,299,150,2,598,300,https://mbtegbgsvxbefyzyxlyr.supabase.co/storage/v1/object/public/user-data/groceries.png
ambi pure linen &sky 275ml,Piece,299,150,2,598,300,https://mbtegbgsvxbefyzyxlyr.supabase.co/storage/v1/object/public/user-data/groceries.png
ambi pure exotic jasmine 275ml,Piece,299,150,1,299,150,https://mbtegbgsvxbefyzyxlyr.supabase.co/storage/v1/object/public/user-data/groceries.png
Colgate super flexi TB,Piece,20,20,9,180,180,https://mbtegbgsvxbefyzyxlyr.supabase.co/storage/v1/object/public/user-data/groceries.png
good knight 10n,Piece,43,40,53,2279,2120,https://mbtegbgsvxbefyzyxlyr.supabase.co/storage/v1/object/public/user-data/groceries.png
oral b sens + gums TB,Piece,30,29,6,180,174,https://mbtegbgsvxbefyzyxlyr.supabase.co/storage/v1/object/public/user-data/groceries.png
oral b med shiny clean TB,Piece,18,18,6,108,108,https://mbtegbgsvxbefyzyxlyr.supabase.co/storage/v1/object/public/user-data/groceries.png
Oral B extra soft TB,Piece,22,22,5,110,110,https://mbtegbgsvxbefyzyxlyr.supabase.co/storage/v1/object/public/user-data/groceries.png
odonil neem air freshener 192gm,Piece,220,215,14,3080,3010,https://mbtegbgsvxbefyzyxlyr.supabase.co/storage/v1/object/public/user-data/groceries.png
Colgate Zig Zag 3 TB,Piece,90,85,22,1980,1870,https://mbtegbgsvxbefyzyxlyr.supabase.co/storage/v1/object/public/user-data/groceries.png
Colgate kids 0-2,Piece,27,26,8,216,208,https://mbtegbgsvxbefyzyxlyr.supabase.co/storage/v1/object/public/user-data/groceries.png
ambi pur car 7.5ml,Piece,249,230,3,747,690,https://mbtegbgsvxbefyzyxlyr.supabase.co/storage/v1/object/public/user-data/groceries.png
Vicks inhaler 0.5ml,Piece,64,62,7,448,434,https://mbtegbgsvxbefyzyxlyr.supabase.co/storage/v1/object/public/user-data/groceries.png
oral b kids Chhota Bheem,Piece,60,60,0,0,0,https://mbtegbgsvxbefyzyxlyr.supabase.co/storage/v1/object/public/user-data/groceries.png
good knight fast card 10n,Piece,10,10,114,1140,1140,https://mbtegbgsvxbefyzyxlyr.supabase.co/storage/v1/object/public/user-data/groceries.png
oral b everday care TB,Piece,30,29,-2,-60,-58,https://mbtegbgsvxbefyzyxlyr.supabase.co/storage/v1/object/public/user-data/groceries.png
Good knight fabric roll-on,Piece,85,80,9,765,720,https://mbtegbgsvxbefyzyxlyr.supabase.co/storage/v1/object/public/user-data/groceries.png
oral b extra soft TB,Piece,22,22,-3,-66,-66,https://mbtegbgsvxbefyzyxlyr.supabase.co/storage/v1/object/public/user-data/groceries.png
Oral B Bacteria Fighter TB,Piece,25,24,0,0,0,https://mbtegbgsvxbefyzyxlyr.supabase.co/storage/v1/object/public/user-data/groceries.png
Oral B Shiny Clean TB,Piece,18,18,2,36,36,https://mbtegbgsvxbefyzyxlyr.supabase.co/storage/v1/object/public/user-data/groceries.png
godrej aer power pocket 60gm,Piece,65,60,-7,-455,-420,https://mbtegbgsvxbefyzyxlyr.supabase.co/storage/v1/object/public/user-data/groceries.png
Oral B Electric Brush,Piece,649,549,0,0,0,https://mbtegbgsvxbefyzyxlyr.supabase.co/storage/v1/object/public/user-data/groceries.png
Oral B Essntial floss,Piece,145,135,1,145,135,https://mbtegbgsvxbefyzyxlyr.supabase.co/storage/v1/object/public/user-data/groceries.png
Oral B Cavity Defense TB,Piece,120,115,1,120,115,https://mbtegbgsvxbefyzyxlyr.supabase.co/storage/v1/object/public/user-data/groceries.png
Oral B Crisscross B2G2,Piece,160,150,4,640,600,https://mbtegbgsvxbefyzyxlyr.supabase.co/storage/v1/object/public/user-data/groceries.png
godrej aer power pocket 10gm,Piece,65,60,-1,-65,-60,https://mbtegbgsvxbefyzyxlyr.supabase.co/storage/v1/object/public/user-data/groceries.png
godrej aer power pocket 10gm,Piece,65,60,-7,-455,-420,https://mbtegbgsvxbefyzyxlyr.supabase.co/storage/v1/object/public/user-data/groceries.png
godrej aer power pocket 10gm,Piece,65,60,-5,-325,-300,https://mbtegbgsvxbefyzyxlyr.supabase.co/storage/v1/object/public/user-data/groceries.png
Oral B Cavity Defense TB,Piece,120,115,8,960,920,https://mbtegbgsvxbefyzyxlyr.supabase.co/storage/v1/object/public/user-data/groceries.png
godrej aer power pocket 10gm,Piece,65,60,2,130,120,https://mbtegbgsvxbefyzyxlyr.supabase.co/storage/v1/object/public/user-data/groceries.png
Colgate Zig Zag 3 TB,Piece,90,85,1,90,85,https://mbtegbgsvxbefyzyxlyr.supabase.co/storage/v1/object/public/user-data/groceries.png
Oral B cross action riffel,Piece,595,495,0,0,0,https://mbtegbgsvxbefyzyxlyr.supabase.co/storage/v1/object/public/user-data/groceries.png
moti luxury soap 150gm,Piece,80,70,225,18000,15750,https://mbtegbgsvxbefyzyxlyr.supabase.co/storage/v1/object/public/user-data/groceries.png
oral b cavity Defense soft TB,Piece,106,99,0,0,0,https://mbtegbgsvxbefyzyxlyr.supabase.co/storage/v1/object/public/user-data/groceries.png
Oral B Cavity Defense TB,Piece,120,115,1,120,115,https://mbtegbgsvxbefyzyxlyr.supabase.co/storage/v1/object/public/user-data/groceries.png
Colgate Sensitive B4 TB,Piece,160,150,0,0,0,https://mbtegbgsvxbefyzyxlyr.supabase.co/storage/v1/object/public/user-data/groceries.png
patanjali aloevera kanti body 600gm,Piece,152,145,2,304,290,https://mbtegbgsvxbefyzyxlyr.supabase.co/storage/v1/object/public/user-data/groceries.png
Oral B Sensitive &gums B5 TB,Piece,120,115,10,1200,1150,https://mbtegbgsvxbefyzyxlyr.supabase.co/storage/v1/object/public/user-data/groceries.png
tulips cotton pads 50N,Piece,99,90,1,99,90,https://mbtegbgsvxbefyzyxlyr.supabase.co/storage/v1/object/public/user-data/groceries.png
alife alife,Piece,40,35,6,240,210,https://mbtegbgsvxbefyzyxlyr.supabase.co/storage/v1/object/public/user-data/groceries.png
Colgate charcole TB,Piece,25,24,12,300,288,https://mbtegbgsvxbefyzyxlyr.supabase.co/storage/v1/object/public/user-data/groceries.png
rexona,Piece,42,40,9,378,360,https://mbtegbgsvxbefyzyxlyr.supabase.co/storage/v1/object/public/user-data/groceries.png
Colgate TB 20,Piece,20,20,0,0,0,https://mbtegbgsvxbefyzyxlyr.supabase.co/storage/v1/object/public/user-data/groceries.png
Colgate TB super flexi,Piece,20,20,4,80,80,https://mbtegbgsvxbefyzyxlyr.supabase.co/storage/v1/object/public/user-data/groceries.png
medimix 300gm,Piece,180,170,-1,-180,-170,https://mbtegbgsvxbefyzyxlyr.supabase.co/storage/v1/object/public/user-data/groceries.png
medimix lime 300gm,Piece,149,140,17,2533,2380,https://mbtegbgsvxbefyzyxlyr.supabase.co/storage/v1/object/public/user-data/groceries.png
santoor body lotion 20ml,Piece,10,10,21,210,210,https://mbtegbgsvxbefyzyxlyr.supabase.co/storage/v1/object/public/user-data/groceries.png
Vaseline jelly 20gm,Piece,57,55,9,513,495,https://mbtegbgsvxbefyzyxlyr.supabase.co/storage/v1/object/public/user-data/groceries.png
joy skin fruit body lotion 400ml,Piece,370,249,4,1480,996,https://mbtegbgsvxbefyzyxlyr.supabase.co/storage/v1/object/public/user-data/groceries.png
dettol original 180gm,Piece,88,83,6,528,498,https://mbtegbgsvxbefyzyxlyr.supabase.co/storage/v1/object/public/user-data/groceries.png
Joy Honey & Almonds 400ml,Piece,425,249,35,14875,8715,https://mbtegbgsvxbefyzyxlyr.supabase.co/storage/v1/object/public/user-data/groceries.png
Ice Berg wipes,Piece,199,99,13,2587,1287,https://mbtegbgsvxbefyzyxlyr.supabase.co/storage/v1/object/public/user-data/groceries.png
ENO lemon,Piece,10,10,1,10,10,https://mbtegbgsvxbefyzyxlyr.supabase.co/storage/v1/object/public/user-data/groceries.png
Himalaya ayurveda 125gm,Piece,69,65,0,0,0,https://mbtegbgsvxbefyzyxlyr.supabase.co/storage/v1/object/public/user-data/groceries.png
dettol 75gm,Piece,40,40,2,80,80,https://mbtegbgsvxbefyzyxlyr.supabase.co/storage/v1/object/public/user-data/groceries.png
ENO 100gm,Piece,185,175,2,370,350,https://mbtegbgsvxbefyzyxlyr.supabase.co/storage/v1/object/public/user-data/groceries.png
lux bathing bar 100gm,Piece,43,40,0,0,0,https://mbtegbgsvxbefyzyxlyr.supabase.co/storage/v1/object/public/user-data/groceries.png
iodex 8g,Piece,45,42,17,765,714,https://mbtegbgsvxbefyzyxlyr.supabase.co/storage/v1/object/public/user-data/groceries.png
lifebuoy lemon 100gm,Piece,39,37,3,117,111,https://mbtegbgsvxbefyzyxlyr.supabase.co/storage/v1/object/public/user-data/groceries.png
pears naturale 100gm,Piece,60,57,1,60,57,https://mbtegbgsvxbefyzyxlyr.supabase.co/storage/v1/object/public/user-data/groceries.png
Zandu Balm 8ml,Piece,43,41,10,430,410,https://mbtegbgsvxbefyzyxlyr.supabase.co/storage/v1/object/public/user-data/groceries.png
Vicks babyrub 25ml,Piece,117,112,5,585,560,https://mbtegbgsvxbefyzyxlyr.supabase.co/storage/v1/object/public/user-data/groceries.png
lux bathing bar 150gm,Piece,190,180,10,1900,1800,https://mbtegbgsvxbefyzyxlyr.supabase.co/storage/v1/object/public/user-data/groceries.png
vicks vaporub 25ml,Piece,102,98,7,714,686,https://mbtegbgsvxbefyzyxlyr.supabase.co/storage/v1/object/public/user-data/groceries.png
vicks babyrub 10ml,Piece,51,46,4,204,184,https://mbtegbgsvxbefyzyxlyr.supabase.co/storage/v1/object/public/user-data/groceries.png
lux radiant glow 150gm,Piece,190,180,14,2660,2520,https://mbtegbgsvxbefyzyxlyr.supabase.co/storage/v1/object/public/user-data/groceries.png
lifebuoy with vitamin 100gm,Piece,40,38,12,480,456,https://mbtegbgsvxbefyzyxlyr.supabase.co/storage/v1/object/public/user-data/groceries.png
falaro strawberry pulpy fruit chews 466g,Piece,126,116,5,630,580,https://mbtegbgsvxbefyzyxlyr.supabase.co/storage/v1/object/public/user-data/groceries.png
happilo supermix berries 35g,Piece,70,65,2,140,130,https://mbtegbgsvxbefyzyxlyr.supabase.co/storage/v1/object/public/user-data/groceries.png
dove 100gm,Piece,58,55,0,0,0,https://mbtegbgsvxbefyzyxlyr.supabase.co/storage/v1/object/public/user-data/groceries.png
ravalgaon cherry 478g,Piece,100,95,1,100,95,https://mbtegbgsvxbefyzyxlyr.supabase.co/storage/v1/object/public/user-data/groceries.png
Dove fresh bar 75gm,Piece,75,70,9,675,630,https://mbtegbgsvxbefyzyxlyr.supabase.co/storage/v1/object/public/user-data/groceries.png
Dove serum bar 125Ã3gm,Piece,240,230,5,1200,1150,https://mbtegbgsvxbefyzyxlyr.supabase.co/storage/v1/object/public/user-data/groceries.png
falaro guava pulpy fruit chews 466g,Piece,126,116,6,756,696,https://mbtegbgsvxbefyzyxlyr.supabase.co/storage/v1/object/public/user-data/groceries.png
ravalgaon pan pasand 560g,Piece,125,116,1,125,116,https://mbtegbgsvxbefyzyxlyr.supabase.co/storage/v1/object/public/user-data/groceries.png
my pan center filled candy,Piece,160,155,2,320,310,https://mbtegbgsvxbefyzyxlyr.supabase.co/storage/v1/object/public/user-data/groceries.png
Britannia little hearts 79g,Piece,30,30,-17,-510,-510,https://mbtegbgsvxbefyzyxlyr.supabase.co/storage/v1/object/public/user-data/groceries.png
Britannia cake gobbles 45g,Piece,13.5,13,3,40.5,39,https://mbtegbgsvxbefyzyxlyr.supabase.co/storage/v1/object/public/user-data/groceries.png
Britannia cake gobbles,Piece,13.5,13,3,40.5,39,https://mbtegbgsvxbefyzyxlyr.supabase.co/storage/v1/object/public/user-data/groceries.png
Vicks vaporub 10ml,Piece,45,42,4,180,168,https://mbtegbgsvxbefyzyxlyr.supabase.co/storage/v1/object/public/user-data/groceries.png
Vicks vaporub 5ml,Piece,25,24,13,325,312,https://mbtegbgsvxbefyzyxlyr.supabase.co/storage/v1/object/public/user-data/groceries.png
medimix ayurvedic 125gm,Piece,55,45,27,1485,1215,https://mbtegbgsvxbefyzyxlyr.supabase.co/storage/v1/object/public/user-data/groceries.png
brittania treat rich cream,Piece,45,25,16,720,400,https://mbtegbgsvxbefyzyxlyr.supabase.co/storage/v1/object/public/user-data/groceries.png
Patanjali Balm 25gm,Piece,60,55,2,120,110,https://mbtegbgsvxbefyzyxlyr.supabase.co/storage/v1/object/public/user-data/groceries.png
kinder joy,Piece,45,44,20,900,880,https://mbtegbgsvxbefyzyxlyr.supabase.co/storage/v1/object/public/user-data/groceries.png
kinder joy,Piece,45,44,32,1440,1408,https://mbtegbgsvxbefyzyxlyr.supabase.co/storage/v1/object/public/user-data/groceries.png
funko kinder joy,Piece,45,44,19,855,836,https://mbtegbgsvxbefyzyxlyr.supabase.co/storage/v1/object/public/user-data/groceries.png
milk mawa cup cake,Piece,80,60,1,80,60,https://mbtegbgsvxbefyzyxlyr.supabase.co/storage/v1/object/public/user-data/groceries.png
Vithoba dant manjan,Piece,10,10,12,120,120,https://mbtegbgsvxbefyzyxlyr.supabase.co/storage/v1/object/public/user-data/groceries.png
organic harvest 200gm,Piece,349,330,19,6631,6270,https://mbtegbgsvxbefyzyxlyr.supabase.co/storage/v1/object/public/user-data/groceries.png
suhana saffron premium kesar,Piece,245,147,22,5390,3234,https://mbtegbgsvxbefyzyxlyr.supabase.co/storage/v1/object/public/user-data/groceries.png
Vicco Vajradanti powder 20gm,Piece,20,20,18,360,360,https://mbtegbgsvxbefyzyxlyr.supabase.co/storage/v1/object/public/user-data/groceries.png
Vicco Vajradanti powder 100gm,Piece,125,120,1,125,120,https://mbtegbgsvxbefyzyxlyr.supabase.co/storage/v1/object/public/user-data/groceries.png
jo rose & cream 600gm,Piece,175,166,1,175,166,https://mbtegbgsvxbefyzyxlyr.supabase.co/storage/v1/object/public/user-data/groceries.png
natural nuts nimboo pudina chana 200g,Piece,75,60,0,0,0,https://mbtegbgsvxbefyzyxlyr.supabase.co/storage/v1/object/public/user-data/groceries.png
vicco Vajradanti powder 25gm,Piece,44,42,15,660,630,https://mbtegbgsvxbefyzyxlyr.supabase.co/storage/v1/object/public/user-data/groceries.png
jo sandal & turmeric,Piece,175,166,2,350,332,https://mbtegbgsvxbefyzyxlyr.supabase.co/storage/v1/object/public/user-data/groceries.png
natural nuts nimboo pudina 200g,Piece,75,60,1,75,60,https://mbtegbgsvxbefyzyxlyr.supabase.co/storage/v1/object/public/user-data/groceries.png
Vicco Vajradanti powder 50gm,Piece,74,70,10,740,700,https://mbtegbgsvxbefyzyxlyr.supabase.co/storage/v1/object/public/user-data/groceries.png
jo almond & cream,Piece,175,166,2,350,332,https://mbtegbgsvxbefyzyxlyr.supabase.co/storage/v1/object/public/user-data/groceries.png
vithoba dant manjan 100gm,Piece,37.5,37,15,562.5,555,https://mbtegbgsvxbefyzyxlyr.supabase.co/storage/v1/object/public/user-data/groceries.png
Vithoba dant manjan 200gm,Piece,65,60,9,585,540,https://mbtegbgsvxbefyzyxlyr.supabase.co/storage/v1/object/public/user-data/groceries.png
natural nuts magic chana,Piece,95,85,2,190,170,https://mbtegbgsvxbefyzyxlyr.supabase.co/storage/v1/object/public/user-data/groceries.png
dabur gulabari pure rose 450gm,Piece,198,188,1,198,188,https://mbtegbgsvxbefyzyxlyr.supabase.co/storage/v1/object/public/user-data/groceries.png
KS banana condom,Piece,100,80,4,400,320,https://mbtegbgsvxbefyzyxlyr.supabase.co/storage/v1/object/public/user-data/groceries.png
jabsons green peas onion and garlic 150g,Piece,80,75,3,240,225,https://mbtegbgsvxbefyzyxlyr.supabase.co/storage/v1/object/public/user-data/groceries.png
jo 600gm,Piece,175,166,1,175,166,https://mbtegbgsvxbefyzyxlyr.supabase.co/storage/v1/object/public/user-data/groceries.png
KS Strowberry condom,Piece,100,80,3,300,240,https://mbtegbgsvxbefyzyxlyr.supabase.co/storage/v1/object/public/user-data/groceries.png
KS Mango Condom,Piece,100,80,2,200,160,https://mbtegbgsvxbefyzyxlyr.supabase.co/storage/v1/object/public/user-data/groceries.png
mapro toppings chocolate syrup 200ml,Piece,90,85,1,90,85,https://mbtegbgsvxbefyzyxlyr.supabase.co/storage/v1/object/public/user-data/groceries.png
Chandika 500gm,Piece,165,156,1,165,156,https://mbtegbgsvxbefyzyxlyr.supabase.co/storage/v1/object/public/user-data/groceries.png
del Monte chocolate flavour syrup 600g,Piece,270,249,5,1350,1245,https://mbtegbgsvxbefyzyxlyr.supabase.co/storage/v1/object/public/user-data/groceries.png
santoor skin softening 400gm,Piece,152,145,37,5624,5365,https://mbtegbgsvxbefyzyxlyr.supabase.co/storage/v1/object/public/user-data/groceries.png
eat bit peanut chikki 100g,Piece,45,42,55,2475,2310,https://mbtegbgsvxbefyzyxlyr.supabase.co/storage/v1/object/public/user-data/groceries.png
chandrika double ayurveda 75gm,Piece,35,33,6,210,198,https://mbtegbgsvxbefyzyxlyr.supabase.co/storage/v1/object/public/user-data/groceries.png
kinder school bons crispy 22g,Piece,45,43,1,45,43,https://mbtegbgsvxbefyzyxlyr.supabase.co/storage/v1/object/public/user-data/groceries.png
santoor skin moisturising 44gm,Piece,10,10,69,690,690,https://mbtegbgsvxbefyzyxlyr.supabase.co/storage/v1/object/public/user-data/groceries.png
tic tac orange flavour,Piece,10,10,3,30,30,https://mbtegbgsvxbefyzyxlyr.supabase.co/storage/v1/object/public/user-data/groceries.png
tic tac spearmint,Piece,9,9,3,27,27,https://mbtegbgsvxbefyzyxlyr.supabase.co/storage/v1/object/public/user-data/groceries.png
tic tac mint,Piece,9,9,8,72,72,https://mbtegbgsvxbefyzyxlyr.supabase.co/storage/v1/object/public/user-data/groceries.png
cadbury perk 10.3g,Piece,5,5,92,460,460,https://mbtegbgsvxbefyzyxlyr.supabase.co/storage/v1/object/public/user-data/groceries.png
cadbury perk 10.3g,Piece,5,5,0,0,0,https://mbtegbgsvxbefyzyxlyr.supabase.co/storage/v1/object/public/user-data/groceries.png
cadbury perk 20.6g,Piece,10,10,5,50,50,https://mbtegbgsvxbefyzyxlyr.supabase.co/storage/v1/object/public/user-data/groceries.png
dove 75gm,Piece,142,135,1,142,135,https://mbtegbgsvxbefyzyxlyr.supabase.co/storage/v1/object/public/user-data/groceries.png
jolly rancher lollipops,Piece,5,5,9,45,45,https://mbtegbgsvxbefyzyxlyr.supabase.co/storage/v1/object/public/user-data/groceries.png
dove sandalwood 125gm,Piece,93,88,19,1767,1672,https://mbtegbgsvxbefyzyxlyr.supabase.co/storage/v1/object/public/user-data/groceries.png
jolly rancher lollipops mango flavour 9g,Piece,5,5,9,45,45,https://mbtegbgsvxbefyzyxlyr.supabase.co/storage/v1/object/public/user-data/groceries.png
jolly rancher lollipops strawberry flavour,Piece,5,5,8,40,40,https://mbtegbgsvxbefyzyxlyr.supabase.co/storage/v1/object/public/user-data/groceries.png
jolly rancher lollipops cherry flavour,Piece,5,5,5,25,25,https://mbtegbgsvxbefyzyxlyr.supabase.co/storage/v1/object/public/user-data/groceries.png
glimmer 100gm,Piece,25,24,38,950,912,https://mbtegbgsvxbefyzyxlyr.supabase.co/storage/v1/object/public/user-data/groceries.png
jolly rancher lollipops watermelon flavour,Piece,5,5,0,0,0,https://mbtegbgsvxbefyzyxlyr.supabase.co/storage/v1/object/public/user-data/groceries.png
no.1 500gm,Piece,40,38,16,640,608,https://mbtegbgsvxbefyzyxlyr.supabase.co/storage/v1/object/public/user-data/groceries.png
Ariel Front Load 4kg+2kg Free liquid,Piece,1579,1499,1,1579,1499,https://mbtegbgsvxbefyzyxlyr.supabase.co/storage/v1/object/public/user-data/groceries.png
protein wafer bar coffee 40g,Piece,80,60,0,0,0,https://mbtegbgsvxbefyzyxlyr.supabase.co/storage/v1/object/public/user-data/groceries.png
Ariel Top Load 4kg+2kg Free Liquid,Piece,1449,1399,2,2898,2798,https://mbtegbgsvxbefyzyxlyr.supabase.co/storage/v1/object/public/user-data/groceries.png
protein wafer bar chocolate 40g,Piece,80,70,4,320,280,https://mbtegbgsvxbefyzyxlyr.supabase.co/storage/v1/object/public/user-data/groceries.png
Trishul Ultra wash,Piece,300,249,5,1500,1245,https://mbtegbgsvxbefyzyxlyr.supabase.co/storage/v1/object/public/user-data/groceries.png
protein wafer bar chees40g,Piece,80,70,8,640,560,https://mbtegbgsvxbefyzyxlyr.supabase.co/storage/v1/object/public/user-data/groceries.png
cadbury dairy milk silk 52g,Piece,98,96,1,98,96,https://mbtegbgsvxbefyzyxlyr.supabase.co/storage/v1/object/public/user-data/groceries.png
Spotzero spin mop,Piece,1200,670,14,16800,9380,https://mbtegbgsvxbefyzyxlyr.supabase.co/storage/v1/object/public/user-data/groceries.png
cadbury dairy milk20g,Piece,20,20,7,140,140,https://mbtegbgsvxbefyzyxlyr.supabase.co/storage/v1/object/public/user-data/groceries.png
Milton Bathroom set,Piece,1115,599,2,2230,1198,https://mbtegbgsvxbefyzyxlyr.supabase.co/storage/v1/object/public/user-data/groceries.png
cadbury dairy milk chocolate,Piece,45,45,4,180,180,https://mbtegbgsvxbefyzyxlyr.supabase.co/storage/v1/object/public/user-data/groceries.png
Gala smarty Spin Mop,Piece,1399,849,2,2798,1698,https://mbtegbgsvxbefyzyxlyr.supabase.co/storage/v1/object/public/user-data/groceries.png
cadbury dairy milk chocolate 105g,Piece,98,96,1,98,96,https://mbtegbgsvxbefyzyxlyr.supabase.co/storage/v1/object/public/user-data/groceries.png
chitale soan papadi 200g,Piece,80,75,0,0,0,https://mbtegbgsvxbefyzyxlyr.supabase.co/storage/v1/object/public/user-data/groceries.png
Milton sweep wiper,Piece,200,179,4,800,716,https://mbtegbgsvxbefyzyxlyr.supabase.co/storage/v1/object/public/user-data/groceries.png
chitale soanpapadi mango flavour 200g,Piece,80,75,1,80,75,https://mbtegbgsvxbefyzyxlyr.supabase.co/storage/v1/object/public/user-data/groceries.png
Milton slender floor wiper 16inch,Piece,325,299,6,1950,1794,https://mbtegbgsvxbefyzyxlyr.supabase.co/storage/v1/object/public/user-data/groceries.png
chitale soan papdi orange flavoured,Piece,80,75,2,160,150,https://mbtegbgsvxbefyzyxlyr.supabase.co/storage/v1/object/public/user-data/groceries.png
spotzero gajraj,Piece,160,149,5,800,745,https://mbtegbgsvxbefyzyxlyr.supabase.co/storage/v1/object/public/user-data/groceries.png
cadbury five star 9.8g,Piece,5,5,16,80,80,https://mbtegbgsvxbefyzyxlyr.supabase.co/storage/v1/object/public/user-data/groceries.png
Gala no dust broom,Piece,200,149,10,2000,1490,https://mbtegbgsvxbefyzyxlyr.supabase.co/storage/v1/object/public/user-data/groceries.png
cadbury five star 18g,Piece,10,10,3,30,30,https://mbtegbgsvxbefyzyxlyr.supabase.co/storage/v1/object/public/user-data/groceries.png
Gala No dust broom 2in1,Piece,310,249,8,2480,1992,https://mbtegbgsvxbefyzyxlyr.supabase.co/storage/v1/object/public/user-data/groceries.png
cadbury 5star 20g,Piece,10,10,7,70,70,https://mbtegbgsvxbefyzyxlyr.supabase.co/storage/v1/object/public/user-data/groceries.png
Spotzero sweep wiper,Piece,200,190,2,400,380,https://mbtegbgsvxbefyzyxlyr.supabase.co/storage/v1/object/public/user-data/groceries.png
Spotzero floor & tile brush,Piece,280,249,2,560,498,https://mbtegbgsvxbefyzyxlyr.supabase.co/storage/v1/object/public/user-data/groceries.png
tong garden salted sunflower 30g,Piece,28,27,2,56,54,https://mbtegbgsvxbefyzyxlyr.supabase.co/storage/v1/object/public/user-data/groceries.png
Spotzero slender floor wiper,Piece,325,299,6,1950,1794,https://mbtegbgsvxbefyzyxlyr.supabase.co/storage/v1/object/public/user-data/groceries.png
Spotzero roof duster,Piece,260,229,3,780,687,https://mbtegbgsvxbefyzyxlyr.supabase.co/storage/v1/object/public/user-data/groceries.png
britania treat rich cream choco flavoured waferd 55g,Piece,50,30,16,800,480,https://mbtegbgsvxbefyzyxlyr.supabase.co/storage/v1/object/public/user-data/groceries.png
britania treat rich cream orange flavoured wafers 50g,Piece,45,30,-1,-45,-30,https://mbtegbgsvxbefyzyxlyr.supabase.co/storage/v1/object/public/user-data/groceries.png
Spotzero spin mop rod,Piece,360,310,3,1080,930,https://mbtegbgsvxbefyzyxlyr.supabase.co/storage/v1/object/public/user-data/groceries.png
Paper cup 85ml,Piece,65,50,11,715,550,https://mbtegbgsvxbefyzyxlyr.supabase.co/storage/v1/object/public/user-data/groceries.png
Paper cup big size,Piece,75,60,4,300,240,https://mbtegbgsvxbefyzyxlyr.supabase.co/storage/v1/object/public/user-data/groceries.png
Soft Safai Brush,Piece,200,149,11,2200,1639,https://mbtegbgsvxbefyzyxlyr.supabase.co/storage/v1/object/public/user-data/groceries.png
Gala T-Mop Refill,Piece,170,149,2,340,298,https://mbtegbgsvxbefyzyxlyr.supabase.co/storage/v1/object/public/user-data/groceries.png
Gala Mop refill,Piece,265,249,3,795,747,https://mbtegbgsvxbefyzyxlyr.supabase.co/storage/v1/object/public/user-data/groceries.png
Spotzero floor scrubber,Piece,125,110,1,125,110,https://mbtegbgsvxbefyzyxlyr.supabase.co/storage/v1/object/public/user-data/groceries.png
Sleek moppy,Piece,150,119,5,750,595,https://mbtegbgsvxbefyzyxlyr.supabase.co/storage/v1/object/public/user-data/groceries.png
Gala Chandra scrubbing brush,Piece,105,90,6,630,540,https://mbtegbgsvxbefyzyxlyr.supabase.co/storage/v1/object/public/user-data/groceries.png
Spotzero microfibre cloth,Piece,150,120,20,3000,2400,https://mbtegbgsvxbefyzyxlyr.supabase.co/storage/v1/object/public/user-data/groceries.png
parco kitchen wiper,Piece,88,70,1,88,70,https://mbtegbgsvxbefyzyxlyr.supabase.co/storage/v1/object/public/user-data/groceries.png
Spotzero eco toilet brush double side,Piece,130,109,3,390,327,https://mbtegbgsvxbefyzyxlyr.supabase.co/storage/v1/object/public/user-data/groceries.png
Spotzero toilet brush oval,Piece,150,119,5,750,595,https://mbtegbgsvxbefyzyxlyr.supabase.co/storage/v1/object/public/user-data/groceries.png
Gala Dustpan,Piece,90,75,13,1170,975,https://mbtegbgsvxbefyzyxlyr.supabase.co/storage/v1/object/public/user-data/groceries.png
Bottel sponge with brush,Piece,90,75,2,180,150,https://mbtegbgsvxbefyzyxlyr.supabase.co/storage/v1/object/public/user-data/groceries.png
Toilet Brush Round,Piece,135,105,1,135,105,https://mbtegbgsvxbefyzyxlyr.supabase.co/storage/v1/object/public/user-data/groceries.png
Spotzero Multipurpose plunger,Piece,90,80,9,810,720,https://mbtegbgsvxbefyzyxlyr.supabase.co/storage/v1/object/public/user-data/groceries.png
Spotzero Multiparpose plunger big,Piece,105,90,5,525,450,https://mbtegbgsvxbefyzyxlyr.supabase.co/storage/v1/object/public/user-data/groceries.png
Spotzero kaharta Plastic,Piece,135,120,2,270,240,https://mbtegbgsvxbefyzyxlyr.supabase.co/storage/v1/object/public/user-data/groceries.png
Spotzero toilet brush free cleaner,Piece,180,149,4,720,596,https://mbtegbgsvxbefyzyxlyr.supabase.co/storage/v1/object/public/user-data/groceries.png
Spotzero Pocha,Piece,60,50,3,180,150,https://mbtegbgsvxbefyzyxlyr.supabase.co/storage/v1/object/public/user-data/groceries.png
Spotzero ruf n tuff floor scrubber,Piece,125,110,5,625,550,https://mbtegbgsvxbefyzyxlyr.supabase.co/storage/v1/object/public/user-data/groceries.png
Spotzero A.C Dustpan,Piece,100,80,4,400,320,https://mbtegbgsvxbefyzyxlyr.supabase.co/storage/v1/object/public/user-data/groceries.png
cinthol lime 375 gm,Piece,150,140,24,3600,3360,https://mbtegbgsvxbefyzyxlyr.supabase.co/storage/v1/object/public/user-data/groceries.png
santoor luxury soap 150gm,Piece,75,70,15,1125,1050,https://mbtegbgsvxbefyzyxlyr.supabase.co/storage/v1/object/public/user-data/groceries.png
moitein 45ml,Piece,100,95,23,2300,2185,https://mbtegbgsvxbefyzyxlyr.supabase.co/storage/v1/object/public/user-data/groceries.png
Spotzero swish care bucket 18,Piece,435,349,4,1740,1396,https://mbtegbgsvxbefyzyxlyr.supabase.co/storage/v1/object/public/user-data/groceries.png
Spotzero orbit bucket 11,Piece,190,149,5,950,745,https://mbtegbgsvxbefyzyxlyr.supabase.co/storage/v1/object/public/user-data/groceries.png
Odomos 23gm,Piece,34,30,5,170,150,https://mbtegbgsvxbefyzyxlyr.supabase.co/storage/v1/object/public/user-data/groceries.png
Odomos 50gm,Piece,65,60,6,390,360,https://mbtegbgsvxbefyzyxlyr.supabase.co/storage/v1/object/public/user-data/groceries.png
Spotzero swish bucket 20,Piece,475,320,3,1425,960,https://mbtegbgsvxbefyzyxlyr.supabase.co/storage/v1/object/public/user-data/groceries.png
odonil 50gm,Piece,59,55,11,649,605,https://mbtegbgsvxbefyzyxlyr.supabase.co/storage/v1/object/public/user-data/groceries.png
odonil 50gm,Piece,59,55,10,590,550,https://mbtegbgsvxbefyzyxlyr.supabase.co/storage/v1/object/public/user-data/groceries.png
Pebble bucket 20,Piece,615,350,2,1230,700,https://mbtegbgsvxbefyzyxlyr.supabase.co/storage/v1/object/public/user-data/groceries.png
hersheys choco milk delights milk chocolate with crunchies,Piece,10,10,52,520,520,https://mbtegbgsvxbefyzyxlyr.supabase.co/storage/v1/object/public/user-data/groceries.png
odonil lavender 50gm,Piece,59,55,11,649,605,https://mbtegbgsvxbefyzyxlyr.supabase.co/storage/v1/object/public/user-data/groceries.png
gowardhan peanut chikki25g,Piece,10,10,70,700,700,https://mbtegbgsvxbefyzyxlyr.supabase.co/storage/v1/object/public/user-data/groceries.png
good knight refil fits 45ml,Piece,85,80,11,935,880,https://mbtegbgsvxbefyzyxlyr.supabase.co/storage/v1/object/public/user-data/groceries.png
falaro fruba strawberry fruit bar15g,Piece,10,10,22,220,220,https://mbtegbgsvxbefyzyxlyr.supabase.co/storage/v1/object/public/user-data/groceries.png
mortein power booster 10 coils,Piece,36,30,18,648,540,https://mbtegbgsvxbefyzyxlyr.supabase.co/storage/v1/object/public/user-data/groceries.png
falero fruba mango fruit bar,Piece,10,10,7,70,70,https://mbtegbgsvxbefyzyxlyr.supabase.co/storage/v1/object/public/user-data/groceries.png
good knight flash liquid 45ml,Piece,105,95,2,210,190,https://mbtegbgsvxbefyzyxlyr.supabase.co/storage/v1/object/public/user-data/groceries.png
hersheys syrup chocolate flavour 30g,Piece,10,10,34,340,340,https://mbtegbgsvxbefyzyxlyr.supabase.co/storage/v1/object/public/user-data/groceries.png
oura air freshener 220ml,Piece,169,160,3,507,480,https://mbtegbgsvxbefyzyxlyr.supabase.co/storage/v1/object/public/user-data/groceries.png
chitale paneer 200gm,Piece,90,80,2,180,160,https://mbtegbgsvxbefyzyxlyr.supabase.co/storage/v1/object/public/user-data/groceries.png
kashmiri mitha50g,Piece,26,24,2,52,48,https://mbtegbgsvxbefyzyxlyr.supabase.co/storage/v1/object/public/user-data/groceries.png
dhanasoun,Piece,25,24,35,875,840,https://mbtegbgsvxbefyzyxlyr.supabase.co/storage/v1/object/public/user-data/groceries.png
Spotzero new bucket 20,Piece,330,270,7,2310,1890,https://mbtegbgsvxbefyzyxlyr.supabase.co/storage/v1/object/public/user-data/groceries.png
oura freshly baked 220ml,Piece,169,160,3,507,480,https://mbtegbgsvxbefyzyxlyr.supabase.co/storage/v1/object/public/user-data/groceries.png
Spotzero eco bucket,Piece,270,199,5,1350,995,https://mbtegbgsvxbefyzyxlyr.supabase.co/storage/v1/object/public/user-data/groceries.png
camline xl eraser dust free,Piece,5,5,8,40,40,https://mbtegbgsvxbefyzyxlyr.supabase.co/storage/v1/object/public/user-data/groceries.png
camline grip pro,Piece,30,28,3,90,84,https://mbtegbgsvxbefyzyxlyr.supabase.co/storage/v1/object/public/user-data/groceries.png
oura floral bouquet 220ml,Piece,169,160,3,507,480,https://mbtegbgsvxbefyzyxlyr.supabase.co/storage/v1/object/public/user-data/groceries.png
Park Avenue Good morning 150ml,Piece,225,112.5,15,3375,1687.5,https://mbtegbgsvxbefyzyxlyr.supabase.co/storage/v1/object/public/user-data/groceries.png
camline hi par lead,Piece,10,10,7,70,70,https://mbtegbgsvxbefyzyxlyr.supabase.co/storage/v1/object/public/user-data/groceries.png
oura beach bae220ml,Piece,169,160,2,338,320,https://mbtegbgsvxbefyzyxlyr.supabase.co/storage/v1/object/public/user-data/groceries.png
Spotzero bubble bucket 25,Piece,730,499,5,3650,2495,https://mbtegbgsvxbefyzyxlyr.supabase.co/storage/v1/object/public/user-data/groceries.png
friendly notebook,Piece,45,40,1,45,40,https://mbtegbgsvxbefyzyxlyr.supabase.co/storage/v1/object/public/user-data/groceries.png
friendly notebook,Piece,35,30,24,840,720,https://mbtegbgsvxbefyzyxlyr.supabase.co/storage/v1/object/public/user-data/groceries.png
Yardley London Daffodil 150ml,Piece,225,180,5,1125,900,https://mbtegbgsvxbefyzyxlyr.supabase.co/storage/v1/object/public/user-data/groceries.png
odonil sandal bouquet 220ml,Piece,169,160,21,3549,3360,https://mbtegbgsvxbefyzyxlyr.supabase.co/storage/v1/object/public/user-data/groceries.png
friendly notebook,Piece,20,15,5,100,75,https://mbtegbgsvxbefyzyxlyr.supabase.co/storage/v1/object/public/user-data/groceries.png
wild stone b1g1 combo,Piece,498,249,1,498,249,https://mbtegbgsvxbefyzyxlyr.supabase.co/storage/v1/object/public/user-data/groceries.png
camel sketch pen,Piece,75,70,3,225,210,https://mbtegbgsvxbefyzyxlyr.supabase.co/storage/v1/object/public/user-data/groceries.png
wild stone ultra sensual,Piece,225,175,1,225,175,https://mbtegbgsvxbefyzyxlyr.supabase.co/storage/v1/object/public/user-data/groceries.png
camline writing kit,Piece,20,18,47,940,846,https://mbtegbgsvxbefyzyxlyr.supabase.co/storage/v1/object/public/user-data/groceries.png
fiama japanese 375 gm,Piece,314,304,5,1570,1520,https://mbtegbgsvxbefyzyxlyr.supabase.co/storage/v1/object/public/user-data/groceries.png
denver sporting club,Piece,230,200,1,230,200,https://mbtegbgsvxbefyzyxlyr.supabase.co/storage/v1/object/public/user-data/groceries.png
camline white glue22g,Piece,10,10,84,840,840,https://mbtegbgsvxbefyzyxlyr.supabase.co/storage/v1/object/public/user-data/groceries.png
denver hamilton,Piece,230,195,1,230,195,https://mbtegbgsvxbefyzyxlyr.supabase.co/storage/v1/object/public/user-data/groceries.png
fiama japanese 375 gm,Piece,314,304,5,1570,1520,https://mbtegbgsvxbefyzyxlyr.supabase.co/storage/v1/object/public/user-data/groceries.png
denver caliber hamilton,Piece,230,195,1,230,195,https://mbtegbgsvxbefyzyxlyr.supabase.co/storage/v1/object/public/user-data/groceries.png
denver champ 165 ml,Piece,230,200,4,920,800,https://mbtegbgsvxbefyzyxlyr.supabase.co/storage/v1/object/public/user-data/groceries.png
lifebuoy lemon 125Ã7gm,Piece,370,351,10,3700,3510,https://mbtegbgsvxbefyzyxlyr.supabase.co/storage/v1/object/public/user-data/groceries.png
denver royal Qud,Piece,230,190,4,920,760,https://mbtegbgsvxbefyzyxlyr.supabase.co/storage/v1/object/public/user-data/groceries.png
denver saxe,Piece,230,190,3,690,570,https://mbtegbgsvxbefyzyxlyr.supabase.co/storage/v1/object/public/user-data/groceries.png
camline scale 30cm,Piece,12,12,4,48,48,https://mbtegbgsvxbefyzyxlyr.supabase.co/storage/v1/object/public/user-data/groceries.png
park Avenue cool blue 500gm,Piece,240,225,9,2160,2025,https://mbtegbgsvxbefyzyxlyr.supabase.co/storage/v1/object/public/user-data/groceries.png
camlin scholar pro,Piece,350,345,4,1400,1380,https://mbtegbgsvxbefyzyxlyr.supabase.co/storage/v1/object/public/user-data/groceries.png
fiama blue berry 375gm,Piece,314,290,9,2826,2610,https://mbtegbgsvxbefyzyxlyr.supabase.co/storage/v1/object/public/user-data/groceries.png
camline scale 15cm,Piece,50,5,3,150,15,https://mbtegbgsvxbefyzyxlyr.supabase.co/storage/v1/object/public/user-data/groceries.png
fiama goji berry 375gm,Piece,314,290,5,1570,1450,https://mbtegbgsvxbefyzyxlyr.supabase.co/storage/v1/object/public/user-data/groceries.png
camline scholar essential,Piece,75,70,2,150,140,https://mbtegbgsvxbefyzyxlyr.supabase.co/storage/v1/object/public/user-data/groceries.png
camline scholar draft,Piece,100,95,2,200,190,https://mbtegbgsvxbefyzyxlyr.supabase.co/storage/v1/object/public/user-data/groceries.png
cinthol cool 500gm,Piece,224,212,0,0,0,https://mbtegbgsvxbefyzyxlyr.supabase.co/storage/v1/object/public/user-data/groceries.png
camlin scholar draft mathematical drawing instrument,Piece,100,95,2,200,190,https://mbtegbgsvxbefyzyxlyr.supabase.co/storage/v1/object/public/user-data/groceries.png
camlin scholar box,Piece,100,95,2,200,190,https://mbtegbgsvxbefyzyxlyr.supabase.co/storage/v1/object/public/user-data/groceries.png
camlin scholar plus,Piece,200,195,7,1400,1365,https://mbtegbgsvxbefyzyxlyr.supabase.co/storage/v1/object/public/user-data/groceries.png
Kerala sandal soap 450gm,Piece,340,330,6,2040,1980,https://mbtegbgsvxbefyzyxlyr.supabase.co/storage/v1/object/public/user-data/groceries.png
camlin scholar,Piece,145,140,9,1305,1260,https://mbtegbgsvxbefyzyxlyr.supabase.co/storage/v1/object/public/user-data/groceries.png
apsara colour pencil 24shades,Piece,120,115,1,120,115,https://mbtegbgsvxbefyzyxlyr.supabase.co/storage/v1/object/public/user-data/groceries.png
gold 125gm,Piece,90,85,3,270,255,https://mbtegbgsvxbefyzyxlyr.supabase.co/storage/v1/object/public/user-data/groceries.png
camel poster colours,Piece,210,205,5,1050,1025,https://mbtegbgsvxbefyzyxlyr.supabase.co/storage/v1/object/public/user-data/groceries.png
camel poster colours 6shades,Piece,100,95,6,600,570,https://mbtegbgsvxbefyzyxlyr.supabase.co/storage/v1/object/public/user-data/groceries.png
Himalaya neem & turmeric soap 75Ã4gm,Piece,141,130,4,564,520,https://mbtegbgsvxbefyzyxlyr.supabase.co/storage/v1/object/public/user-data/groceries.png
camel poster colour 18shade,Piece,265,260,2,530,520,https://mbtegbgsvxbefyzyxlyr.supabase.co/storage/v1/object/public/user-data/groceries.png
camel oil pastels,Piece,40,38,7,280,266,https://mbtegbgsvxbefyzyxlyr.supabase.co/storage/v1/object/public/user-data/groceries.png
no.1 sandal turmeric 500gm,Piece,145,135,4,580,540,https://mbtegbgsvxbefyzyxlyr.supabase.co/storage/v1/object/public/user-data/groceries.png
oil pastels 15shade,Piece,60,55,5,300,275,https://mbtegbgsvxbefyzyxlyr.supabase.co/storage/v1/object/public/user-data/groceries.png
sketch pen 12shades,Piece,30,28,5,150,140,https://mbtegbgsvxbefyzyxlyr.supabase.co/storage/v1/object/public/user-data/groceries.png
no.1 lime aloe vera 500gm,Piece,145,135,22,3190,2970,https://mbtegbgsvxbefyzyxlyr.supabase.co/storage/v1/object/public/user-data/groceries.png
camel wax crayons,Piece,10,10,10,100,100,https://mbtegbgsvxbefyzyxlyr.supabase.co/storage/v1/object/public/user-data/groceries.png
fogg paradise,Piece,225,195,3,675,585,https://mbtegbgsvxbefyzyxlyr.supabase.co/storage/v1/object/public/user-data/groceries.png
camel oil pastels 25shades,Piece,98,95,1,98,95,https://mbtegbgsvxbefyzyxlyr.supabase.co/storage/v1/object/public/user-data/groceries.png
fogg marco,Piece,225,195,1,225,195,https://mbtegbgsvxbefyzyxlyr.supabase.co/storage/v1/object/public/user-data/groceries.png
get real sandal wood 500gm,Piece,115,100,9,1035,900,https://mbtegbgsvxbefyzyxlyr.supabase.co/storage/v1/object/public/user-data/groceries.png
Wipro garnet,Piece,240,235,12,2880,2820,https://mbtegbgsvxbefyzyxlyr.supabase.co/storage/v1/object/public/user-data/groceries.png
get real neem 500gm,Piece,115,100,6,690,600,https://mbtegbgsvxbefyzyxlyr.supabase.co/storage/v1/object/public/user-data/groceries.png
fogg napoleon,Piece,225,175,6,1350,1050,https://mbtegbgsvxbefyzyxlyr.supabase.co/storage/v1/object/public/user-data/groceries.png
camel oil pastels cryons,Piece,120,115,3,360,345,https://mbtegbgsvxbefyzyxlyr.supabase.co/storage/v1/object/public/user-data/groceries.png
camlin modelling clay,Piece,35,30,4,140,120,https://mbtegbgsvxbefyzyxlyr.supabase.co/storage/v1/object/public/user-data/groceries.png
santoor fresh skin lime 500gm,Piece,165,156,26,4290,4056,https://mbtegbgsvxbefyzyxlyr.supabase.co/storage/v1/object/public/user-data/groceries.png
fogg royal,Piece,225,175,11,2475,1925,https://mbtegbgsvxbefyzyxlyr.supabase.co/storage/v1/object/public/user-data/groceries.png
camlin modelling clay100g,Piece,65,60,12,780,720,https://mbtegbgsvxbefyzyxlyr.supabase.co/storage/v1/object/public/user-data/groceries.png
vanesa touche,Piece,175,150,8,1400,1200,https://mbtegbgsvxbefyzyxlyr.supabase.co/storage/v1/object/public/user-data/groceries.png
camel colour pencils 12shade,Piece,60,58,7,420,406,https://mbtegbgsvxbefyzyxlyr.supabase.co/storage/v1/object/public/user-data/groceries.png
dettol lime cool 400gm,Piece,154,143,5,770,715,https://mbtegbgsvxbefyzyxlyr.supabase.co/storage/v1/object/public/user-data/groceries.png
set wet charm avatar,Piece,250,160,1,250,160,https://mbtegbgsvxbefyzyxlyr.supabase.co/storage/v1/object/public/user-data/groceries.png
camlin colour pencils12shades,Piece,29,25,14,406,350,https://mbtegbgsvxbefyzyxlyr.supabase.co/storage/v1/object/public/user-data/groceries.png
kinder creamy,Piece,25,24,36,900,864,https://mbtegbgsvxbefyzyxlyr.supabase.co/storage/v1/object/public/user-data/groceries.png
dettol lcy cool 500gm,Piece,195,185,2,390,370,https://mbtegbgsvxbefyzyxlyr.supabase.co/storage/v1/object/public/user-data/groceries.png
camlin fine tip perment market,Piece,10,10,9,90,90,https://mbtegbgsvxbefyzyxlyr.supabase.co/storage/v1/object/public/user-data/groceries.png
camlin bold e market,Piece,20,20,6,120,120,https://mbtegbgsvxbefyzyxlyr.supabase.co/storage/v1/object/public/user-data/groceries.png
camlin bold e marker,Piece,20,20,5,100,100,https://mbtegbgsvxbefyzyxlyr.supabase.co/storage/v1/object/public/user-data/groceries.png
camlin white board market,Piece,20,20,6,120,120,https://mbtegbgsvxbefyzyxlyr.supabase.co/storage/v1/object/public/user-data/groceries.png
medimix 75Ã6 gm,Piece,190,180,14,2660,2520,https://mbtegbgsvxbefyzyxlyr.supabase.co/storage/v1/object/public/user-data/groceries.png
camlin supreme hd pencils,Piece,70,65,43,3010,2795,https://mbtegbgsvxbefyzyxlyr.supabase.co/storage/v1/object/public/user-data/groceries.png
glimmer 500gm,Piece,115,100,26,2990,2600,https://mbtegbgsvxbefyzyxlyr.supabase.co/storage/v1/object/public/user-data/groceries.png
santoor 400gm,Piece,150,140,11,1650,1540,https://mbtegbgsvxbefyzyxlyr.supabase.co/storage/v1/object/public/user-data/groceries.png
vim liquid,Piece,20,19,54,1080,1026,https://mbtegbgsvxbefyzyxlyr.supabase.co/storage/v1/object/public/user-data/groceries.png
ariel machine expert top load4kg,Piece,1150,1050,2,2300,2100,https://mbtegbgsvxbefyzyxlyr.supabase.co/storage/v1/object/public/user-data/groceries.png
vim super value pack 4Ã200,Piece,81,75,0,0,0,https://mbtegbgsvxbefyzyxlyr.supabase.co/storage/v1/object/public/user-data/groceries.png
ariel power gel top load and semi auto3kg,Piece,469,465,1,469,465,https://mbtegbgsvxbefyzyxlyr.supabase.co/storage/v1/object/public/user-data/groceries.png
Vim maha tub 500gm,Piece,60,55,39,2340,2145,https://mbtegbgsvxbefyzyxlyr.supabase.co/storage/v1/object/public/user-data/groceries.png
lohana ashok sundari 90gm,Piece,100,95,5,500,475,https://mbtegbgsvxbefyzyxlyr.supabase.co/storage/v1/object/public/user-data/groceries.png
godrej fab liquid detergent 950ml,Piece,99,94,5,495,470,https://mbtegbgsvxbefyzyxlyr.supabase.co/storage/v1/object/public/user-data/groceries.png
lohana shahibag 90gm,Piece,100,80,11,1100,880,https://mbtegbgsvxbefyzyxlyr.supabase.co/storage/v1/object/public/user-data/groceries.png
ariel power gel top load and semi auto 500g,Piece,149,144,3,447,432,https://mbtegbgsvxbefyzyxlyr.supabase.co/storage/v1/object/public/user-data/groceries.png
vim 3Ã90+90gm,Piece,30,27,0,0,0,https://mbtegbgsvxbefyzyxlyr.supabase.co/storage/v1/object/public/user-data/groceries.png
ariel power gel front load 1kg,Piece,235,230,1,235,230,https://mbtegbgsvxbefyzyxlyr.supabase.co/storage/v1/object/public/user-data/groceries.png
vim 140gm,Piece,10,10,35,350,350,https://mbtegbgsvxbefyzyxlyr.supabase.co/storage/v1/object/public/user-data/groceries.png
tide matic top load 1kg,Piece,169,165,3,507,495,https://mbtegbgsvxbefyzyxlyr.supabase.co/storage/v1/object/public/user-data/groceries.png
chatrapati samrani cup,Piece,60,40,40,2400,1600,https://mbtegbgsvxbefyzyxlyr.supabase.co/storage/v1/object/public/user-data/groceries.png
surf excel matic top load4kg,Piece,830,825,0,0,0,https://mbtegbgsvxbefyzyxlyr.supabase.co/storage/v1/object/public/user-data/groceries.png
quality detergent bar 180gm,Piece,10,8,58,580,464,https://mbtegbgsvxbefyzyxlyr.supabase.co/storage/v1/object/public/user-data/groceries.png
vim liquid 500ml,Piece,99,95,12,1188,1140,https://mbtegbgsvxbefyzyxlyr.supabase.co/storage/v1/object/public/user-data/groceries.png
trishul dishwash bar 4Ã125gm,Piece,40,30,81,3240,2430,https://mbtegbgsvxbefyzyxlyr.supabase.co/storage/v1/object/public/user-data/groceries.png
lifebuoy germ 125Ã4,Piece,180,170,5,900,850,https://mbtegbgsvxbefyzyxlyr.supabase.co/storage/v1/object/public/user-data/groceries.png
lohana era 90gm,Piece,100,80,12,1200,960,https://mbtegbgsvxbefyzyxlyr.supabase.co/storage/v1/object/public/user-data/groceries.png
giffy liquid combo 500ml,Piece,192,186,11,2112,2046,https://mbtegbgsvxbefyzyxlyr.supabase.co/storage/v1/object/public/user-data/groceries.png
trishul dishwash tub 500gm,Piece,65,55,92,5980,5060,https://mbtegbgsvxbefyzyxlyr.supabase.co/storage/v1/object/public/user-data/groceries.png
lifebuoy lime 500gm,Piece,155,147,2,310,294,https://mbtegbgsvxbefyzyxlyr.supabase.co/storage/v1/object/public/user-data/groceries.png
lohana mallikarjun 90gm,Piece,90,70,6,540,420,https://mbtegbgsvxbefyzyxlyr.supabase.co/storage/v1/object/public/user-data/groceries.png
giffy liquid detergent 120ml,Piece,15,15,63,945,945,https://mbtegbgsvxbefyzyxlyr.supabase.co/storage/v1/object/public/user-data/groceries.png
Rin Bright Like New 500g,Pc,33,33,0,0,0,https://mbtegbgsvxbefyzyxlyr.supabase.co/storage/v1/object/public/user-data/scaled_image_picker4545105215330669233.jpg
hem haveli 90gm,Piece,65,45,13,845,585,https://mbtegbgsvxbefyzyxlyr.supabase.co/storage/v1/object/public/user-data/groceries.png
lifebuoy neem 400gm,Piece,148,140,1,148,140,https://mbtegbgsvxbefyzyxlyr.supabase.co/storage/v1/object/public/user-data/groceries.png
rin  bright like new500g,Piece,56,55,-6,-336,-330,https://mbtegbgsvxbefyzyxlyr.supabase.co/storage/v1/object/public/user-data/groceries.png
vakratund karuna 90gm,Piece,70,50,9,630,450,https://mbtegbgsvxbefyzyxlyr.supabase.co/storage/v1/object/public/user-data/groceries.png
tide blue bar16g,Piece,10,10,127,1270,1270,https://mbtegbgsvxbefyzyxlyr.supabase.co/storage/v1/object/public/user-data/groceries.png
tide white bar,Piece,10,10,100,1000,1000,https://mbtegbgsvxbefyzyxlyr.supabase.co/storage/v1/object/public/user-data/groceries.png
vakratund ananda 90gm,Piece,70,60,8,560,480,https://mbtegbgsvxbefyzyxlyr.supabase.co/storage/v1/object/public/user-data/groceries.png
surf excel stain eraser1459,Piece,20,20,-8,-160,-160,https://mbtegbgsvxbefyzyxlyr.supabase.co/storage/v1/object/public/user-data/groceries.png
vim liquid 250ml,Piece,60,57,10,600,570,https://mbtegbgsvxbefyzyxlyr.supabase.co/storage/v1/object/public/user-data/groceries.png
lifebuoy turmeric 400gm,Piece,154,145,8,1232,1160,https://mbtegbgsvxbefyzyxlyr.supabase.co/storage/v1/object/public/user-data/groceries.png
surf excel stain eraser149g,Piece,20,20,8,160,160,https://mbtegbgsvxbefyzyxlyr.supabase.co/storage/v1/object/public/user-data/groceries.png
vim bar 300gm,Piece,30,29,7,210,203,https://mbtegbgsvxbefyzyxlyr.supabase.co/storage/v1/object/public/user-data/groceries.png
vakratund champa 90gm,Piece,70,60,8,560,480,https://mbtegbgsvxbefyzyxlyr.supabase.co/storage/v1/object/public/user-data/groceries.png
dettol icy cool 150gm,Piece,72,65,9,648,585,https://mbtegbgsvxbefyzyxlyr.supabase.co/storage/v1/object/public/user-data/groceries.png
surf excel stain eraser 840g,Piece,10,10,35,350,350,https://mbtegbgsvxbefyzyxlyr.supabase.co/storage/v1/object/public/user-data/groceries.png
Camlin Klick Pen Pencil 1N,Pc,10,10,0,0,0,https://mbtegbgsvxbefyzyxlyr.supabase.co/storage/v1/object/public/user-data/Camlin_Klick_Pen_Pencil_1N_1673336465866.png
sasa liquid 1kg,Piece,70,60,5,350,300,https://mbtegbgsvxbefyzyxlyr.supabase.co/storage/v1/object/public/user-data/groceries.png
super quality detergent cake250g,Piece,10,10,255,2550,2550,https://mbtegbgsvxbefyzyxlyr.supabase.co/storage/v1/object/public/user-data/groceries.png
lohana kalakruti 90gm,Piece,100,80,9,900,720,https://mbtegbgsvxbefyzyxlyr.supabase.co/storage/v1/object/public/user-data/groceries.png
vim bar 60gm,Piece,5,5,211,1055,1055,https://mbtegbgsvxbefyzyxlyr.supabase.co/storage/v1/object/public/user-data/groceries.png
Gala Stainless steel Scrub,Piece,40,30,181,7240,5430,https://mbtegbgsvxbefyzyxlyr.supabase.co/storage/v1/object/public/user-data/groceries.png
dettol original 150gm,Piece,72,65,0,0,0,https://mbtegbgsvxbefyzyxlyr.supabase.co/storage/v1/object/public/user-data/groceries.png
rin month pack 4bars,Piece,100,95,4,400,380,https://mbtegbgsvxbefyzyxlyr.supabase.co/storage/v1/object/public/user-data/groceries.png
vakratund shlok 90gm,Piece,70,50,12,840,600,https://mbtegbgsvxbefyzyxlyr.supabase.co/storage/v1/object/public/user-data/groceries.png
vim pudina fresh 250gm,Piece,30,29,23,690,667,https://mbtegbgsvxbefyzyxlyr.supabase.co/storage/v1/object/public/user-data/groceries.png
Gala Super Scrub,Piece,45,35,330,14850,11550,https://mbtegbgsvxbefyzyxlyr.supabase.co/storage/v1/object/public/user-data/groceries.png
patanjali 75gm,Piece,22,20,0,0,0,https://mbtegbgsvxbefyzyxlyr.supabase.co/storage/v1/object/public/user-data/groceries.png
Hindustan unilever limited rin 250g,Piece,25,24,0,0,0,https://mbtegbgsvxbefyzyxlyr.supabase.co/storage/v1/object/public/user-data/groceries.png
vakratund jasmin 90gm,Piece,70,50,10,700,500,https://mbtegbgsvxbefyzyxlyr.supabase.co/storage/v1/object/public/user-data/groceries.png
Spotzero as clean up 7,Piece,255,219,5,1275,1095,https://mbtegbgsvxbefyzyxlyr.supabase.co/storage/v1/object/public/user-data/groceries.png
dettol original 100gm,Piece,46,43,4,184,172,https://mbtegbgsvxbefyzyxlyr.supabase.co/storage/v1/object/public/user-data/groceries.png
wheel powder 500gm,Piece,39,37,10,390,370,https://mbtegbgsvxbefyzyxlyr.supabase.co/storage/v1/object/public/user-data/groceries.png
vakratund shyama 90gm,Piece,70,50,13,910,650,https://mbtegbgsvxbefyzyxlyr.supabase.co/storage/v1/object/public/user-data/groceries.png
Nirma shakti 1kg,Piece,66,62,11,726,682,https://mbtegbgsvxbefyzyxlyr.supabase.co/storage/v1/object/public/user-data/groceries.png
get real mixed herbs 100gm,Piece,25,25,12,300,300,https://mbtegbgsvxbefyzyxlyr.supabase.co/storage/v1/object/public/user-data/groceries.png
tide blue bar 4+1free,Piece,115,110,33,3795,3630,https://mbtegbgsvxbefyzyxlyr.supabase.co/storage/v1/object/public/user-data/groceries.png
Spotzero SZ clean up 12,Piece,395,299,2,790,598,https://mbtegbgsvxbefyzyxlyr.supabase.co/storage/v1/object/public/user-data/groceries.png
glimmer 100gm,Piece,25,25,40,1000,1000,https://mbtegbgsvxbefyzyxlyr.supabase.co/storage/v1/object/public/user-data/groceries.png
vakratund aadidev 90gm,Piece,70,50,10,700,500,https://mbtegbgsvxbefyzyxlyr.supabase.co/storage/v1/object/public/user-data/groceries.png
super quality detergent 1kg,Piece,70,65,23,1610,1495,https://mbtegbgsvxbefyzyxlyr.supabase.co/storage/v1/object/public/user-data/groceries.png
tide white bar 4+1free,Piece,115,110,38,4370,4180,https://mbtegbgsvxbefyzyxlyr.supabase.co/storage/v1/object/public/user-data/groceries.png
vivel lotus oil 150gm,Piece,75,70,2,150,140,https://mbtegbgsvxbefyzyxlyr.supabase.co/storage/v1/object/public/user-data/groceries.png
vakratund ananda 90gm,Piece,70,60,3,210,180,https://mbtegbgsvxbefyzyxlyr.supabase.co/storage/v1/object/public/user-data/groceries.png
new sargam230g,Piece,10,10,85,850,850,https://mbtegbgsvxbefyzyxlyr.supabase.co/storage/v1/object/public/user-data/groceries.png
super quality detergent 500gm,Piece,37,35,70,2590,2450,https://mbtegbgsvxbefyzyxlyr.supabase.co/storage/v1/object/public/user-data/groceries.png
vakratund levender 90gm,Piece,70,50,7,490,350,https://mbtegbgsvxbefyzyxlyr.supabase.co/storage/v1/object/public/user-data/groceries.png
wild stone 300gm,Piece,120,114,8,960,912,https://mbtegbgsvxbefyzyxlyr.supabase.co/storage/v1/object/public/user-data/groceries.png
sargam plus1.2kg,Piece,52,50,9,468,450,https://mbtegbgsvxbefyzyxlyr.supabase.co/storage/v1/object/public/user-data/groceries.png
tide detergent powder 1kg,Piece,84,82,10,840,820,https://mbtegbgsvxbefyzyxlyr.supabase.co/storage/v1/object/public/user-data/groceries.png
vakratund pransh 90gm,Piece,70,50,10,700,500,https://mbtegbgsvxbefyzyxlyr.supabase.co/storage/v1/object/public/user-data/groceries.png
fenna mahabar advanced,Piece,60,50,6,360,300,https://mbtegbgsvxbefyzyxlyr.supabase.co/storage/v1/object/public/user-data/groceries.png
tide detergent powder 500gm,Piece,45,43,13,585,559,https://mbtegbgsvxbefyzyxlyr.supabase.co/storage/v1/object/public/user-data/groceries.png
fiama men 125gm,Piece,84,75,10,840,750,https://mbtegbgsvxbefyzyxlyr.supabase.co/storage/v1/object/public/user-data/groceries.png
bhavana agarbatti 150gm,Piece,65,45,2,130,90,https://mbtegbgsvxbefyzyxlyr.supabase.co/storage/v1/object/public/user-data/groceries.png
sargam big shot detergent powder 1kg,Piece,73,71,6,438,426,https://mbtegbgsvxbefyzyxlyr.supabase.co/storage/v1/object/public/user-data/groceries.png
trishul ultra wash detergent powder 1kg,Piece,75,70,41,3075,2870,https://mbtegbgsvxbefyzyxlyr.supabase.co/storage/v1/object/public/user-data/groceries.png
sargam big shot500g,Piece,37,35,10,370,350,https://mbtegbgsvxbefyzyxlyr.supabase.co/storage/v1/object/public/user-data/groceries.png
vakratund sandal 90gm,Piece,70,50,0,0,0,https://mbtegbgsvxbefyzyxlyr.supabase.co/storage/v1/object/public/user-data/groceries.png
vivel aloe vera 450gm,Piece,130,120,2,260,240,https://mbtegbgsvxbefyzyxlyr.supabase.co/storage/v1/object/public/user-data/groceries.png
tide double power plus jasmine and rose 70g,Piece,10,10,32,320,320,https://mbtegbgsvxbefyzyxlyr.supabase.co/storage/v1/object/public/user-data/groceries.png
hem musk 90gm,Piece,60,40,0,0,0,https://mbtegbgsvxbefyzyxlyr.supabase.co/storage/v1/object/public/user-data/groceries.png
fortune mustard oil 500ml,Piece,124,105,46,5704,4830,https://mbtegbgsvxbefyzyxlyr.supabase.co/storage/v1/object/public/user-data/groceries.png
trishul ultra wash detergent powder 500gm,Piece,40,38,27,1080,1026,https://mbtegbgsvxbefyzyxlyr.supabase.co/storage/v1/object/public/user-data/groceries.png
ariel perfect wash removed stain in 1wadh45g,Piece,10,10,88,880,880,https://mbtegbgsvxbefyzyxlyr.supabase.co/storage/v1/object/public/user-data/groceries.png
vivel lotus oil + aloe vera 450gm,Piece,120,110,3,360,330,https://mbtegbgsvxbefyzyxlyr.supabase.co/storage/v1/object/public/user-data/groceries.png
surf excel matic top load 50ml,Piece,10,10,-13,-130,-130,https://mbtegbgsvxbefyzyxlyr.supabase.co/storage/v1/object/public/user-data/groceries.png
Fortune Mustard oil 1L,Piece,240,199,4,960,796,https://mbtegbgsvxbefyzyxlyr.supabase.co/storage/v1/object/public/user-data/groceries.png
ariel perfect wash 500g,Piece,77,75,12,924,900,https://mbtegbgsvxbefyzyxlyr.supabase.co/storage/v1/object/public/user-data/groceries.png
lohana black mask 105gm,Piece,75,55,19,1425,1045,https://mbtegbgsvxbefyzyxlyr.supabase.co/storage/v1/object/public/user-data/groceries.png
trishul ultra wash detergent powder 500gm,Piece,40,38,71,2840,2698,https://mbtegbgsvxbefyzyxlyr.supabase.co/storage/v1/object/public/user-data/groceries.png
vivel glycerine 125gm,Piece,90,85,18,1620,1530,https://mbtegbgsvxbefyzyxlyr.supabase.co/storage/v1/object/public/user-data/groceries.png
set wet mischief avatar,Piece,250,199,18,4500,3582,https://mbtegbgsvxbefyzyxlyr.supabase.co/storage/v1/object/public/user-data/groceries.png
lohana luxury attar 100gm,Piece,75,55,1,75,55,https://mbtegbgsvxbefyzyxlyr.supabase.co/storage/v1/object/public/user-data/groceries.png
ariel complete +semi auto and hand wash500g+200gfreee,Piece,166,163,6,996,978,https://mbtegbgsvxbefyzyxlyr.supabase.co/storage/v1/object/public/user-data/groceries.png
super quality detergent powder 110gm,Piece,10,10,-19,-190,-190,https://mbtegbgsvxbefyzyxlyr.supabase.co/storage/v1/object/public/user-data/groceries.png
lohana spray attar 100gm,Piece,75,55,7,525,385,https://mbtegbgsvxbefyzyxlyr.supabase.co/storage/v1/object/public/user-data/groceries.png
ariel perfect wash1kg,Piece,154,150,8,1232,1200,https://mbtegbgsvxbefyzyxlyr.supabase.co/storage/v1/object/public/user-data/groceries.png
fiama gel bar 125gm,Piece,84,75,11,924,825,https://mbtegbgsvxbefyzyxlyr.supabase.co/storage/v1/object/public/user-data/groceries.png
fogg royal 120ml,Piece,225,175,10,2250,1750,https://mbtegbgsvxbefyzyxlyr.supabase.co/storage/v1/object/public/user-data/groceries.png
giffy liquid detergent 120ml,Piece,15,15,36,540,540,https://mbtegbgsvxbefyzyxlyr.supabase.co/storage/v1/object/public/user-data/groceries.png
vim liquid 500ml,Piece,99,95,3,297,285,https://mbtegbgsvxbefyzyxlyr.supabase.co/storage/v1/object/public/user-data/groceries.png
medimix natural glycerine 400gm,Piece,180,170,12,2160,2040,https://mbtegbgsvxbefyzyxlyr.supabase.co/storage/v1/object/public/user-data/groceries.png
shree paras lavender agarbatti 225gm,Piece,200,160,1,200,160,https://mbtegbgsvxbefyzyxlyr.supabase.co/storage/v1/object/public/user-data/groceries.png
ariel machine expert top load 1kg,Piece,290,280,19,5510,5320,https://mbtegbgsvxbefyzyxlyr.supabase.co/storage/v1/object/public/user-data/groceries.png
hit anti mosquito 625ml,Piece,250,235,5,1250,1175,https://mbtegbgsvxbefyzyxlyr.supabase.co/storage/v1/object/public/user-data/groceries.png
trishul naphthalene balls,Piece,18,18,186,3348,3348,https://mbtegbgsvxbefyzyxlyr.supabase.co/storage/v1/object/public/user-data/groceries.png
ariel  complete plus semi auto and hand wash1kg +500g free,Piece,355,350,6,2130,2100,https://mbtegbgsvxbefyzyxlyr.supabase.co/storage/v1/object/public/user-data/groceries.png
dream land agarbatti 220gm,Piece,140,112,3,420,336,https://mbtegbgsvxbefyzyxlyr.supabase.co/storage/v1/object/public/user-data/groceries.png
rin bright like new 1kg,Piece,111,108,-7,-777,-756,https://mbtegbgsvxbefyzyxlyr.supabase.co/storage/v1/object/public/user-data/groceries.png
set wet charam avatar,Piece,250,199,25,6250,4975,https://mbtegbgsvxbefyzyxlyr.supabase.co/storage/v1/object/public/user-data/groceries.png
Gala Super Scrub,Piece,45,40,173,7785,6920,https://mbtegbgsvxbefyzyxlyr.supabase.co/storage/v1/object/public/user-data/groceries.png
hit 200ml,Piece,120,110,7,840,770,https://mbtegbgsvxbefyzyxlyr.supabase.co/storage/v1/object/public/user-data/groceries.png
rin bright like new 1kg,Piece,111,108,40,4440,4320,https://mbtegbgsvxbefyzyxlyr.supabase.co/storage/v1/object/public/user-data/groceries.png
vanish oxy action 100gm,Piece,75,70,4,300,280,https://mbtegbgsvxbefyzyxlyr.supabase.co/storage/v1/object/public/user-data/groceries.png
rangeberangi agarbatti 200gm,Piece,140,112,1,140,112,https://mbtegbgsvxbefyzyxlyr.supabase.co/storage/v1/object/public/user-data/groceries.png
ks urge 150ml,Piece,230,115,2,460,230,https://mbtegbgsvxbefyzyxlyr.supabase.co/storage/v1/object/public/user-data/groceries.png
surf excel easy wash 1.5kg,Piece,235,230,0,0,0,https://mbtegbgsvxbefyzyxlyr.supabase.co/storage/v1/object/public/user-data/groceries.png
Revive instant starch 50gm,Piece,20,20,49,980,980,https://mbtegbgsvxbefyzyxlyr.supabase.co/storage/v1/object/public/user-data/groceries.png
ks spark 150ml,Piece,230,115,3,690,345,https://mbtegbgsvxbefyzyxlyr.supabase.co/storage/v1/object/public/user-data/groceries.png
hit 125ml,Piece,85,80,8,680,640,https://mbtegbgsvxbefyzyxlyr.supabase.co/storage/v1/object/public/user-data/groceries.png
lohana gold sendal premium agarbatti 220gm,Piece,150,120,1,150,120,https://mbtegbgsvxbefyzyxlyr.supabase.co/storage/v1/object/public/user-data/groceries.png
ks dare 150ml,Piece,230,115,2,460,230,https://mbtegbgsvxbefyzyxlyr.supabase.co/storage/v1/object/public/user-data/groceries.png
master cleaner 1kg,Piece,70,50,4,280,200,https://mbtegbgsvxbefyzyxlyr.supabase.co/storage/v1/object/public/user-data/groceries.png
more like extra power 4kg,Piece,499,490,6,2994,2940,https://mbtegbgsvxbefyzyxlyr.supabase.co/storage/v1/object/public/user-data/groceries.png
ks rush 150ml,Piece,230,115,1,230,115,https://mbtegbgsvxbefyzyxlyr.supabase.co/storage/v1/object/public/user-data/groceries.png
maxo genius,Piece,100,95,2,200,190,https://mbtegbgsvxbefyzyxlyr.supabase.co/storage/v1/object/public/user-data/groceries.png
maxo 45ml,Piece,75,70,3,225,210,https://mbtegbgsvxbefyzyxlyr.supabase.co/storage/v1/object/public/user-data/groceries.png
mangaldeep 125gm,Piece,76,56,4,304,224,https://mbtegbgsvxbefyzyxlyr.supabase.co/storage/v1/object/public/user-data/groceries.png
Trishul Dishwash Gel 500ml,Piece,228,170,53,12084,9010,https://mbtegbgsvxbefyzyxlyr.supabase.co/storage/v1/object/public/user-data/groceries.png
tide double power 4kg+1kg free,Piece,675,630,13,8775,8190,https://mbtegbgsvxbefyzyxlyr.supabase.co/storage/v1/object/public/user-data/groceries.png
urban yog,Piece,499,399,1,499,399,https://mbtegbgsvxbefyzyxlyr.supabase.co/storage/v1/object/public/user-data/groceries.png
Colin 250ml,Piece,75,72,15,1125,1080,https://mbtegbgsvxbefyzyxlyr.supabase.co/storage/v1/object/public/user-data/groceries.png
tide double power jasmine and rose500g,Piece,70,68,35,2450,2380,https://mbtegbgsvxbefyzyxlyr.supabase.co/storage/v1/object/public/user-data/groceries.png
hit 400ml,Piece,189,179,6,1134,1074,https://mbtegbgsvxbefyzyxlyr.supabase.co/storage/v1/object/public/user-data/groceries.png
mangaldeep 4in one 125gm,Piece,76,56,0,0,0,https://mbtegbgsvxbefyzyxlyr.supabase.co/storage/v1/object/public/user-data/groceries.png
Cupid angel 200ml,Piece,499,399,2,998,798,https://mbtegbgsvxbefyzyxlyr.supabase.co/storage/v1/object/public/user-data/groceries.png
hit 125ml,Piece,75,70,11,825,770,https://mbtegbgsvxbefyzyxlyr.supabase.co/storage/v1/object/public/user-data/groceries.png
tide double power jasmine and rose1kg,Piece,140,135,12,1680,1620,https://mbtegbgsvxbefyzyxlyr.supabase.co/storage/v1/object/public/user-data/groceries.png
urban gabru hair removal 200ml,Piece,499,399,3,1497,1197,https://mbtegbgsvxbefyzyxlyr.supabase.co/storage/v1/object/public/user-data/groceries.png
Milton glass cleaner 500ml,Piece,100,94,2,200,188,https://mbtegbgsvxbefyzyxlyr.supabase.co/storage/v1/object/public/user-data/groceries.png
hit 200ml.,Piece,105,99,12,1260,1188,https://mbtegbgsvxbefyzyxlyr.supabase.co/storage/v1/object/public/user-data/groceries.png
lohana gazab touch wood 105gm,Piece,75,55,1,75,55,https://mbtegbgsvxbefyzyxlyr.supabase.co/storage/v1/object/public/user-data/groceries.png
Cupid hair removal 200ml,Piece,499,399,4,1996,1596,https://mbtegbgsvxbefyzyxlyr.supabase.co/storage/v1/object/public/user-data/groceries.png
tide fresh and clean 500g,Piece,45,43,14,630,602,https://mbtegbgsvxbefyzyxlyr.supabase.co/storage/v1/object/public/user-data/groceries.png
nirmal kesar chand 150gm,Piece,75,55,1,75,55,https://mbtegbgsvxbefyzyxlyr.supabase.co/storage/v1/object/public/user-data/groceries.png
hi fi neem face wash 30ml,Piece,45,35,3,135,105,https://mbtegbgsvxbefyzyxlyr.supabase.co/storage/v1/object/public/user-data/groceries.png
godrej hand wash,Piece,40,35,3,120,105,https://mbtegbgsvxbefyzyxlyr.supabase.co/storage/v1/object/public/user-data/groceries.png
lohana spray 90gm,Piece,75,55,12,900,660,https://mbtegbgsvxbefyzyxlyr.supabase.co/storage/v1/object/public/user-data/groceries.png
lizol 200ml,Piece,48,47,6,288,282,https://mbtegbgsvxbefyzyxlyr.supabase.co/storage/v1/object/public/user-data/groceries.png
white tone 30gm,Piece,65,62,2,130,124,https://mbtegbgsvxbefyzyxlyr.supabase.co/storage/v1/object/public/user-data/groceries.png
godrej magic hand wash,Piece,10,10,24,240,240,https://mbtegbgsvxbefyzyxlyr.supabase.co/storage/v1/object/public/user-data/groceries.png
white tone 50gm,Piece,85,81,1,85,81,https://mbtegbgsvxbefyzyxlyr.supabase.co/storage/v1/object/public/user-data/groceries.png
Dr squeaky glass cleaner 500ml,Piece,93,75,2,186,150,https://mbtegbgsvxbefyzyxlyr.supabase.co/storage/v1/object/public/user-data/groceries.png
savlon liquid 50ml,Piece,31,30,3,93,90,https://mbtegbgsvxbefyzyxlyr.supabase.co/storage/v1/object/public/user-data/groceries.png
lohana lashkari 90gm,Piece,75,55,14,1050,770,https://mbtegbgsvxbefyzyxlyr.supabase.co/storage/v1/object/public/user-data/groceries.png
white tone 70gm,Piece,115,110,5,575,550,https://mbtegbgsvxbefyzyxlyr.supabase.co/storage/v1/object/public/user-data/groceries.png
metropolis 5in1 450gm,Piece,145,117,1,145,117,https://mbtegbgsvxbefyzyxlyr.supabase.co/storage/v1/object/public/user-data/groceries.png
awesome 90gm,Piece,75,55,8,600,440,https://mbtegbgsvxbefyzyxlyr.supabase.co/storage/v1/object/public/user-data/groceries.png
savlon antiseptic disinfectant liquid,Piece,31,30,7,217,210,https://mbtegbgsvxbefyzyxlyr.supabase.co/storage/v1/object/public/user-data/groceries.png
mamaearth vit c facewash 50ml,Piece,99,90,3,297,270,https://mbtegbgsvxbefyzyxlyr.supabase.co/storage/v1/object/public/user-data/groceries.png
savlon antiseptic disinfectant liquid 100ml,Piece,58,55,13,754,715,https://mbtegbgsvxbefyzyxlyr.supabase.co/storage/v1/object/public/user-data/groceries.png
Milton toilet cleaner,Piece,235,220,21,4935,4620,https://mbtegbgsvxbefyzyxlyr.supabase.co/storage/v1/object/public/user-data/groceries.png
om90gm,Piece,80,60,9,720,540,https://mbtegbgsvxbefyzyxlyr.supabase.co/storage/v1/object/public/user-data/groceries.png
dettol significant liquid 250ml,Piece,148,145,15,2220,2175,https://mbtegbgsvxbefyzyxlyr.supabase.co/storage/v1/object/public/user-data/groceries.png
barcode 90gm,Piece,80,60,6,480,360,https://mbtegbgsvxbefyzyxlyr.supabase.co/storage/v1/object/public/user-data/groceries.png
rajwadi agarbatti 200gm,Piece,140,111,-1,-140,-111,https://mbtegbgsvxbefyzyxlyr.supabase.co/storage/v1/object/public/user-data/groceries.png
harpic 1litre,Piece,235,220,20,4700,4400,https://mbtegbgsvxbefyzyxlyr.supabase.co/storage/v1/object/public/user-data/groceries.png
dettol original liquid hand wash germ deffence875ml,Piece,155,150,1,155,150,https://mbtegbgsvxbefyzyxlyr.supabase.co/storage/v1/object/public/user-data/groceries.png
jordic 90gm,Piece,75,55,11,825,605,https://mbtegbgsvxbefyzyxlyr.supabase.co/storage/v1/object/public/user-data/groceries.png
lifebuoy neem protect675ml,Piece,119,115,1,119,115,https://mbtegbgsvxbefyzyxlyr.supabase.co/storage/v1/object/public/user-data/groceries.png
touch wood 90gm,Piece,75,55,12,900,660,https://mbtegbgsvxbefyzyxlyr.supabase.co/storage/v1/object/public/user-data/groceries.png
otees anand agarbatti 160gm,Piece,60,40,2,120,80,https://mbtegbgsvxbefyzyxlyr.supabase.co/storage/v1/object/public/user-data/groceries.png
black musk 90gm,Piece,75,55,11,825,605,https://mbtegbgsvxbefyzyxlyr.supabase.co/storage/v1/object/public/user-data/groceries.png
hygienic germ protection hand wash750ml,Piece,189,180,-1,-189,-180,https://mbtegbgsvxbefyzyxlyr.supabase.co/storage/v1/object/public/user-data/groceries.png
rose90gm,Piece,75,55,2,150,110,https://mbtegbgsvxbefyzyxlyr.supabase.co/storage/v1/object/public/user-data/groceries.png
comfort perfume deluxe desird 850ml,Piece,245,240,3,735,720,https://mbtegbgsvxbefyzyxlyr.supabase.co/storage/v1/object/public/user-data/groceries.png
litchi 90gm,Piece,80,60,7,560,420,https://mbtegbgsvxbefyzyxlyr.supabase.co/storage/v1/object/public/user-data/groceries.png
comfort fabric conditioner morning fresh860ml,Piece,235,230,6,1410,1380,https://mbtegbgsvxbefyzyxlyr.supabase.co/storage/v1/object/public/user-data/groceries.png
alaukik imperial 90gm,Piece,80,60,1,80,60,https://mbtegbgsvxbefyzyxlyr.supabase.co/storage/v1/object/public/user-data/groceries.png
spotzero by milton500ml,Piece,175,170,5,875,850,https://mbtegbgsvxbefyzyxlyr.supabase.co/storage/v1/object/public/user-data/groceries.png
gr 8 90gm,Piece,126,96,1,126,96,https://mbtegbgsvxbefyzyxlyr.supabase.co/storage/v1/object/public/user-data/groceries.png
bloo toilet cleaner 500ml,Piece,148,119,26,3848,3094,https://mbtegbgsvxbefyzyxlyr.supabase.co/storage/v1/object/public/user-data/groceries.png
aqua fresh 90gm,Piece,80,60,4,320,240,https://mbtegbgsvxbefyzyxlyr.supabase.co/storage/v1/object/public/user-data/groceries.png
hem chandan agarbatti 15gm,Piece,12,10,-2,-24,-20,https://mbtegbgsvxbefyzyxlyr.supabase.co/storage/v1/object/public/user-data/groceries.png
spotzero disinfectant floor cleaner 500ml,Piece,105,100,40,4200,4000,https://mbtegbgsvxbefyzyxlyr.supabase.co/storage/v1/object/public/user-data/groceries.png
bansuri agarbatti rose 110gm,Piece,55,45,1,55,45,https://mbtegbgsvxbefyzyxlyr.supabase.co/storage/v1/object/public/user-data/groceries.png
parivar 1kg,Piece,570,560,5,2850,2800,https://mbtegbgsvxbefyzyxlyr.supabase.co/storage/v1/object/public/user-data/groceries.png
hem chandan agarbatti 100gm,Piece,60,40,1,60,40,https://mbtegbgsvxbefyzyxlyr.supabase.co/storage/v1/object/public/user-data/groceries.png
Trishul Dishwash Gel 500ml,Piece,178,149,54,9612,8046,https://mbtegbgsvxbefyzyxlyr.supabase.co/storage/v1/object/public/user-data/groceries.png
mogra 90gm,Piece,75,55,8,600,440,https://mbtegbgsvxbefyzyxlyr.supabase.co/storage/v1/object/public/user-data/groceries.png
robin fabric whitener 500ml,Piece,79,75,20,1580,1500,https://mbtegbgsvxbefyzyxlyr.supabase.co/storage/v1/object/public/user-data/groceries.png
cycle sandalum 106gm,Piece,60,40,1,60,40,https://mbtegbgsvxbefyzyxlyr.supabase.co/storage/v1/object/public/user-data/groceries.png
gold sandal 90gm,Piece,75,55,5,375,275,https://mbtegbgsvxbefyzyxlyr.supabase.co/storage/v1/object/public/user-data/groceries.png
Godrej ezee liquid for winterwear,Piece,10,10,20,200,200,https://mbtegbgsvxbefyzyxlyr.supabase.co/storage/v1/object/public/user-data/groceries.png
alaukik maharaja 90gm,Piece,80,60,1,80,60,https://mbtegbgsvxbefyzyxlyr.supabase.co/storage/v1/object/public/user-data/groceries.png
rin fabric whitener ala500ml,Piece,90,88,5,450,440,https://mbtegbgsvxbefyzyxlyr.supabase.co/storage/v1/object/public/user-data/groceries.png
everyuth neem face wash 50gm,Piece,90,80,2,180,160,https://mbtegbgsvxbefyzyxlyr.supabase.co/storage/v1/object/public/user-data/groceries.png
rin fabric whitener ala 200ml,Piece,45,43,1,45,43,https://mbtegbgsvxbefyzyxlyr.supabase.co/storage/v1/object/public/user-data/groceries.png
glow & Lovely 50gm,Piece,79,40,28,2212,1120,https://mbtegbgsvxbefyzyxlyr.supabase.co/storage/v1/object/public/user-data/groceries.png
Switzerland 90gm,Piece,80,60,7,560,420,https://mbtegbgsvxbefyzyxlyr.supabase.co/storage/v1/object/public/user-data/groceries.png
vanish oxi action 180ml,Piece,78,74,2,156,148,https://mbtegbgsvxbefyzyxlyr.supabase.co/storage/v1/object/public/user-data/groceries.png
Joy Pure aloe 50ml,Piece,49,38,75,3675,2850,https://mbtegbgsvxbefyzyxlyr.supabase.co/storage/v1/object/public/user-data/groceries.png
mangaldeep scent 125gm 3in1,Piece,125,100,0,0,0,https://mbtegbgsvxbefyzyxlyr.supabase.co/storage/v1/object/public/user-data/groceries.png
Yardley classic talc 100gm,Piece,133,128,8,1064,1024,https://mbtegbgsvxbefyzyxlyr.supabase.co/storage/v1/object/public/user-data/groceries.png
sandal 90gm,Piece,80,60,6,480,360,https://mbtegbgsvxbefyzyxlyr.supabase.co/storage/v1/object/public/user-data/groceries.png
revive liquid stiffener200g,Piece,81,75,2,162,150,https://mbtegbgsvxbefyzyxlyr.supabase.co/storage/v1/object/public/user-data/groceries.png
lavish lavender 100gm,Piece,100,80,2,200,160,https://mbtegbgsvxbefyzyxlyr.supabase.co/storage/v1/object/public/user-data/groceries.png
Yardley gold talc 100gm,Piece,133,128,5,665,640,https://mbtegbgsvxbefyzyxlyr.supabase.co/storage/v1/object/public/user-data/groceries.png
softouch fabric conditioner 18ml,Piece,4,4,85,340,340,https://mbtegbgsvxbefyzyxlyr.supabase.co/storage/v1/object/public/user-data/groceries.png
Yardley London imperial sandalwood 100gm,Piece,133,128,5,665,640,https://mbtegbgsvxbefyzyxlyr.supabase.co/storage/v1/object/public/user-data/groceries.png
litchi 250gm,Piece,185,165,3,555,495,https://mbtegbgsvxbefyzyxlyr.supabase.co/storage/v1/object/public/user-data/groceries.png
fresh pineapple 100gm,Piece,100,80,1,100,80,https://mbtegbgsvxbefyzyxlyr.supabase.co/storage/v1/object/public/user-data/groceries.png
dettol skincare liquid handwash175ml,Piece,50,48,23,1150,1104,https://mbtegbgsvxbefyzyxlyr.supabase.co/storage/v1/object/public/user-data/groceries.png
Yardley morning dew,Piece,133,128,4,532,512,https://mbtegbgsvxbefyzyxlyr.supabase.co/storage/v1/object/public/user-data/groceries.png
Yardley English lavender 100gm,Piece,133,128,3,399,384,https://mbtegbgsvxbefyzyxlyr.supabase.co/storage/v1/object/public/user-data/groceries.png
Yardley English rose 100gm,Piece,133,128,3,399,384,https://mbtegbgsvxbefyzyxlyr.supabase.co/storage/v1/object/public/user-data/groceries.png
royal charlie 250gm,Piece,200,160,1,200,160,https://mbtegbgsvxbefyzyxlyr.supabase.co/storage/v1/object/public/user-data/groceries.png
Yardley london peony and ylang 200ml,Piece,105,100,24,2520,2400,https://mbtegbgsvxbefyzyxlyr.supabase.co/storage/v1/object/public/user-data/groceries.png
Yardley imperial jasmine 100gm,Piece,133,128,5,665,640,https://mbtegbgsvxbefyzyxlyr.supabase.co/storage/v1/object/public/user-data/groceries.png
mauli heena 100gm,Piece,100,80,2,200,160,https://mbtegbgsvxbefyzyxlyr.supabase.co/storage/v1/object/public/user-data/groceries.png
joy hydra refresh 50ml,Piece,95,80,6,570,480,https://mbtegbgsvxbefyzyxlyr.supabase.co/storage/v1/object/public/user-data/groceries.png
softouch fabric conditioner 720ml,Piece,4,4,479,1916,1916,https://mbtegbgsvxbefyzyxlyr.supabase.co/storage/v1/object/public/user-data/groceries.png
joy honey & almonds 50ml,Piece,85,70,0,0,0,https://mbtegbgsvxbefyzyxlyr.supabase.co/storage/v1/object/public/user-data/groceries.png
joy skin fruit moisturiser 50ml,Piece,85,70,9,765,630,https://mbtegbgsvxbefyzyxlyr.supabase.co/storage/v1/object/public/user-data/groceries.png
domex fights odour 475ml,Piece,102,95,3,306,285,https://mbtegbgsvxbefyzyxlyr.supabase.co/storage/v1/object/public/user-data/groceries.png
rangeberangi agarbatti 200gm,Piece,140,112,4,560,448,https://mbtegbgsvxbefyzyxlyr.supabase.co/storage/v1/object/public/user-data/groceries.png
true shine bathroom cleaner 500ml,Piece,99,95,10,990,950,https://mbtegbgsvxbefyzyxlyr.supabase.co/storage/v1/object/public/user-data/groceries.png
joy skin fruit glow moisturiser 50ml,Piece,85,70,3,255,210,https://mbtegbgsvxbefyzyxlyr.supabase.co/storage/v1/object/public/user-data/groceries.png
oudh agarbatti 250gm,Piece,150,120,2,300,240,https://mbtegbgsvxbefyzyxlyr.supabase.co/storage/v1/object/public/user-data/groceries.png
dr squreal bathroom cleaner original 500ml,Piece,110,100,1,110,100,https://mbtegbgsvxbefyzyxlyr.supabase.co/storage/v1/object/public/user-data/groceries.png
Ponds hydra miracle 50 mL,Piece,169,165,3,507,495,https://mbtegbgsvxbefyzyxlyr.supabase.co/storage/v1/object/public/user-data/groceries.png
harpic bathroom cleaner 250ml,Piece,61,58,7,427,406,https://mbtegbgsvxbefyzyxlyr.supabase.co/storage/v1/object/public/user-data/groceries.png
marigold agarbatti 250gm,Piece,150,120,2,300,240,https://mbtegbgsvxbefyzyxlyr.supabase.co/storage/v1/object/public/user-data/groceries.png
domex kill all germs 1litre,Piece,260,240,6,1560,1440,https://mbtegbgsvxbefyzyxlyr.supabase.co/storage/v1/object/public/user-data/groceries.png
rockstar agarbatti 250gm,Piece,150,120,4,600,480,https://mbtegbgsvxbefyzyxlyr.supabase.co/storage/v1/object/public/user-data/groceries.png
harpic bathroom cleaner kiils germ,Piece,115,110,-2,-230,-220,https://mbtegbgsvxbefyzyxlyr.supabase.co/storage/v1/object/public/user-data/groceries.png
ho fi aloe Vera gel 125ml,Piece,120,99,6,720,594,https://mbtegbgsvxbefyzyxlyr.supabase.co/storage/v1/object/public/user-data/groceries.png
tandav agarbatti 250gm,Piece,150,120,5,750,600,https://mbtegbgsvxbefyzyxlyr.supabase.co/storage/v1/object/public/user-data/groceries.png
joy hello sun 100ml,Piece,140,120,5,700,600,https://mbtegbgsvxbefyzyxlyr.supabase.co/storage/v1/object/public/user-data/groceries.png
swam essence of phneyle 1litre,Piece,135,130,6,810,780,https://mbtegbgsvxbefyzyxlyr.supabase.co/storage/v1/object/public/user-data/groceries.png
floral agarbatti 250gm,Piece,150,120,4,600,480,https://mbtegbgsvxbefyzyxlyr.supabase.co/storage/v1/object/public/user-data/groceries.png
swan phneyle 500ml,Piece,80,75,5,400,375,https://mbtegbgsvxbefyzyxlyr.supabase.co/storage/v1/object/public/user-data/groceries.png
joy cocoa rich body lotion 100ml,Piece,105,95,4,420,380,https://mbtegbgsvxbefyzyxlyr.supabase.co/storage/v1/object/public/user-data/groceries.png
joy honey & almonds 40ml,Piece,45,35,3,135,105,https://mbtegbgsvxbefyzyxlyr.supabase.co/storage/v1/object/public/user-data/groceries.png
dr squrely combo,Piece,150,145,6,900,870,https://mbtegbgsvxbefyzyxlyr.supabase.co/storage/v1/object/public/user-data/groceries.png
joy cocoa rich 40ml,Piece,49,35,8,392,280,https://mbtegbgsvxbefyzyxlyr.supabase.co/storage/v1/object/public/user-data/groceries.png
rahasyamai,Piece,50,40,7,350,280,https://mbtegbgsvxbefyzyxlyr.supabase.co/storage/v1/object/public/user-data/groceries.png
dettol original liquid hand wash combo,Piece,140,135,1,140,135,https://mbtegbgsvxbefyzyxlyr.supabase.co/storage/v1/object/public/user-data/groceries.png
joy intense moisture 100ml,Piece,105,90,2,210,180,https://mbtegbgsvxbefyzyxlyr.supabase.co/storage/v1/object/public/user-data/groceries.png
skincare combo,Piece,99,95,35,3465,3325,https://mbtegbgsvxbefyzyxlyr.supabase.co/storage/v1/object/public/user-data/groceries.png
joy intense moisture 40ml,Piece,49,35,8,392,280,https://mbtegbgsvxbefyzyxlyr.supabase.co/storage/v1/object/public/user-data/groceries.png
Gulabari 59ml,Piece,30,28,4,120,112,https://mbtegbgsvxbefyzyxlyr.supabase.co/storage/v1/object/public/user-data/groceries.png
dabur gulabari 30ml,Piece,16,15,8,128,120,https://mbtegbgsvxbefyzyxlyr.supabase.co/storage/v1/object/public/user-data/groceries.png
harpic kills 99.9%,Piece,235,230,18,4230,4140,https://mbtegbgsvxbefyzyxlyr.supabase.co/storage/v1/object/public/user-data/groceries.png
hem chandan incense sticks,Piece,65,55,35,2275,1925,https://mbtegbgsvxbefyzyxlyr.supabase.co/storage/v1/object/public/user-data/groceries.png
harpic advanced joyful jasmi 1litre,Piece,245,240,1,245,240,https://mbtegbgsvxbefyzyxlyr.supabase.co/storage/v1/object/public/user-data/groceries.png
handwash 500ml,Piece,170,160,25,4250,4000,https://mbtegbgsvxbefyzyxlyr.supabase.co/storage/v1/object/public/user-data/groceries.png
bloo toilet cleaner 1litre,Piece,170,100,1,170,100,https://mbtegbgsvxbefyzyxlyr.supabase.co/storage/v1/object/public/user-data/groceries.png
match box,Piece,10,10,89,890,890,https://mbtegbgsvxbefyzyxlyr.supabase.co/storage/v1/object/public/user-data/groceries.png
veet pure sensitivie skin,Piece,109,105,4,436,420,https://mbtegbgsvxbefyzyxlyr.supabase.co/storage/v1/object/public/user-data/groceries.png
veet pure normal skin 30gm,Piece,109,105,6,654,630,https://mbtegbgsvxbefyzyxlyr.supabase.co/storage/v1/object/public/user-data/groceries.png
Ezee 890ml,Piece,225,213,5,1125,1065,https://mbtegbgsvxbefyzyxlyr.supabase.co/storage/v1/object/public/user-data/groceries.png
dr squrely bathroom cleaner 1litre,Piece,110,105,4,440,420,https://mbtegbgsvxbefyzyxlyr.supabase.co/storage/v1/object/public/user-data/groceries.png
Ezee 470ml,Piece,120,114,3,360,342,https://mbtegbgsvxbefyzyxlyr.supabase.co/storage/v1/object/public/user-data/groceries.png
shakti kapur,Piece,45,30,46,2070,1380,https://mbtegbgsvxbefyzyxlyr.supabase.co/storage/v1/object/public/user-data/groceries.png
sparkling fresh domex 1litre,Piece,245,240,2,490,480,https://mbtegbgsvxbefyzyxlyr.supabase.co/storage/v1/object/public/user-data/groceries.png
Patanjali lemon-honey 60gm,Piece,55,45,1,55,45,https://mbtegbgsvxbefyzyxlyr.supabase.co/storage/v1/object/public/user-data/groceries.png
Patanjali honey-orange 60gm,Piece,55,40,2,110,80,https://mbtegbgsvxbefyzyxlyr.supabase.co/storage/v1/object/public/user-data/groceries.png
Azee 235ml,Piece,70,65,11,770,715,https://mbtegbgsvxbefyzyxlyr.supabase.co/storage/v1/object/public/user-data/groceries.png
harpic bathroom cleaner lemon fresh 1litre,Piece,219,212,2,438,424,https://mbtegbgsvxbefyzyxlyr.supabase.co/storage/v1/object/public/user-data/groceries.png
alaukik yog mantra 100gm,Piece,70,50,10,700,500,https://mbtegbgsvxbefyzyxlyr.supabase.co/storage/v1/object/public/user-data/groceries.png
Yardley London rose roll on 50ml,Piece,249,220,1,249,220,https://mbtegbgsvxbefyzyxlyr.supabase.co/storage/v1/object/public/user-data/groceries.png
true shine floor cleaner 500ml,Piece,99,90,11,1089,990,https://mbtegbgsvxbefyzyxlyr.supabase.co/storage/v1/object/public/user-data/groceries.png
alaukik golden tree,Piece,70,50,4,280,200,https://mbtegbgsvxbefyzyxlyr.supabase.co/storage/v1/object/public/user-data/groceries.png
trishul phneyle 1L,Piece,149,144,23,3427,3312,https://mbtegbgsvxbefyzyxlyr.supabase.co/storage/v1/object/public/user-data/groceries.png
Yardley classic 50ml + 15ml roll on,Piece,249,220,0,0,0,https://mbtegbgsvxbefyzyxlyr.supabase.co/storage/v1/object/public/user-data/groceries.png
Yardley English lavender roll on,Piece,249,220,2,498,440,https://mbtegbgsvxbefyzyxlyr.supabase.co/storage/v1/object/public/user-data/groceries.png
lizol floor cleaner 1 litre,Piece,246,240,13,3198,3120,https://mbtegbgsvxbefyzyxlyr.supabase.co/storage/v1/object/public/user-data/groceries.png
Patanjali Beauty cream 50gm,Piece,95,85,2,190,170,https://mbtegbgsvxbefyzyxlyr.supabase.co/storage/v1/object/public/user-data/groceries.png
lohana osam 100gm,Piece,75,55,17,1275,935,https://mbtegbgsvxbefyzyxlyr.supabase.co/storage/v1/object/public/user-data/groceries.png
Himalaya neem face wash 100ml,Piece,189,180,5,945,900,https://mbtegbgsvxbefyzyxlyr.supabase.co/storage/v1/object/public/user-data/groceries.png
snow leopard 1L,Piece,60,57,3,180,171,https://mbtegbgsvxbefyzyxlyr.supabase.co/storage/v1/object/public/user-data/groceries.png
Prime Gold Tissue,Piece,250,199,9,2250,1791,https://mbtegbgsvxbefyzyxlyr.supabase.co/storage/v1/object/public/user-data/groceries.png
good luck kasturi 110gm,Piece,60,40,4,240,160,https://mbtegbgsvxbefyzyxlyr.supabase.co/storage/v1/object/public/user-data/groceries.png
trishul significant surface cleane,Piece,99,89,48,4752,4272,https://mbtegbgsvxbefyzyxlyr.supabase.co/storage/v1/object/public/user-data/groceries.png
veet 15gm hair removal,Piece,59,50,1,59,50,https://mbtegbgsvxbefyzyxlyr.supabase.co/storage/v1/object/public/user-data/groceries.png
alaukik black and gold,Piece,70,50,2,140,100,https://mbtegbgsvxbefyzyxlyr.supabase.co/storage/v1/object/public/user-data/groceries.png
all in 1 2L,Piece,492,465,4,1968,1860,https://mbtegbgsvxbefyzyxlyr.supabase.co/storage/v1/object/public/user-data/groceries.png
dr squrely white and shine bleach500ml,Piece,93,90,11,1023,990,https://mbtegbgsvxbefyzyxlyr.supabase.co/storage/v1/object/public/user-data/groceries.png
veet pure hair removal 15gm,Piece,59,54,18,1062,972,https://mbtegbgsvxbefyzyxlyr.supabase.co/storage/v1/object/public/user-data/groceries.png
lohana sweet heart 100gm,Piece,75,55,17,1275,935,https://mbtegbgsvxbefyzyxlyr.supabase.co/storage/v1/object/public/user-data/groceries.png
dr squrely white and shine bleach250ml,Piece,49,45,6,294,270,https://mbtegbgsvxbefyzyxlyr.supabase.co/storage/v1/object/public/user-data/groceries.png
trishul 450ml,Piece,65,60,7,455,420,https://mbtegbgsvxbefyzyxlyr.supabase.co/storage/v1/object/public/user-data/groceries.png
trishul significant floor cleaner 500ml,Piece,99,89,42,4158,3738,https://mbtegbgsvxbefyzyxlyr.supabase.co/storage/v1/object/public/user-data/groceries.png
lohana rose agarbatti 100gm,Piece,75,55,10,750,550,https://mbtegbgsvxbefyzyxlyr.supabase.co/storage/v1/object/public/user-data/groceries.png
everyuth pink clay scrub 7gm,Piece,20,20,2,40,40,https://mbtegbgsvxbefyzyxlyr.supabase.co/storage/v1/object/public/user-data/groceries.png
everyuth chocolate cherry scrub 7g,Piece,20,20,-3,-60,-60,https://mbtegbgsvxbefyzyxlyr.supabase.co/storage/v1/object/public/user-data/groceries.png
Himalaya neem face scrub 8gm,Piece,10,10,2,20,20,https://mbtegbgsvxbefyzyxlyr.supabase.co/storage/v1/object/public/user-data/groceries.png
joy lip balm 10gm,Piece,48,40,1,48,40,https://mbtegbgsvxbefyzyxlyr.supabase.co/storage/v1/object/public/user-data/groceries.png
Himalaya walnut face scrub 8gm,Piece,10,10,3,30,30,https://mbtegbgsvxbefyzyxlyr.supabase.co/storage/v1/object/public/user-data/groceries.png
House hold candle,Piece,129,79,9,1161,711,https://mbtegbgsvxbefyzyxlyr.supabase.co/storage/v1/object/public/user-data/groceries.png
tejas 10 candles pack,Piece,55,44,4,220,176,https://mbtegbgsvxbefyzyxlyr.supabase.co/storage/v1/object/public/user-data/groceries.png
tejas candle sticks,Piece,45,35,5,225,175,https://mbtegbgsvxbefyzyxlyr.supabase.co/storage/v1/object/public/user-data/groceries.png
lohana kesar gulal 220gm,Piece,160,128,7,1120,896,https://mbtegbgsvxbefyzyxlyr.supabase.co/storage/v1/object/public/user-data/groceries.png
lohana gold sendal premium agarbatti 220gm,Piece,150,120,11,1650,1320,https://mbtegbgsvxbefyzyxlyr.supabase.co/storage/v1/object/public/user-data/groceries.png
Patel neck black,Piece,470,370,3,1410,1110,https://mbtegbgsvxbefyzyxlyr.supabase.co/storage/v1/object/public/user-data/groceries.png
Patel magnetic man 50ml,Piece,400,349,2,800,698,https://mbtegbgsvxbefyzyxlyr.supabase.co/storage/v1/object/public/user-data/groceries.png
lohana kasturi 220gm,Piece,150,128,10,1500,1280,https://mbtegbgsvxbefyzyxlyr.supabase.co/storage/v1/object/public/user-data/groceries.png
Patel Crystal 2 60ml,Piece,450,399,2,900,798,https://mbtegbgsvxbefyzyxlyr.supabase.co/storage/v1/object/public/user-data/groceries.png
tulips buds,Piece,40,20,1,40,20,https://mbtegbgsvxbefyzyxlyr.supabase.co/storage/v1/object/public/user-data/groceries.png
lohana jordic 220gm,Piece,160,128,5,800,640,https://mbtegbgsvxbefyzyxlyr.supabase.co/storage/v1/object/public/user-data/groceries.png
Tulips facial Tissues 100N,Piece,95,90,3,285,270,https://mbtegbgsvxbefyzyxlyr.supabase.co/storage/v1/object/public/user-data/groceries.png
lohana spray 220gm,Piece,150,128,23,3450,2944,https://mbtegbgsvxbefyzyxlyr.supabase.co/storage/v1/object/public/user-data/groceries.png
Tulips facial Tissues 100N,Piece,95,80,1,95,80,https://mbtegbgsvxbefyzyxlyr.supabase.co/storage/v1/object/public/user-data/groceries.png
namaste kitchen lkg,Piece,100,50,17,1700,850,https://mbtegbgsvxbefyzyxlyr.supabase.co/storage/v1/object/public/user-data/groceries.png
Joy 24 C Gold,Piece,160,99,5,800,495,https://mbtegbgsvxbefyzyxlyr.supabase.co/storage/v1/object/public/user-data/groceries.png
prem dulhan Kon,Piece,10,10,14,140,140,https://mbtegbgsvxbefyzyxlyr.supabase.co/storage/v1/object/public/user-data/groceries.png
nirmal kesar kasturi 150gm,Piece,85,65,2,170,130,https://mbtegbgsvxbefyzyxlyr.supabase.co/storage/v1/object/public/user-data/groceries.png
joy ubton face kit 76gm,Piece,349,299,2,698,598,https://mbtegbgsvxbefyzyxlyr.supabase.co/storage/v1/object/public/user-data/groceries.png
nirmal kapoor loban 150gm,Piece,75,55,10,750,550,https://mbtegbgsvxbefyzyxlyr.supabase.co/storage/v1/object/public/user-data/groceries.png
joy 24 carat Gold Face kit 76gm,Piece,349,299,2,698,598,https://mbtegbgsvxbefyzyxlyr.supabase.co/storage/v1/object/public/user-data/groceries.png
nirmal loban 125gm,Piece,80,60,9,720,540,https://mbtegbgsvxbefyzyxlyr.supabase.co/storage/v1/object/public/user-data/groceries.png
joy diamond face kit 76gm,Piece,349,299,192,67008,57408,https://mbtegbgsvxbefyzyxlyr.supabase.co/storage/v1/object/public/user-data/groceries.png
gillette fusion 5,Piece,425,415,3,1275,1245,https://mbtegbgsvxbefyzyxlyr.supabase.co/storage/v1/object/public/user-data/groceries.png
Joy vit c face kit 76gm,Piece,349,299,3,1047,897,https://mbtegbgsvxbefyzyxlyr.supabase.co/storage/v1/object/public/user-data/groceries.png
blue star 100gm,Piece,75,55,24,1800,1320,https://mbtegbgsvxbefyzyxlyr.supabase.co/storage/v1/object/public/user-data/groceries.png
wild stone soap 75gm,Piece,40,38,6,240,228,https://mbtegbgsvxbefyzyxlyr.supabase.co/storage/v1/object/public/user-data/groceries.png
lohana jordic 100gm,Piece,75,55,21,1575,1155,https://mbtegbgsvxbefyzyxlyr.supabase.co/storage/v1/object/public/user-data/groceries.png
lohana touch wood 105gm,Piece,75,55,21,1575,1155,https://mbtegbgsvxbefyzyxlyr.supabase.co/storage/v1/object/public/user-data/groceries.png
gillette emach 3,Piece,275,260,4,1100,1040,https://mbtegbgsvxbefyzyxlyr.supabase.co/storage/v1/object/public/user-data/groceries.png
lohana maha Prasad 105gm,Piece,75,55,24,1800,1320,https://mbtegbgsvxbefyzyxlyr.supabase.co/storage/v1/object/public/user-data/groceries.png
Streax cream hair colour 25gm,Piece,80,70,9,720,630,https://mbtegbgsvxbefyzyxlyr.supabase.co/storage/v1/object/public/user-data/groceries.png
gillette shave brush 1n,Piece,85,80,4,340,320,https://mbtegbgsvxbefyzyxlyr.supabase.co/storage/v1/object/public/user-data/groceries.png
super vasmol kesh kala 100ml,Piece,65,60,11,715,660,https://mbtegbgsvxbefyzyxlyr.supabase.co/storage/v1/object/public/user-data/groceries.png
gillette guard,Piece,52,50,27,1404,1350,https://mbtegbgsvxbefyzyxlyr.supabase.co/storage/v1/object/public/user-data/groceries.png
Godrej Nupur henna 20gm,Piece,15,15,19,285,285,https://mbtegbgsvxbefyzyxlyr.supabase.co/storage/v1/object/public/user-data/groceries.png
mangaldeep anushri 120gm,Piece,70,50,1,70,50,https://mbtegbgsvxbefyzyxlyr.supabase.co/storage/v1/object/public/user-data/groceries.png
Godrej Nupur Heena 140gm,Piece,80,70,10,800,700,https://mbtegbgsvxbefyzyxlyr.supabase.co/storage/v1/object/public/user-data/groceries.png
mangaldeep anushri  130gm,Piece,70,50,4,280,200,https://mbtegbgsvxbefyzyxlyr.supabase.co/storage/v1/object/public/user-data/groceries.png
Godrej nupur heena 65gm,Piece,40,35,7,280,245,https://mbtegbgsvxbefyzyxlyr.supabase.co/storage/v1/object/public/user-data/groceries.png
gillette guard 7n,Piece,98,93,17,1666,1581,https://mbtegbgsvxbefyzyxlyr.supabase.co/storage/v1/object/public/user-data/groceries.png
streax gel hair colour,Piece,20,20,3,60,60,https://mbtegbgsvxbefyzyxlyr.supabase.co/storage/v1/object/public/user-data/groceries.png
pama sandal 235gm,Piece,115,92,1,115,92,https://mbtegbgsvxbefyzyxlyr.supabase.co/storage/v1/object/public/user-data/groceries.png
gillette guard,Piece,28,25,5,140,125,https://mbtegbgsvxbefyzyxlyr.supabase.co/storage/v1/object/public/user-data/groceries.png
hi fi burgundy henna 45gm,Piece,50,40,1,50,40,https://mbtegbgsvxbefyzyxlyr.supabase.co/storage/v1/object/public/user-data/groceries.png
hi fi hibiscus powder 50gm,Piece,80,50,6,480,300,https://mbtegbgsvxbefyzyxlyr.supabase.co/storage/v1/object/public/user-data/groceries.png
hi fi rose powder 50gm,Piece,80,50,12,960,600,https://mbtegbgsvxbefyzyxlyr.supabase.co/storage/v1/object/public/user-data/groceries.png
gillette vector 4n,Piece,275,260,7,1925,1820,https://mbtegbgsvxbefyzyxlyr.supabase.co/storage/v1/object/public/user-data/groceries.png
hi fi Tulsi powder 50gm,Piece,80,50,3,240,150,https://mbtegbgsvxbefyzyxlyr.supabase.co/storage/v1/object/public/user-data/groceries.png
anushri fresh florals 130gm,Piece,70,50,1,70,50,https://mbtegbgsvxbefyzyxlyr.supabase.co/storage/v1/object/public/user-data/groceries.png
hi fi neem powder 80gm,Piece,80,50,7,560,350,https://mbtegbgsvxbefyzyxlyr.supabase.co/storage/v1/object/public/user-data/groceries.png
hi fi charcoal powder 50gm,Piece,80,50,3,240,150,https://mbtegbgsvxbefyzyxlyr.supabase.co/storage/v1/object/public/user-data/groceries.png
mangaldeep bouquet,Piece,10,10,1,10,10,https://mbtegbgsvxbefyzyxlyr.supabase.co/storage/v1/object/public/user-data/groceries.png
gillette vector+,Piece,99,95,12,1188,1140,https://mbtegbgsvxbefyzyxlyr.supabase.co/storage/v1/object/public/user-data/groceries.png
hi fi sandal powder 50gm,Piece,80,50,7,560,350,https://mbtegbgsvxbefyzyxlyr.supabase.co/storage/v1/object/public/user-data/groceries.png
cycle sandalum 106gm,Piece,60,40,2,120,80,https://mbtegbgsvxbefyzyxlyr.supabase.co/storage/v1/object/public/user-data/groceries.png
hi fi mandoor powder 80gm,Piece,80,50,3,240,150,https://mbtegbgsvxbefyzyxlyr.supabase.co/storage/v1/object/public/user-data/groceries.png
hi fi amla powder 80gm,Piece,80,50,0,0,0,https://mbtegbgsvxbefyzyxlyr.supabase.co/storage/v1/object/public/user-data/groceries.png
archna hurbal 60gm,Piece,50,30,1,50,30,https://mbtegbgsvxbefyzyxlyr.supabase.co/storage/v1/object/public/user-data/groceries.png
ho fi beetroot powder 50gm,Piece,80,50,1,80,50,https://mbtegbgsvxbefyzyxlyr.supabase.co/storage/v1/object/public/user-data/groceries.png
KS Sprak pocket 18ml,Piece,70,49,15,1050,735,https://mbtegbgsvxbefyzyxlyr.supabase.co/storage/v1/object/public/user-data/groceries.png
gillette vector+ 1n,Piece,105,99,3,315,297,https://mbtegbgsvxbefyzyxlyr.supabase.co/storage/v1/object/public/user-data/groceries.png
lovely rose 100gm,Piece,68,55,1,68,55,https://mbtegbgsvxbefyzyxlyr.supabase.co/storage/v1/object/public/user-data/groceries.png
mangaldeep temple,Piece,50,30,1,50,30,https://mbtegbgsvxbefyzyxlyr.supabase.co/storage/v1/object/public/user-data/groceries.png
ramsons red zx 60ml,Piece,279,225,3,837,675,https://mbtegbgsvxbefyzyxlyr.supabase.co/storage/v1/object/public/user-data/groceries.png
loban 14gm,Piece,15,10,1,15,10,https://mbtegbgsvxbefyzyxlyr.supabase.co/storage/v1/object/public/user-data/groceries.png
gillette vector+,Piece,188,178,14,2632,2492,https://mbtegbgsvxbefyzyxlyr.supabase.co/storage/v1/object/public/user-data/groceries.png
ramsons real rose,Piece,189,149,5,945,745,https://mbtegbgsvxbefyzyxlyr.supabase.co/storage/v1/object/public/user-data/groceries.png
mangaldeep mystic jasmine,Piece,50,50,1,50,50,https://mbtegbgsvxbefyzyxlyr.supabase.co/storage/v1/object/public/user-data/groceries.png
Signature White combo,Piece,350,330,1,350,330,https://mbtegbgsvxbefyzyxlyr.supabase.co/storage/v1/object/public/user-data/groceries.png
gillette venus simply,Piece,99,95,11,1089,1045,https://mbtegbgsvxbefyzyxlyr.supabase.co/storage/v1/object/public/user-data/groceries.png
hem shubh kamana 75gm,Piece,70,50,2,140,100,https://mbtegbgsvxbefyzyxlyr.supabase.co/storage/v1/object/public/user-data/groceries.png
park avenue luxury PRE.gift set,Piece,649,549,5,3245,2745,https://mbtegbgsvxbefyzyxlyr.supabase.co/storage/v1/object/public/user-data/groceries.png
yagna,Piece,80,60,0,0,0,https://mbtegbgsvxbefyzyxlyr.supabase.co/storage/v1/object/public/user-data/groceries.png
denver sporting club 165ml,Piece,230,190,1,230,190,https://mbtegbgsvxbefyzyxlyr.supabase.co/storage/v1/object/public/user-data/groceries.png
Ponds Aloe Vera talcum 400gm,Piece,440,425,1,440,425,https://mbtegbgsvxbefyzyxlyr.supabase.co/storage/v1/object/public/user-data/groceries.png
alaukik mari gold,Piece,15,10,0,0,0,https://mbtegbgsvxbefyzyxlyr.supabase.co/storage/v1/object/public/user-data/groceries.png
streax creme,Piece,15,15,12,180,180,https://mbtegbgsvxbefyzyxlyr.supabase.co/storage/v1/object/public/user-data/groceries.png
hem chandan incense sticks,Piece,65,55,2,130,110,https://mbtegbgsvxbefyzyxlyr.supabase.co/storage/v1/object/public/user-data/groceries.png
ponds magic talcum powder 400gm,Piece,459,450,2,918,900,https://mbtegbgsvxbefyzyxlyr.supabase.co/storage/v1/object/public/user-data/groceries.png
mangaldeep flora,Piece,10,10,1,10,10,https://mbtegbgsvxbefyzyxlyr.supabase.co/storage/v1/object/public/user-data/groceries.png
ponds dream flower 400gm,Piece,415,405,10,4150,4050,https://mbtegbgsvxbefyzyxlyr.supabase.co/storage/v1/object/public/user-data/groceries.png
streax insta,Piece,25,22,139,3475,3058,https://mbtegbgsvxbefyzyxlyr.supabase.co/storage/v1/object/public/user-data/groceries.png
ponds Dreamflower 100gm,Piece,125,120,8,1000,960,https://mbtegbgsvxbefyzyxlyr.supabase.co/storage/v1/object/public/user-data/groceries.png
alaukik meditation 14gm,Piece,15,10,-1,-15,-10,https://mbtegbgsvxbefyzyxlyr.supabase.co/storage/v1/object/public/user-data/groceries.png
Garnier men 10ml,Piece,35,30,12,420,360,https://mbtegbgsvxbefyzyxlyr.supabase.co/storage/v1/object/public/user-data/groceries.png
ponds dreamflower 40gm,Piece,53,51,2,106,102,https://mbtegbgsvxbefyzyxlyr.supabase.co/storage/v1/object/public/user-data/groceries.png
wild stone fragrant talc,Piece,88,82,5,440,410,https://mbtegbgsvxbefyzyxlyr.supabase.co/storage/v1/object/public/user-data/groceries.png
wild stone hydra energy,Piece,99,95,6,594,570,https://mbtegbgsvxbefyzyxlyr.supabase.co/storage/v1/object/public/user-data/groceries.png
streax bright 7 ml,Piece,99,95,6,594,570,https://mbtegbgsvxbefyzyxlyr.supabase.co/storage/v1/object/public/user-data/groceries.png
wild stone hydra energy talc,Piece,44,42,5,220,210,https://mbtegbgsvxbefyzyxlyr.supabase.co/storage/v1/object/public/user-data/groceries.png
hi fi burgundy hennam,Piece,50,40,13,650,520,https://mbtegbgsvxbefyzyxlyr.supabase.co/storage/v1/object/public/user-data/groceries.png
nitya copper kalash 64gm,Piece,175,140,13,2275,1820,https://mbtegbgsvxbefyzyxlyr.supabase.co/storage/v1/object/public/user-data/groceries.png
wild stone fragrant talc 50gm,Piece,44,42,3,132,126,https://mbtegbgsvxbefyzyxlyr.supabase.co/storage/v1/object/public/user-data/groceries.png
streax insta  12ml,Piece,20,15,64,1280,960,https://mbtegbgsvxbefyzyxlyr.supabase.co/storage/v1/object/public/user-data/groceries.png
brass diya,Piece,330,264,1,330,264,https://mbtegbgsvxbefyzyxlyr.supabase.co/storage/v1/object/public/user-data/groceries.png
nycil germ expert cool classic,Piece,145,130,5,725,650,https://mbtegbgsvxbefyzyxlyr.supabase.co/storage/v1/object/public/user-data/groceries.png
Nycil germ expert 150gm,Piece,159,140,5,795,700,https://mbtegbgsvxbefyzyxlyr.supabase.co/storage/v1/object/public/user-data/groceries.png
brass naag ghanti 55gm,Piece,120,96,2,240,192,https://mbtegbgsvxbefyzyxlyr.supabase.co/storage/v1/object/public/user-data/groceries.png
Nycil germ expert cool herbal 150gm,Piece,149,130,5,745,650,https://mbtegbgsvxbefyzyxlyr.supabase.co/storage/v1/object/public/user-data/groceries.png
rich creme 11ml,Piece,20,15,19,380,285,https://mbtegbgsvxbefyzyxlyr.supabase.co/storage/v1/object/public/user-data/groceries.png
Nycil Germ expert 50gm,Piece,50,40,8,400,320,https://mbtegbgsvxbefyzyxlyr.supabase.co/storage/v1/object/public/user-data/groceries.png
Nycil cool gulabjal 50gm,Piece,50,40,12,600,480,https://mbtegbgsvxbefyzyxlyr.supabase.co/storage/v1/object/public/user-data/groceries.png
nisha quick color 20ml,Piece,25,20,2,50,40,https://mbtegbgsvxbefyzyxlyr.supabase.co/storage/v1/object/public/user-data/groceries.png
Odeon scrub coffee & coconut 300ml,Piece,449,399,2,898,798,https://mbtegbgsvxbefyzyxlyr.supabase.co/storage/v1/object/public/user-data/groceries.png
odeon scrub strawberry &aloe Vera 300ml,Piece,449,350,2,898,700,https://mbtegbgsvxbefyzyxlyr.supabase.co/storage/v1/object/public/user-data/groceries.png
gangajal 200ml,Piece,30,20,18,540,360,https://mbtegbgsvxbefyzyxlyr.supabase.co/storage/v1/object/public/user-data/groceries.png
gillette Emach  1n,Piece,225,213,1,225,213,https://mbtegbgsvxbefyzyxlyr.supabase.co/storage/v1/object/public/user-data/groceries.png
gaumutra,Piece,10,8,8,80,64,https://mbtegbgsvxbefyzyxlyr.supabase.co/storage/v1/object/public/user-data/groceries.png
odeon scrub turneric & yogurt 300 mL,Piece,449,300,0,0,0,https://mbtegbgsvxbefyzyxlyr.supabase.co/storage/v1/object/public/user-data/groceries.png
odeon scrub apricot & almonds 300ml,Piece,449,300,2,898,600,https://mbtegbgsvxbefyzyxlyr.supabase.co/storage/v1/object/public/user-data/groceries.png
gillette fusion 4n,Piece,1149,1090,7,8043,7630,https://mbtegbgsvxbefyzyxlyr.supabase.co/storage/v1/object/public/user-data/groceries.png
odeon scrub charcoal & tea tree 300 mL,Piece,350,299,2,700,598,https://mbtegbgsvxbefyzyxlyr.supabase.co/storage/v1/object/public/user-data/groceries.png
gillette emach 2n,Piece,349,330,1,349,330,https://mbtegbgsvxbefyzyxlyr.supabase.co/storage/v1/object/public/user-data/groceries.png
odeon coffee & coconut scrub 100ml,Piece,175,149,2,350,298,https://mbtegbgsvxbefyzyxlyr.supabase.co/storage/v1/object/public/user-data/groceries.png
vaseline 10gm,Piece,65,61,4,260,244,https://mbtegbgsvxbefyzyxlyr.supabase.co/storage/v1/object/public/user-data/groceries.png
mauli kapur,Piece,240,120,32,7680,3840,https://mbtegbgsvxbefyzyxlyr.supabase.co/storage/v1/object/public/user-data/groceries.png
odeon turmeric & yogurt 100ml,Piece,175,140,2,350,280,https://mbtegbgsvxbefyzyxlyr.supabase.co/storage/v1/object/public/user-data/groceries.png
streax gel 12ml,Piece,20,20,9,180,180,https://mbtegbgsvxbefyzyxlyr.supabase.co/storage/v1/object/public/user-data/groceries.png
mauli kapur 50gm,Piece,120,60,11,1320,660,https://mbtegbgsvxbefyzyxlyr.supabase.co/storage/v1/object/public/user-data/groceries.png
odeon strawberry & aloe Vera 100ml,Piece,175,140,2,350,280,https://mbtegbgsvxbefyzyxlyr.supabase.co/storage/v1/object/public/user-data/groceries.png
odeon scrub charcoal & tea tree 100ml,Piece,175,140,0,0,0,https://mbtegbgsvxbefyzyxlyr.supabase.co/storage/v1/object/public/user-data/groceries.png
odeon scrub apricot&almond 100ml,Piece,175,140,1,175,140,https://mbtegbgsvxbefyzyxlyr.supabase.co/storage/v1/object/public/user-data/groceries.png
Garnier black 20ml,Piece,45,35,6,270,210,https://mbtegbgsvxbefyzyxlyr.supabase.co/storage/v1/object/public/user-data/groceries.png
mauli kapur 25gm,Piece,60,30,5,300,150,https://mbtegbgsvxbefyzyxlyr.supabase.co/storage/v1/object/public/user-data/groceries.png
ponds Bright miracle detox facewash,Piece,125,120,31,3875,3720,https://mbtegbgsvxbefyzyxlyr.supabase.co/storage/v1/object/public/user-data/groceries.png
ponds Bright beauty 50gm,Piece,105,99,12,1260,1188,https://mbtegbgsvxbefyzyxlyr.supabase.co/storage/v1/object/public/user-data/groceries.png
streax gel 12ml,Piece,20,20,37,740,740,https://mbtegbgsvxbefyzyxlyr.supabase.co/storage/v1/object/public/user-data/groceries.png
mauli kapur 250gm,Piece,600,300,3,1800,900,https://mbtegbgsvxbefyzyxlyr.supabase.co/storage/v1/object/public/user-data/groceries.png
plam green tea facewash 50ml,Piece,199,185,5,995,925,https://mbtegbgsvxbefyzyxlyr.supabase.co/storage/v1/object/public/user-data/groceries.png
hi fi henna harbal,Piece,50,45,17,850,765,https://mbtegbgsvxbefyzyxlyr.supabase.co/storage/v1/object/public/user-data/groceries.png
Himalaya rose facewash 50ml,Piece,90,85,5,450,425,https://mbtegbgsvxbefyzyxlyr.supabase.co/storage/v1/object/public/user-data/groceries.png
Himalaya turmeric face wash 50ml,Piece,115,99,4,460,396,https://mbtegbgsvxbefyzyxlyr.supabase.co/storage/v1/object/public/user-data/groceries.png
Himalaya vitamin c 50ml,Piece,115,109,2,230,218,https://mbtegbgsvxbefyzyxlyr.supabase.co/storage/v1/object/public/user-data/groceries.png
winner by gillette 50n,Piece,150,145,5,750,725,https://mbtegbgsvxbefyzyxlyr.supabase.co/storage/v1/object/public/user-data/groceries.png
Himalaya vitamin c orange 50ml,Piece,115,109,6,690,654,https://mbtegbgsvxbefyzyxlyr.supabase.co/storage/v1/object/public/user-data/groceries.png
Himalaya lemon facewash 50ml,Piece,95,90,7,665,630,https://mbtegbgsvxbefyzyxlyr.supabase.co/storage/v1/object/public/user-data/groceries.png
gillette wilkinson,Piece,150,145,5,750,725,https://mbtegbgsvxbefyzyxlyr.supabase.co/storage/v1/object/public/user-data/groceries.png
Himalaya kesar face wash 50ml,Piece,90,85,8,720,680,https://mbtegbgsvxbefyzyxlyr.supabase.co/storage/v1/object/public/user-data/groceries.png
Himalaya neem face wash 50ml,Piece,90,85,6,540,510,https://mbtegbgsvxbefyzyxlyr.supabase.co/storage/v1/object/public/user-data/groceries.png
set wet 50g,Piece,50,45,9,450,405,https://mbtegbgsvxbefyzyxlyr.supabase.co/storage/v1/object/public/user-data/groceries.png
prem dulhan hair henna 25gm,Piece,15,15,93,1395,1395,https://mbtegbgsvxbefyzyxlyr.supabase.co/storage/v1/object/public/user-data/groceries.png
everyuth lemon&cherry facewash,Piece,80,70,10,800,700,https://mbtegbgsvxbefyzyxlyr.supabase.co/storage/v1/object/public/user-data/groceries.png
everyuth moisturizing fruit face wash 50gm,Piece,80,70,3,240,210,https://mbtegbgsvxbefyzyxlyr.supabase.co/storage/v1/object/public/user-data/groceries.png
House hold candle,Piece,129,79,28,3612,2212,https://mbtegbgsvxbefyzyxlyr.supabase.co/storage/v1/object/public/user-data/groceries.png
tejas candle sticks,Piece,45,35,7,315,245,https://mbtegbgsvxbefyzyxlyr.supabase.co/storage/v1/object/public/user-data/groceries.png
tejas 10Qty candles,Piece,55,45,1,55,45,https://mbtegbgsvxbefyzyxlyr.supabase.co/storage/v1/object/public/user-data/groceries.png
Streax hydrate shine 50ml,Piece,99,90,6,594,540,https://mbtegbgsvxbefyzyxlyr.supabase.co/storage/v1/object/public/user-data/groceries.png
streax creme hair colour 1n,Piece,80,75,6,480,450,https://mbtegbgsvxbefyzyxlyr.supabase.co/storage/v1/object/public/user-data/groceries.png
darshana kumkum,Piece,20,20,11,220,220,https://mbtegbgsvxbefyzyxlyr.supabase.co/storage/v1/object/public/user-data/groceries.png
Patanjali saundarya aloe gel 60ml,Piece,50,48,7,350,336,https://mbtegbgsvxbefyzyxlyr.supabase.co/storage/v1/object/public/user-data/groceries.png
hem chandan 15gm,Piece,12,12,21,252,252,https://mbtegbgsvxbefyzyxlyr.supabase.co/storage/v1/object/public/user-data/groceries.png
mangaldeep treya,Piece,10,10,4,40,40,https://mbtegbgsvxbefyzyxlyr.supabase.co/storage/v1/object/public/user-data/groceries.png
mangaldeep bouquet,Piece,10,10,7,70,70,https://mbtegbgsvxbefyzyxlyr.supabase.co/storage/v1/object/public/user-data/groceries.png
cycle 3in1 40gm,Piece,25,25,1,25,25,https://mbtegbgsvxbefyzyxlyr.supabase.co/storage/v1/object/public/user-data/groceries.png
bukka,Piece,20,20,39,780,780,https://mbtegbgsvxbefyzyxlyr.supabase.co/storage/v1/object/public/user-data/groceries.png
gulal 25gm,Piece,6,6,20,120,120,https://mbtegbgsvxbefyzyxlyr.supabase.co/storage/v1/object/public/user-data/groceries.png
Patanjali aloe Vera gel 150ml,Piece,100,95,5,500,475,https://mbtegbgsvxbefyzyxlyr.supabase.co/storage/v1/object/public/user-data/groceries.png
om Shanti pure turmeric 50gm,Piece,15,15,23,345,345,https://mbtegbgsvxbefyzyxlyr.supabase.co/storage/v1/object/public/user-data/groceries.png
Joy vit c facewash 50ml,Piece,90,70,4,360,280,https://mbtegbgsvxbefyzyxlyr.supabase.co/storage/v1/object/public/user-data/groceries.png
black crown fard 500gm,Piece,241,169,22,5302,3718,https://mbtegbgsvxbefyzyxlyr.supabase.co/storage/v1/object/public/user-data/groceries.png
om shanti kumkum 40gm,Piece,15,15,1,15,15,https://mbtegbgsvxbefyzyxlyr.supabase.co/storage/v1/object/public/user-data/groceries.png
Joy vit c facewash 100ml,Piece,180,165,6,1080,990,https://mbtegbgsvxbefyzyxlyr.supabase.co/storage/v1/object/public/user-data/groceries.png
om shanti kumkum 40gm,Piece,15,15,7,105,105,https://mbtegbgsvxbefyzyxlyr.supabase.co/storage/v1/object/public/user-data/groceries.png
Joy vit c 150ml,Piece,265,249,3,795,747,https://mbtegbgsvxbefyzyxlyr.supabase.co/storage/v1/object/public/user-data/groceries.png
Rohit seedless Khajur 500gm,Piece,150,75,19,2850,1425,https://mbtegbgsvxbefyzyxlyr.supabase.co/storage/v1/object/public/user-data/groceries.png
om shanti pure chandan 50gm,Piece,50,40,7,350,280,https://mbtegbgsvxbefyzyxlyr.supabase.co/storage/v1/object/public/user-data/groceries.png
joy skin fruit spots & tan clear 150ml,Piece,230,199,6,1380,1194,https://mbtegbgsvxbefyzyxlyr.supabase.co/storage/v1/object/public/user-data/groceries.png
joy skin fruit papaya 100ml,Piece,170,155,2,340,310,https://mbtegbgsvxbefyzyxlyr.supabase.co/storage/v1/object/public/user-data/groceries.png
Lion Dates 500gm,Piece,186,93,15,2790,1395,https://mbtegbgsvxbefyzyxlyr.supabase.co/storage/v1/object/public/user-data/groceries.png
darshana moli roll,Piece,20,20,6,120,120,https://mbtegbgsvxbefyzyxlyr.supabase.co/storage/v1/object/public/user-data/groceries.png
joy skin fruit papaya 50ml,Piece,85,80,2,170,160,https://mbtegbgsvxbefyzyxlyr.supabase.co/storage/v1/object/public/user-data/groceries.png
Black crown 250gm,Piece,124,99,6,744,594,https://mbtegbgsvxbefyzyxlyr.supabase.co/storage/v1/object/public/user-data/groceries.png
Al shahanshah Khajur 500gm,Piece,300,169,1,300,169,https://mbtegbgsvxbefyzyxlyr.supabase.co/storage/v1/object/public/user-data/groceries.png
Joy suncream 40SPF+++ 50ml,Piece,270,249,5,1350,1245,https://mbtegbgsvxbefyzyxlyr.supabase.co/storage/v1/object/public/user-data/groceries.png
tejas 1000N,Piece,30,24,3,90,72,https://mbtegbgsvxbefyzyxlyr.supabase.co/storage/v1/object/public/user-data/groceries.png
joy suncream 30 spf++,Piece,99,95,0,0,0,https://mbtegbgsvxbefyzyxlyr.supabase.co/storage/v1/object/public/user-data/groceries.png
pistachios,Piece,515,299,1,515,299,https://mbtegbgsvxbefyzyxlyr.supabase.co/storage/v1/object/public/user-data/groceries.png
joy sunscrem 30spf++ 50ml,Piece,215,209,4,860,836,https://mbtegbgsvxbefyzyxlyr.supabase.co/storage/v1/object/public/user-data/groceries.png
Eveready neo led bulb,Piece,549,150,1,549,150,https://mbtegbgsvxbefyzyxlyr.supabase.co/storage/v1/object/public/user-data/groceries.png
kaju Premium 500gm(G),Piece,700,575,1,700,575,https://mbtegbgsvxbefyzyxlyr.supabase.co/storage/v1/object/public/user-data/groceries.png
Ayur sunscreen spf -30 100ml,Piece,180,170,2,360,340,https://mbtegbgsvxbefyzyxlyr.supabase.co/storage/v1/object/public/user-data/groceries.png
navin sambrani,Piece,72,58,15,1080,870,https://mbtegbgsvxbefyzyxlyr.supabase.co/storage/v1/object/public/user-data/groceries.png
Kaju premium 250gm(G),Piece,295,220,-1,-295,-220,https://mbtegbgsvxbefyzyxlyr.supabase.co/storage/v1/object/public/user-data/groceries.png
vicco sandalwood oil 15g,Piece,80,70,10,800,700,https://mbtegbgsvxbefyzyxlyr.supabase.co/storage/v1/object/public/user-data/groceries.png
nirmal sambrani cup,Piece,80,64,0,0,0,https://mbtegbgsvxbefyzyxlyr.supabase.co/storage/v1/object/public/user-data/groceries.png
Vicco turmeric skincare 15g,Piece,45,40,12,540,480,https://mbtegbgsvxbefyzyxlyr.supabase.co/storage/v1/object/public/user-data/groceries.png
Anjeer 200gm(G),Piece,250,210,-3,-750,-630,https://mbtegbgsvxbefyzyxlyr.supabase.co/storage/v1/object/public/user-data/groceries.png
bhiya cleaning powder 200gm,Piece,30,24,90,2700,2160,https://mbtegbgsvxbefyzyxlyr.supabase.co/storage/v1/object/public/user-data/groceries.png
Aawla candy 200gm,Piece,80,72,12,960,864,https://mbtegbgsvxbefyzyxlyr.supabase.co/storage/v1/object/public/user-data/groceries.png
Dot & key facewash 100ml,Piece,249,230,2,498,460,https://mbtegbgsvxbefyzyxlyr.supabase.co/storage/v1/object/public/user-data/groceries.png
Kaju tukda 50gm(G),Piece,60,49,2,120,98,https://mbtegbgsvxbefyzyxlyr.supabase.co/storage/v1/object/public/user-data/groceries.png
Streax hair serum 75ml,Piece,199,189,39,7761,7371,https://mbtegbgsvxbefyzyxlyr.supabase.co/storage/v1/object/public/user-data/groceries.png
kaju 50gm(G),Piece,70,60,1,70,60,https://mbtegbgsvxbefyzyxlyr.supabase.co/storage/v1/object/public/user-data/groceries.png
Streax hair serum 25ml,Piece,70,60,13,910,780,https://mbtegbgsvxbefyzyxlyr.supabase.co/storage/v1/object/public/user-data/groceries.png
kunku 50gm,Piece,20,20,17,340,340,https://mbtegbgsvxbefyzyxlyr.supabase.co/storage/v1/object/public/user-data/groceries.png
Kaju pakli 100gm,Piece,140,120,15,2100,1800,https://mbtegbgsvxbefyzyxlyr.supabase.co/storage/v1/object/public/user-data/groceries.png
hi fi skin care glycerin 90ml,Piece,70,55,5,350,275,https://mbtegbgsvxbefyzyxlyr.supabase.co/storage/v1/object/public/user-data/groceries.png
halad 25gm,Piece,20,20,25,500,500,https://mbtegbgsvxbefyzyxlyr.supabase.co/storage/v1/object/public/user-data/groceries.png
hi fi pre. rose water,Piece,30,28,7,210,196,https://mbtegbgsvxbefyzyxlyr.supabase.co/storage/v1/object/public/user-data/groceries.png
Pasta 1kg,Piece,122,61,61,7442,3721,https://mbtegbgsvxbefyzyxlyr.supabase.co/storage/v1/object/public/user-data/groceries.png
Streax rosemary water 100ml,Piece,149,140,1,149,140,https://mbtegbgsvxbefyzyxlyr.supabase.co/storage/v1/object/public/user-data/groceries.png
Manuka Yellow,Piece,230,140,24,5520,3360,https://mbtegbgsvxbefyzyxlyr.supabase.co/storage/v1/object/public/user-data/groceries.png
Dabur Gulabari Free facepack,Piece,54,53,10,540,530,https://mbtegbgsvxbefyzyxlyr.supabase.co/storage/v1/object/public/user-data/groceries.png
diye ka tel 450ml,Piece,200,60,37,7400,2220,https://mbtegbgsvxbefyzyxlyr.supabase.co/storage/v1/object/public/user-data/groceries.png
Badam Premium 250gm(G),Piece,299,249,-3,-897,-747,https://mbtegbgsvxbefyzyxlyr.supabase.co/storage/v1/object/public/user-data/groceries.png
joy suncream 50spf++++ 18ml,Piece,99,92,12,1188,1104,https://mbtegbgsvxbefyzyxlyr.supabase.co/storage/v1/object/public/user-data/groceries.png
joy skin fruit face wash 150ml,Piece,210,190,6,1260,1140,https://mbtegbgsvxbefyzyxlyr.supabase.co/storage/v1/object/public/user-data/groceries.png
joy skin fruit 50ml,Piece,80,70,10,800,700,https://mbtegbgsvxbefyzyxlyr.supabase.co/storage/v1/object/public/user-data/groceries.png
Akrod 250gm,Piece,525,475,-2,-1050,-950,https://mbtegbgsvxbefyzyxlyr.supabase.co/storage/v1/object/public/user-data/groceries.png
joy skin fruit 100ml,Piece,160,130,6,960,780,https://mbtegbgsvxbefyzyxlyr.supabase.co/storage/v1/object/public/user-data/groceries.png
joy pure aloe facewash 50ml,Piece,78,70,5,390,350,https://mbtegbgsvxbefyzyxlyr.supabase.co/storage/v1/object/public/user-data/groceries.png
joy lemon facewash 50ml,Piece,80,70,7,560,490,https://mbtegbgsvxbefyzyxlyr.supabase.co/storage/v1/object/public/user-data/groceries.png
joy ubtan facewash 50ml,Piece,90,80,4,360,320,https://mbtegbgsvxbefyzyxlyr.supabase.co/storage/v1/object/public/user-data/groceries.png
joy ubtan facewash 100ml,Piece,180,160,7,1260,1120,https://mbtegbgsvxbefyzyxlyr.supabase.co/storage/v1/object/public/user-data/groceries.png
joy ubtan face wash 150ml,Piece,265,249,4,1060,996,https://mbtegbgsvxbefyzyxlyr.supabase.co/storage/v1/object/public/user-data/groceries.png
joy charcoal facewash 100ml,Piece,180,165,7,1260,1155,https://mbtegbgsvxbefyzyxlyr.supabase.co/storage/v1/object/public/user-data/groceries.png
diye ka tel 900ml,Piece,300,90,17,5100,1530,https://mbtegbgsvxbefyzyxlyr.supabase.co/storage/v1/object/public/user-data/groceries.png
joy charcoal 50ml,Piece,90,80,3,270,240,https://mbtegbgsvxbefyzyxlyr.supabase.co/storage/v1/object/public/user-data/groceries.png
akrod 50gm,Piece,100,90,1,100,90,https://mbtegbgsvxbefyzyxlyr.supabase.co/storage/v1/object/public/user-data/groceries.png
akrod 50gm,Piece,100,90,-1,-100,-90,https://mbtegbgsvxbefyzyxlyr.supabase.co/storage/v1/object/public/user-data/groceries.png
joy strawberry facewash 100ml,Piece,170,155,6,1020,930,https://mbtegbgsvxbefyzyxlyr.supabase.co/storage/v1/object/public/user-data/groceries.png
gillate shaving foam 196gm,Piece,249,210,0,0,0,https://mbtegbgsvxbefyzyxlyr.supabase.co/storage/v1/object/public/user-data/groceries.png
Kharik Tukda 500gm,Piece,225,175,2,450,350,https://mbtegbgsvxbefyzyxlyr.supabase.co/storage/v1/object/public/user-data/groceries.png
joy honey & almonds facewash 100ml,Piece,150,125,4,600,500,https://mbtegbgsvxbefyzyxlyr.supabase.co/storage/v1/object/public/user-data/groceries.png
gillate shaving foam 196gm,Piece,249,210,0,0,0,https://mbtegbgsvxbefyzyxlyr.supabase.co/storage/v1/object/public/user-data/groceries.png
joy lemon facewash 100ml,Piece,160,140,6,960,840,https://mbtegbgsvxbefyzyxlyr.supabase.co/storage/v1/object/public/user-data/groceries.png
kala manuka,Piece,170,149,0,0,0,https://mbtegbgsvxbefyzyxlyr.supabase.co/storage/v1/object/public/user-data/groceries.png
gillate shaving foam menthol 196gm,Piece,270,240,0,0,0,https://mbtegbgsvxbefyzyxlyr.supabase.co/storage/v1/object/public/user-data/groceries.png
Ponds Bright Beauty 23gm,Piece,90,86,1,90,86,https://mbtegbgsvxbefyzyxlyr.supabase.co/storage/v1/object/public/user-data/groceries.png
MTC khajur 500gm,Piece,400,169,1,400,169,https://mbtegbgsvxbefyzyxlyr.supabase.co/storage/v1/object/public/user-data/groceries.png
ponds Bright beauty 15gm,Piece,69,65,3,207,195,https://mbtegbgsvxbefyzyxlyr.supabase.co/storage/v1/object/public/user-data/groceries.png
gillate menthol shaving foam 196gm,Piece,270,230,1,270,230,https://mbtegbgsvxbefyzyxlyr.supabase.co/storage/v1/object/public/user-data/groceries.png
classic dry dates,Piece,350,290,17,5950,4930,https://mbtegbgsvxbefyzyxlyr.supabase.co/storage/v1/object/public/user-data/groceries.png
gillate charcoal shaving foam 196gm,Piece,249,210,1,249,210,https://mbtegbgsvxbefyzyxlyr.supabase.co/storage/v1/object/public/user-data/groceries.png
glow&lovely glassbright 50g,Piece,200,195,1,200,195,https://mbtegbgsvxbefyzyxlyr.supabase.co/storage/v1/object/public/user-data/groceries.png
LakmÃ© kivi facewash 50g,Piece,130,120,1,130,120,https://mbtegbgsvxbefyzyxlyr.supabase.co/storage/v1/object/public/user-data/groceries.png
Classic Dry dates 1kg,Piece,350,249,15,5250,3735,https://mbtegbgsvxbefyzyxlyr.supabase.co/storage/v1/object/public/user-data/groceries.png
old spice shaving lotion,Piece,249,220,3,747,660,https://mbtegbgsvxbefyzyxlyr.supabase.co/storage/v1/object/public/user-data/groceries.png
joy pure aloe gel 50ml,Piece,49,40,1,49,40,https://mbtegbgsvxbefyzyxlyr.supabase.co/storage/v1/object/public/user-data/groceries.png
Ponds Men pimple care 100gm,Piece,290,280,1,290,280,https://mbtegbgsvxbefyzyxlyr.supabase.co/storage/v1/object/public/user-data/groceries.png
Javas 50gm,Piece,15,8,77,1155,616,https://mbtegbgsvxbefyzyxlyr.supabase.co/storage/v1/object/public/user-data/groceries.png
gillate foam regular 418gm,Piece,275,250,1,275,250,https://mbtegbgsvxbefyzyxlyr.supabase.co/storage/v1/object/public/user-data/groceries.png
Nivea cream 60ml,Piece,150,145,2,300,290,https://mbtegbgsvxbefyzyxlyr.supabase.co/storage/v1/object/public/user-data/groceries.png
javas 100gm,Piece,28,15,30,840,450,https://mbtegbgsvxbefyzyxlyr.supabase.co/storage/v1/object/public/user-data/groceries.png
Javas 200gm,Piece,50,29,19,950,551,https://mbtegbgsvxbefyzyxlyr.supabase.co/storage/v1/object/public/user-data/groceries.png
Vaseline aloe fresh lotion 400ml,Piece,540,496,2,1080,992,https://mbtegbgsvxbefyzyxlyr.supabase.co/storage/v1/object/public/user-data/groceries.png
kharik black 1kg,Piece,350,280,1,350,280,https://mbtegbgsvxbefyzyxlyr.supabase.co/storage/v1/object/public/user-data/groceries.png
Yardley london lotion gold,Piece,149,120,1,149,120,https://mbtegbgsvxbefyzyxlyr.supabase.co/storage/v1/object/public/user-data/groceries.png
Vaseline anti-ageing lotion 400ml,Piece,460,395,2,920,790,https://mbtegbgsvxbefyzyxlyr.supabase.co/storage/v1/object/public/user-data/groceries.png
kharik black 500gm,Piece,180,140,2,360,280,https://mbtegbgsvxbefyzyxlyr.supabase.co/storage/v1/object/public/user-data/groceries.png
kharik black 200gm,Piece,80,65,1,80,65,https://mbtegbgsvxbefyzyxlyr.supabase.co/storage/v1/object/public/user-data/groceries.png
Nivea body milk lotion 75ml,Piece,85,80,0,0,0,https://mbtegbgsvxbefyzyxlyr.supabase.co/storage/v1/object/public/user-data/groceries.png
Yardley london elegance,Piece,149,120,1,149,120,https://mbtegbgsvxbefyzyxlyr.supabase.co/storage/v1/object/public/user-data/groceries.png
Nivea body milk lotion 200ml,Piece,249,240,1,249,240,https://mbtegbgsvxbefyzyxlyr.supabase.co/storage/v1/object/public/user-data/groceries.png
Nivea body lotion aloe hydration 200ml,Piece,275,265,3,825,795,https://mbtegbgsvxbefyzyxlyr.supabase.co/storage/v1/object/public/user-data/groceries.png
Kharik yellow  1kg,Piece,350,230,26,9100,5980,https://mbtegbgsvxbefyzyxlyr.supabase.co/storage/v1/object/public/user-data/groceries.png
Yardley london gold 91gm,Piece,80,70,4,320,280,https://mbtegbgsvxbefyzyxlyr.supabase.co/storage/v1/object/public/user-data/groceries.png
Nivea body lotion shea smooth 200ml,Piece,330,320,4,1320,1280,https://mbtegbgsvxbefyzyxlyr.supabase.co/storage/v1/object/public/user-data/groceries.png
Charoli 25gm,Piece,90,70,78,7020,5460,https://mbtegbgsvxbefyzyxlyr.supabase.co/storage/v1/object/public/user-data/groceries.png
Nachani papad,Piece,25,16,4,100,64,https://mbtegbgsvxbefyzyxlyr.supabase.co/storage/v1/object/public/user-data/groceries.png
Vicco turmeric skin cream 30gm,Piece,80,70,10,800,700,https://mbtegbgsvxbefyzyxlyr.supabase.co/storage/v1/object/public/user-data/groceries.png
toor 1kg,Piece,120,70,30,3600,2100,https://mbtegbgsvxbefyzyxlyr.supabase.co/storage/v1/object/public/user-data/groceries.png
Vicco sandalwood oil 30gm,Piece,150,140,9,1350,1260,https://mbtegbgsvxbefyzyxlyr.supabase.co/storage/v1/object/public/user-data/groceries.png
toor 500gm,Piece,80,35,34,2720,1190,https://mbtegbgsvxbefyzyxlyr.supabase.co/storage/v1/object/public/user-data/groceries.png
Vicco turmeric skin cream 60gm,Piece,175,160,5,875,800,https://mbtegbgsvxbefyzyxlyr.supabase.co/storage/v1/object/public/user-data/groceries.png
Toor 200gm,Piece,30,17,19,570,323,https://mbtegbgsvxbefyzyxlyr.supabase.co/storage/v1/object/public/user-data/groceries.png
Kaju Kani 200gm,Piece,180,140,7,1260,980,https://mbtegbgsvxbefyzyxlyr.supabase.co/storage/v1/object/public/user-data/groceries.png
kharik powder 500gm,Piece,200,155,7,1400,1085,https://mbtegbgsvxbefyzyxlyr.supabase.co/storage/v1/object/public/user-data/groceries.png
Kharik Powder 1kg,Piece,310,400,1,310,400,https://mbtegbgsvxbefyzyxlyr.supabase.co/storage/v1/object/public/user-data/groceries.png
kharik powder 200gm,Piece,85,68,7,595,476,https://mbtegbgsvxbefyzyxlyr.supabase.co/storage/v1/object/public/user-data/groceries.png
nachani white papad,Piece,25,16,-4,-100,-64,https://mbtegbgsvxbefyzyxlyr.supabase.co/storage/v1/object/public/user-data/groceries.png
vicco sandalwood oil 50gm,Piece,230,220,10,2300,2200,https://mbtegbgsvxbefyzyxlyr.supabase.co/storage/v1/object/public/user-data/groceries.png
samosa fryams,Piece,16,10,54,864,540,https://mbtegbgsvxbefyzyxlyr.supabase.co/storage/v1/object/public/user-data/groceries.png
secret 250ml,Piece,225,205,6,1350,1230,https://mbtegbgsvxbefyzyxlyr.supabase.co/storage/v1/object/public/user-data/groceries.png
panipuri fryams 100gm,Piece,26,15,41,1066,615,https://mbtegbgsvxbefyzyxlyr.supabase.co/storage/v1/object/public/user-data/groceries.png
pani puri 200gm,Piece,50,30,0,0,0,https://mbtegbgsvxbefyzyxlyr.supabase.co/storage/v1/object/public/user-data/groceries.png
Secret body lotion 250ml,Piece,225,205,4,900,820,https://mbtegbgsvxbefyzyxlyr.supabase.co/storage/v1/object/public/user-data/groceries.png
kharik black 500gm,Piece,180,140,15,2700,2100,https://mbtegbgsvxbefyzyxlyr.supabase.co/storage/v1/object/public/user-data/groceries.png
everyuth body lotion 100ml,Piece,99,95,5,495,475,https://mbtegbgsvxbefyzyxlyr.supabase.co/storage/v1/object/public/user-data/groceries.png
everyuth body lotion 100ml berries,Piece,125,90,3,375,270,https://mbtegbgsvxbefyzyxlyr.supabase.co/storage/v1/object/public/user-data/groceries.png
watana white 200gm,Piece,28,18,59,1652,1062,https://mbtegbgsvxbefyzyxlyr.supabase.co/storage/v1/object/public/user-data/groceries.png
mama earth dewy bright facewash 50ml,Piece,125,115,0,0,0,https://mbtegbgsvxbefyzyxlyr.supabase.co/storage/v1/object/public/user-data/groceries.png
watana white 500gm,Piece,56,40,32,1792,1280,https://mbtegbgsvxbefyzyxlyr.supabase.co/storage/v1/object/public/user-data/groceries.png
glow&lovely 25gm,Piece,70,65,70,4900,4550,https://mbtegbgsvxbefyzyxlyr.supabase.co/storage/v1/object/public/user-data/groceries.png
watana green 200gm,Piece,55,36,4,220,144,https://mbtegbgsvxbefyzyxlyr.supabase.co/storage/v1/object/public/user-data/groceries.png
olay cream 20gm,Piece,99,95,20,1980,1900,https://mbtegbgsvxbefyzyxlyr.supabase.co/storage/v1/object/public/user-data/groceries.png
watana green 1kg,Piece,210,180,11,2310,1980,https://mbtegbgsvxbefyzyxlyr.supabase.co/storage/v1/object/public/user-data/groceries.png
olay cream 40gm,Piece,199,190,7,1393,1330,https://mbtegbgsvxbefyzyxlyr.supabase.co/storage/v1/object/public/user-data/groceries.png
watana green 500gm,Piece,110,81,10,1100,810,https://mbtegbgsvxbefyzyxlyr.supabase.co/storage/v1/object/public/user-data/groceries.png
watana green 200gm,Piece,55,36,18,990,648,https://mbtegbgsvxbefyzyxlyr.supabase.co/storage/v1/object/public/user-data/groceries.png
watana green 500gm,Piece,110,81,28,3080,2268,https://mbtegbgsvxbefyzyxlyr.supabase.co/storage/v1/object/public/user-data/groceries.png
watana green 1kg,Piece,210,180,-6,-1260,-1080,https://mbtegbgsvxbefyzyxlyr.supabase.co/storage/v1/object/public/user-data/groceries.png
udid dal kali 200gm,Piece,30,26,5,150,130,https://mbtegbgsvxbefyzyxlyr.supabase.co/storage/v1/object/public/user-data/groceries.png
udid dal kali 500gm,Piece,70,65,35,2450,2275,https://mbtegbgsvxbefyzyxlyr.supabase.co/storage/v1/object/public/user-data/groceries.png
udid dal kali 1kg,Piece,140,125,13,1820,1625,https://mbtegbgsvxbefyzyxlyr.supabase.co/storage/v1/object/public/user-data/groceries.png
nilons soya Badi,Piece,10,10,43,430,430,https://mbtegbgsvxbefyzyxlyr.supabase.co/storage/v1/object/public/user-data/groceries.png
nilons soya mini,Piece,10,10,52,520,520,https://mbtegbgsvxbefyzyxlyr.supabase.co/storage/v1/object/public/user-data/groceries.png
wild stone king 100ml,Piece,699,599,4,2796,2396,https://mbtegbgsvxbefyzyxlyr.supabase.co/storage/v1/object/public/user-data/groceries.png
wild stone boss 100 mL,Piece,699,599,2,1398,1198,https://mbtegbgsvxbefyzyxlyr.supabase.co/storage/v1/object/public/user-data/groceries.png
wild stone edge 100ml,Piece,649,549,1,649,549,https://mbtegbgsvxbefyzyxlyr.supabase.co/storage/v1/object/public/user-data/groceries.png
soya chunks 200gm,Piece,60,47,21,1260,987,https://mbtegbgsvxbefyzyxlyr.supabase.co/storage/v1/object/public/user-data/groceries.png
wild stone ultra sensual 100ml,Piece,649,549,1,649,549,https://mbtegbgsvxbefyzyxlyr.supabase.co/storage/v1/object/public/user-data/groceries.png
mini soya chunks 200gm,Piece,60,47,24,1440,1128,https://mbtegbgsvxbefyzyxlyr.supabase.co/storage/v1/object/public/user-data/groceries.png
fortune soya Badi,Piece,10,10,75,750,750,https://mbtegbgsvxbefyzyxlyr.supabase.co/storage/v1/object/public/user-data/groceries.png
fortune soya mini,Piece,10,10,61,610,610,https://mbtegbgsvxbefyzyxlyr.supabase.co/storage/v1/object/public/user-data/groceries.png
Patel neck n1,Piece,600,499,2,1200,998,https://mbtegbgsvxbefyzyxlyr.supabase.co/storage/v1/object/public/user-data/groceries.png
Mataki 1kg,Piece,200,180,10,2000,1800,https://mbtegbgsvxbefyzyxlyr.supabase.co/storage/v1/object/public/user-data/groceries.png
Mataki 500gm,Piece,180,90,37,6660,3330,https://mbtegbgsvxbefyzyxlyr.supabase.co/storage/v1/object/public/user-data/groceries.png
kabuli chana,Piece,192,160,11,2112,1760,https://mbtegbgsvxbefyzyxlyr.supabase.co/storage/v1/object/public/user-data/groceries.png
kabuli chana 500gm,Piece,98,88,23,2254,2024,https://mbtegbgsvxbefyzyxlyr.supabase.co/storage/v1/object/public/user-data/groceries.png
kabuli chana 200gm,Piece,40,35,9,360,315,https://mbtegbgsvxbefyzyxlyr.supabase.co/storage/v1/object/public/user-data/groceries.png
harbara 500gm,Piece,80,35,1,80,35,https://mbtegbgsvxbefyzyxlyr.supabase.co/storage/v1/object/public/user-data/groceries.png
harbara 1kg,Piece,150,75,1,150,75,https://mbtegbgsvxbefyzyxlyr.supabase.co/storage/v1/object/public/user-data/groceries.png
harbara 200gm,Piece,30,20,16,480,320,https://mbtegbgsvxbefyzyxlyr.supabase.co/storage/v1/object/public/user-data/groceries.png
Patel neck apparel spray,Piece,400,299,1,400,299,https://mbtegbgsvxbefyzyxlyr.supabase.co/storage/v1/object/public/user-data/groceries.png
Patel Nesty,Piece,470,399,2,940,798,https://mbtegbgsvxbefyzyxlyr.supabase.co/storage/v1/object/public/user-data/groceries.png
Patel Aroma,Piece,900,799,2,1800,1598,https://mbtegbgsvxbefyzyxlyr.supabase.co/storage/v1/object/public/user-data/groceries.png
rajbhog Makhana 250gm,Piece,600,290,8,4800,2320,https://mbtegbgsvxbefyzyxlyr.supabase.co/storage/v1/object/public/user-data/groceries.png
rajbhog makana 100gm,Piece,250,189,11,2750,2079,https://mbtegbgsvxbefyzyxlyr.supabase.co/storage/v1/object/public/user-data/groceries.png
Denver SRK emperor,Piece,275,199,21,5775,4179,https://mbtegbgsvxbefyzyxlyr.supabase.co/storage/v1/object/public/user-data/groceries.png
Denver SRK king,Piece,275,199,23,6325,4577,https://mbtegbgsvxbefyzyxlyr.supabase.co/storage/v1/object/public/user-data/groceries.png
soyabin wadi  à¥«à¥¦à¥¦gm,Piece,90,60,16,1440,960,https://mbtegbgsvxbefyzyxlyr.supabase.co/storage/v1/object/public/user-data/groceries.png
Denver SRK Maestro,Piece,275,199,27,7425,5373,https://mbtegbgsvxbefyzyxlyr.supabase.co/storage/v1/object/public/user-data/groceries.png
Soyabean wadi big à¥¨à¥«à¥¦gm,Piece,110,45,61,6710,2745,https://mbtegbgsvxbefyzyxlyr.supabase.co/storage/v1/object/public/user-data/groceries.png
Rajma à¥§kg,Piece,185,145,10,1850,1450,https://mbtegbgsvxbefyzyxlyr.supabase.co/storage/v1/object/public/user-data/groceries.png
Rajma black à¥«à¥¦à¥¦gm,Piece,90,65,14,1260,910,https://mbtegbgsvxbefyzyxlyr.supabase.co/storage/v1/object/public/user-data/groceries.png
signature yolo 200ml,Piece,299,199,25,7475,4975,https://mbtegbgsvxbefyzyxlyr.supabase.co/storage/v1/object/public/user-data/groceries.png
park avenue 150ml,Piece,250,150,3,750,450,https://mbtegbgsvxbefyzyxlyr.supabase.co/storage/v1/object/public/user-data/groceries.png
Park Avenue Corsica cool 120ml,Piece,349,249,6,2094,1494,https://mbtegbgsvxbefyzyxlyr.supabase.co/storage/v1/object/public/user-data/groceries.png
hulga à¥¨à¥¦à¥¦gm,Piece,30,23,17,510,391,https://mbtegbgsvxbefyzyxlyr.supabase.co/storage/v1/object/public/user-data/groceries.png
hulga à¥«à¥¦à¥¦gm,Piece,70,40,8,560,320,https://mbtegbgsvxbefyzyxlyr.supabase.co/storage/v1/object/public/user-data/groceries.png
Park avenue savanna fresh 120ml,Piece,349,249,8,2792,1992,https://mbtegbgsvxbefyzyxlyr.supabase.co/storage/v1/object/public/user-data/groceries.png
hulga à¥§kg,Piece,140,80,20,2800,1600,https://mbtegbgsvxbefyzyxlyr.supabase.co/storage/v1/object/public/user-data/groceries.png
park avenue Amazon 120ml,Piece,349,249,22,7678,5478,https://mbtegbgsvxbefyzyxlyr.supabase.co/storage/v1/object/public/user-data/groceries.png
mugdal à¥§kg,Piece,120,105,-13,-1560,-1365,https://mbtegbgsvxbefyzyxlyr.supabase.co/storage/v1/object/public/user-data/groceries.png
mugdal à¥«à¥¦à¥¦gm,Piece,60,54,-16,-960,-864,https://mbtegbgsvxbefyzyxlyr.supabase.co/storage/v1/object/public/user-data/groceries.png
park avenue icon 130ml,Piece,299,249,26,7774,6474,https://mbtegbgsvxbefyzyxlyr.supabase.co/storage/v1/object/public/user-data/groceries.png
mugdal à¥¨à¥¦à¥¦gm,Piece,30,27,30,900,810,https://mbtegbgsvxbefyzyxlyr.supabase.co/storage/v1/object/public/user-data/groceries.png
matki dal à¥«à¥¦à¥¦gm,Piece,80,65,26,2080,1690,https://mbtegbgsvxbefyzyxlyr.supabase.co/storage/v1/object/public/user-data/groceries.png
park avenue good morning 130ml,Piece,299,199,0,0,0,https://mbtegbgsvxbefyzyxlyr.supabase.co/storage/v1/object/public/user-data/groceries.png
matki dal à¥¨à¥¦à¥¦gm,Piece,32,27,23,736,621,https://mbtegbgsvxbefyzyxlyr.supabase.co/storage/v1/object/public/user-data/groceries.png
park avenue regal 130ml,Piece,299,199,-1,-299,-199,https://mbtegbgsvxbefyzyxlyr.supabase.co/storage/v1/object/public/user-data/groceries.png
matki dal à¥§kg,Piece,160,125,21,3360,2625,https://mbtegbgsvxbefyzyxlyr.supabase.co/storage/v1/object/public/user-data/groceries.png
park avenue Euphoria 50ml,Piece,399,349,7,2793,2443,https://mbtegbgsvxbefyzyxlyr.supabase.co/storage/v1/object/public/user-data/groceries.png
rice yellow papad,Piece,35,17,0,0,0,https://mbtegbgsvxbefyzyxlyr.supabase.co/storage/v1/object/public/user-data/groceries.png
Park avenue Harmony 50ml,Piece,399,349,11,4389,3839,https://mbtegbgsvxbefyzyxlyr.supabase.co/storage/v1/object/public/user-data/groceries.png
sandge à¥¨à¥¦à¥¦gm,Piece,100,60,25,2500,1500,https://mbtegbgsvxbefyzyxlyr.supabase.co/storage/v1/object/public/user-data/groceries.png
Park avenue conquer,Piece,399,349,6,2394,2094,https://mbtegbgsvxbefyzyxlyr.supabase.co/storage/v1/object/public/user-data/groceries.png
Chavali à¥«à¥¦à¥¦gm,Piece,85,75,27,2295,2025,https://mbtegbgsvxbefyzyxlyr.supabase.co/storage/v1/object/public/user-data/groceries.png
Patel 24 Caret,Piece,350,299,2,700,598,https://mbtegbgsvxbefyzyxlyr.supabase.co/storage/v1/object/public/user-data/groceries.png
Chavali à¥§kg,Piece,160,150,13,2080,1950,https://mbtegbgsvxbefyzyxlyr.supabase.co/storage/v1/object/public/user-data/groceries.png
Patel Fantasia,Piece,350,299,0,0,0,https://mbtegbgsvxbefyzyxlyr.supabase.co/storage/v1/object/public/user-data/groceries.png
patel London white,Piece,350,299,2,700,598,https://mbtegbgsvxbefyzyxlyr.supabase.co/storage/v1/object/public/user-data/groceries.png
patel London white apparel spray,Piece,400,300,2,800,600,https://mbtegbgsvxbefyzyxlyr.supabase.co/storage/v1/object/public/user-data/groceries.png
park avenue euphoria 100ml,Piece,599,499,1,599,499,https://mbtegbgsvxbefyzyxlyr.supabase.co/storage/v1/object/public/user-data/groceries.png
Patel Neck small,Piece,470,399,2,940,798,https://mbtegbgsvxbefyzyxlyr.supabase.co/storage/v1/object/public/user-data/groceries.png
wild Stone code 120ml,Piece,275,199,7,1925,1393,https://mbtegbgsvxbefyzyxlyr.supabase.co/storage/v1/object/public/user-data/groceries.png
wild stone gold 120ml,Piece,275,199,4,1100,796,https://mbtegbgsvxbefyzyxlyr.supabase.co/storage/v1/object/public/user-data/groceries.png
HiFI rose water à¥§à¥¦à¥¦ml,Piece,50,40,14,700,560,https://mbtegbgsvxbefyzyxlyr.supabase.co/storage/v1/object/public/user-data/groceries.png
wild stone steel 120ml,Piece,275,199,6,1650,1194,https://mbtegbgsvxbefyzyxlyr.supabase.co/storage/v1/object/public/user-data/groceries.png
HiFI rose water premium,Piece,40,35,11,440,385,https://mbtegbgsvxbefyzyxlyr.supabase.co/storage/v1/object/public/user-data/groceries.png
wild stone bleu 120ml,Piece,275,199,4,1100,796,https://mbtegbgsvxbefyzyxlyr.supabase.co/storage/v1/object/public/user-data/groceries.png
HiFI rose water premium,Piece,40,35,11,440,385,https://mbtegbgsvxbefyzyxlyr.supabase.co/storage/v1/object/public/user-data/groceries.png
wild stone code Noir 120ml,Piece,275,199,5,1375,995,https://mbtegbgsvxbefyzyxlyr.supabase.co/storage/v1/object/public/user-data/groceries.png
HiFI rose water premium,Piece,25,20,6,150,120,https://mbtegbgsvxbefyzyxlyr.supabase.co/storage/v1/object/public/user-data/groceries.png
wild stone platinum 120ml,Piece,275,199,6,1650,1194,https://mbtegbgsvxbefyzyxlyr.supabase.co/storage/v1/object/public/user-data/groceries.png
VLCC serum face wash,Piece,299,275,1,299,275,https://mbtegbgsvxbefyzyxlyr.supabase.co/storage/v1/object/public/user-data/groceries.png
wild stone code titanium 120ml,Piece,275,199,3,825,597,https://mbtegbgsvxbefyzyxlyr.supabase.co/storage/v1/object/public/user-data/groceries.png
clean and clear black head clearing,Piece,170,150,3,510,450,https://mbtegbgsvxbefyzyxlyr.supabase.co/storage/v1/object/public/user-data/groceries.png
Secret Aura 150ml,Piece,220,179,7,1540,1253,https://mbtegbgsvxbefyzyxlyr.supabase.co/storage/v1/object/public/user-data/groceries.png
VLCC chandan and kesar,Piece,149,135,1,149,135,https://mbtegbgsvxbefyzyxlyr.supabase.co/storage/v1/object/public/user-data/groceries.png
secret Bling 150ml,Piece,220,179,5,1100,895,https://mbtegbgsvxbefyzyxlyr.supabase.co/storage/v1/object/public/user-data/groceries.png
VLCC serum face wash acne defence,Piece,99,85,1,99,85,https://mbtegbgsvxbefyzyxlyr.supabase.co/storage/v1/object/public/user-data/groceries.png
secret romance 150ml,Piece,220,179,4,880,716,https://mbtegbgsvxbefyzyxlyr.supabase.co/storage/v1/object/public/user-data/groceries.png
VLCC skin defence,Piece,280,260,1,280,260,https://mbtegbgsvxbefyzyxlyr.supabase.co/storage/v1/object/public/user-data/groceries.png
clean and clear Aqua splash,Piece,215,200,5,1075,1000,https://mbtegbgsvxbefyzyxlyr.supabase.co/storage/v1/object/public/user-data/groceries.png
wild stone sport 150ml,Piece,230,179,5,1150,895,https://mbtegbgsvxbefyzyxlyr.supabase.co/storage/v1/object/public/user-data/groceries.png
clean and clear foaming face wash à¥§à¥¦à¥¦ml,Piece,195,180,7,1365,1260,https://mbtegbgsvxbefyzyxlyr.supabase.co/storage/v1/object/public/user-data/groceries.png
wild stone party 150ml,Piece,230,179,4,920,716,https://mbtegbgsvxbefyzyxlyr.supabase.co/storage/v1/object/public/user-data/groceries.png
wild stone non-stop 150ml,Piece,230,179,8,1840,1432,https://mbtegbgsvxbefyzyxlyr.supabase.co/storage/v1/object/public/user-data/groceries.png
clean and clear foaming face wash à¥«à¥¦ml,Piece,99,95,3,297,285,https://mbtegbgsvxbefyzyxlyr.supabase.co/storage/v1/object/public/user-data/groceries.png
wild stone excel 150ml,Piece,230,179,7,1610,1253,https://mbtegbgsvxbefyzyxlyr.supabase.co/storage/v1/object/public/user-data/groceries.png
clean and clear foaming face wash à¥¨à¥ªà¥¦ml,Piece,430,390,2,860,780,https://mbtegbgsvxbefyzyxlyr.supabase.co/storage/v1/object/public/user-data/groceries.png
wild stone ultra sensual 150ml,Piece,225,179,1,225,179,https://mbtegbgsvxbefyzyxlyr.supabase.co/storage/v1/object/public/user-data/groceries.png
nachani à¥«à¥¦à¥¦gm,Piece,70,35,15,1050,525,https://mbtegbgsvxbefyzyxlyr.supabase.co/storage/v1/object/public/user-data/groceries.png
Vlcc skin glow facial kit 25gm,Piece,149,119,0,0,0,https://mbtegbgsvxbefyzyxlyr.supabase.co/storage/v1/object/public/user-data/groceries.png
Nachani à¥§kg,Piece,100,70,9,900,630,https://mbtegbgsvxbefyzyxlyr.supabase.co/storage/v1/object/public/user-data/groceries.png
Vlcc gold facial kit 60gm,Piece,359,299,1,359,299,https://mbtegbgsvxbefyzyxlyr.supabase.co/storage/v1/object/public/user-data/groceries.png
nachani à¥¨à¥¦à¥¦gm,Piece,20,14,12,240,168,https://mbtegbgsvxbefyzyxlyr.supabase.co/storage/v1/object/public/user-data/groceries.png
Vlcc Diamond facial kit 60gm,Piece,449,348,1,449,348,https://mbtegbgsvxbefyzyxlyr.supabase.co/storage/v1/object/public/user-data/groceries.png
masur dal à¥¨à¥¦à¥¦gm,Piece,30,28,16,480,448,https://mbtegbgsvxbefyzyxlyr.supabase.co/storage/v1/object/public/user-data/groceries.png
masur dal à¥§kg,Piece,120,120,-2,-240,-240,https://mbtegbgsvxbefyzyxlyr.supabase.co/storage/v1/object/public/user-data/groceries.png
Vlcc skin whitning facial kit 25gm,Piece,149,119,1,149,119,https://mbtegbgsvxbefyzyxlyr.supabase.co/storage/v1/object/public/user-data/groceries.png
masur dal à¥«à¥¦à¥¦gm,Piece,60,55,-9,-540,-495,https://mbtegbgsvxbefyzyxlyr.supabase.co/storage/v1/object/public/user-data/groceries.png
corn flour à¥«à¥¦à¥¦gm,Piece,25,22,14,350,308,https://mbtegbgsvxbefyzyxlyr.supabase.co/storage/v1/object/public/user-data/groceries.png
Vlcc skin tightening facial kit 25gm,Piece,149,119,1,149,119,https://mbtegbgsvxbefyzyxlyr.supabase.co/storage/v1/object/public/user-data/groceries.png
corn flour à¥¨à¥«à¥¦gm,Piece,15,11,-1,-15,-11,https://mbtegbgsvxbefyzyxlyr.supabase.co/storage/v1/object/public/user-data/groceries.png
chana dal à¥§kg,Piece,100,85,60,6000,5100,https://mbtegbgsvxbefyzyxlyr.supabase.co/storage/v1/object/public/user-data/groceries.png
Clean &clear foaming face wash 50ml,Piece,99,95,3,297,285,https://mbtegbgsvxbefyzyxlyr.supabase.co/storage/v1/object/public/user-data/groceries.png
shengdane à¥§kg,Piece,200,170,167,33400,28390,https://mbtegbgsvxbefyzyxlyr.supabase.co/storage/v1/object/public/user-data/groceries.png
hi fi gulab jal 100ml,Piece,50,48,12,600,576,https://mbtegbgsvxbefyzyxlyr.supabase.co/storage/v1/object/public/user-data/groceries.png
futana à¥§à¥¦à¥¦gm,Piece,30,15,7,210,105,https://mbtegbgsvxbefyzyxlyr.supabase.co/storage/v1/object/public/user-data/groceries.png
VLcc serum facewash 150ml,Piece,299,280,1,299,280,https://mbtegbgsvxbefyzyxlyr.supabase.co/storage/v1/object/public/user-data/groceries.png
rajma à¥¨à¥¦à¥¦gm,Piece,45,30,13,585,390,https://mbtegbgsvxbefyzyxlyr.supabase.co/storage/v1/object/public/user-data/groceries.png
rajma black à¥¨à¥¦à¥¦gm,Piece,40,25,11,440,275,https://mbtegbgsvxbefyzyxlyr.supabase.co/storage/v1/object/public/user-data/groceries.png
kabuli chana 500,Piece,98,88,16,1568,1408,https://mbtegbgsvxbefyzyxlyr.supabase.co/storage/v1/object/public/user-data/groceries.png
moong à¥¨à¥¦à¥¦gm,Piece,35,26,40,1400,1040,https://mbtegbgsvxbefyzyxlyr.supabase.co/storage/v1/object/public/user-data/groceries.png
moong à¥«à¥¦à¥¦gm,Piece,66,60,-3,-198,-180,https://mbtegbgsvxbefyzyxlyr.supabase.co/storage/v1/object/public/user-data/groceries.png
soyabean wadi mini à¥¨à¥«à¥¦gm,Piece,30,25,-4,-120,-100,https://mbtegbgsvxbefyzyxlyr.supabase.co/storage/v1/object/public/user-data/groceries.png
toor dal à¥¨à¥¦à¥¦gm,Piece,40,30,69,2760,2070,https://mbtegbgsvxbefyzyxlyr.supabase.co/storage/v1/object/public/user-data/groceries.png
toor dal à¥¨à¥¦à¥¦gm,Piece,40,30,31,1240,930,https://mbtegbgsvxbefyzyxlyr.supabase.co/storage/v1/object/public/user-data/groceries.png
Poha jad 1kg,Piece,65,58,28,1820,1624,https://mbtegbgsvxbefyzyxlyr.supabase.co/storage/v1/object/public/user-data/groceries.png
udid dal white à¥¨à¥¦à¥¦gm,Piece,45,30,18,810,540,https://mbtegbgsvxbefyzyxlyr.supabase.co/storage/v1/object/public/user-data/groceries.png
udid dal white à¥«à¥¦à¥¦gm,Piece,80,65,-3,-240,-195,https://mbtegbgsvxbefyzyxlyr.supabase.co/storage/v1/object/public/user-data/groceries.png
Poha Patla 500,Piece,41,33,34,1394,1122,https://mbtegbgsvxbefyzyxlyr.supabase.co/storage/v1/object/public/user-data/groceries.png
matki dal à¥«à¥¦à¥¦gm,Piece,80,65,-3,-240,-195,https://mbtegbgsvxbefyzyxlyr.supabase.co/storage/v1/object/public/user-data/groceries.png
udid dal white à¥§kg,Piece,160,119,2,320,238,https://mbtegbgsvxbefyzyxlyr.supabase.co/storage/v1/object/public/user-data/groceries.png
Swastik Poha lite bite 1kg,Piece,95,65,-26,-2470,-1690,https://mbtegbgsvxbefyzyxlyr.supabase.co/storage/v1/object/public/user-data/groceries.png
futana à¥¨à¥¦à¥¦gm,Piece,40,29,5,200,145,https://mbtegbgsvxbefyzyxlyr.supabase.co/storage/v1/object/public/user-data/groceries.png
futana à¥«à¥¦à¥¦gm,Piece,90,58,3,270,174,https://mbtegbgsvxbefyzyxlyr.supabase.co/storage/v1/object/public/user-data/groceries.png
swastik poha  500gm,Piece,45,33,11,495,363,https://mbtegbgsvxbefyzyxlyr.supabase.co/storage/v1/object/public/user-data/groceries.png
futana dal à¥¨à¥¦à¥¦gm,Piece,50,40,6,300,240,https://mbtegbgsvxbefyzyxlyr.supabase.co/storage/v1/object/public/user-data/groceries.png
futana dal à¥«à¥¦à¥¦gm,Piece,100,65,23,2300,1495,https://mbtegbgsvxbefyzyxlyr.supabase.co/storage/v1/object/public/user-data/groceries.png
Swastik pohaa 1kg,Piece,80,65,0,0,0,https://mbtegbgsvxbefyzyxlyr.supabase.co/storage/v1/object/public/user-data/groceries.png
Dagdi poha 500gm,Piece,60,42,0,0,0,https://mbtegbgsvxbefyzyxlyr.supabase.co/storage/v1/object/public/user-data/groceries.png
kale wal à¥¨à¥¦à¥¦gm,Piece,40,32,23,920,736,https://mbtegbgsvxbefyzyxlyr.supabase.co/storage/v1/object/public/user-data/groceries.png
swastik lite bite poha 500gm,Piece,55,33,-17,-935,-561,https://mbtegbgsvxbefyzyxlyr.supabase.co/storage/v1/object/public/user-data/groceries.png
kale wal à¥«à¥¦à¥¦gm,Piece,100,75,17,1700,1275,https://mbtegbgsvxbefyzyxlyr.supabase.co/storage/v1/object/public/user-data/groceries.png
masur à¥¨à¥¦à¥¦gm,Piece,26,22,10,260,220,https://mbtegbgsvxbefyzyxlyr.supabase.co/storage/v1/object/public/user-data/groceries.png
masur à¥«à¥¦à¥¦gm,Piece,56,51,10,560,510,https://mbtegbgsvxbefyzyxlyr.supabase.co/storage/v1/object/public/user-data/groceries.png
Fortune Poha 1kg,Piece,110,70,28,3080,1960,https://mbtegbgsvxbefyzyxlyr.supabase.co/storage/v1/object/public/user-data/groceries.png
masur à¥§kg,Piece,110,100,42,4620,4200,https://mbtegbgsvxbefyzyxlyr.supabase.co/storage/v1/object/public/user-data/groceries.png
Sugar 1kg,Piece,50,44,22,1100,968,https://mbtegbgsvxbefyzyxlyr.supabase.co/storage/v1/object/public/user-data/groceries.png
moong dal green à¥§kg,Piece,135,120,9,1215,1080,https://mbtegbgsvxbefyzyxlyr.supabase.co/storage/v1/object/public/user-data/groceries.png
Fortune Sugar 1kg,Piece,75,54,10,750,540,https://mbtegbgsvxbefyzyxlyr.supabase.co/storage/v1/object/public/user-data/groceries.png
moong dal green à¥«à¥¦à¥¦gm,Piece,70,63,10,700,630,https://mbtegbgsvxbefyzyxlyr.supabase.co/storage/v1/object/public/user-data/groceries.png
moong dal green à¥¨à¥¦à¥¦gm,Piece,35,26,22,770,572,https://mbtegbgsvxbefyzyxlyr.supabase.co/storage/v1/object/public/user-data/groceries.png
til prakash 450ml,Piece,200,60,33,6600,1980,https://mbtegbgsvxbefyzyxlyr.supabase.co/storage/v1/object/public/user-data/groceries.png
TIL Prakash 900ml,Piece,300,120,11,3300,1320,https://mbtegbgsvxbefyzyxlyr.supabase.co/storage/v1/object/public/user-data/groceries.png
trishul sparkle glass and household cleaner500ml,Piece,148,139,18,2664,2502,https://mbtegbgsvxbefyzyxlyr.supabase.co/storage/v1/object/public/user-data/groceries.png
patanjali herbal 80gm,Piece,75,70,4,300,280,https://mbtegbgsvxbefyzyxlyr.supabase.co/storage/v1/object/public/user-data/groceries.png
gajgauri mango pickle 350g,Piece,140,70,-12,-1680,-840,https://mbtegbgsvxbefyzyxlyr.supabase.co/storage/v1/object/public/user-data/groceries.png
pravin mango pickle 200g,Piece,70,65,5,350,325,https://mbtegbgsvxbefyzyxlyr.supabase.co/storage/v1/object/public/user-data/groceries.png
streax gel 1n,Piece,99,90,4,396,360,https://mbtegbgsvxbefyzyxlyr.supabase.co/storage/v1/object/public/user-data/groceries.png
pravin mango pickle 350g,Piece,93,88,4,372,352,https://mbtegbgsvxbefyzyxlyr.supabase.co/storage/v1/object/public/user-data/groceries.png
gillette guard 125gm,Piece,70,65,3,210,195,https://mbtegbgsvxbefyzyxlyr.supabase.co/storage/v1/object/public/user-data/groceries.png
pravin mango pickle 500g,Piece,126,120,12,1512,1440,https://mbtegbgsvxbefyzyxlyr.supabase.co/storage/v1/object/public/user-data/groceries.png
Ariel power gel TL 1kg,Piece,205,195,6,1230,1170,https://mbtegbgsvxbefyzyxlyr.supabase.co/storage/v1/object/public/user-data/groceries.png
park Avenue cool blue 50ml,Piece,150,140,11,1650,1540,https://mbtegbgsvxbefyzyxlyr.supabase.co/storage/v1/object/public/user-data/groceries.png
suhana pravin  mango pickle 1kg,Piece,250,245,3,750,735,https://mbtegbgsvxbefyzyxlyr.supabase.co/storage/v1/object/public/user-data/groceries.png
lohana dhup 90gm,Piece,90,60,39,3510,2340,https://mbtegbgsvxbefyzyxlyr.supabase.co/storage/v1/object/public/user-data/groceries.png
Sani Fresh 1L free odonil,Piece,225,220,13,2925,2860,https://mbtegbgsvxbefyzyxlyr.supabase.co/storage/v1/object/public/user-data/groceries.png
gajgauri mango pickle 1kg,Piece,250,125,0,0,0,https://mbtegbgsvxbefyzyxlyr.supabase.co/storage/v1/object/public/user-data/groceries.png
gillette series 25gm,Piece,49,45,1,49,45,https://mbtegbgsvxbefyzyxlyr.supabase.co/storage/v1/object/public/user-data/groceries.png
Ariel Power gel TL 900gm,Piece,149,142,2,298,284,https://mbtegbgsvxbefyzyxlyr.supabase.co/storage/v1/object/public/user-data/groceries.png
ram bandu mango pickle 1kg,Piece,262,255,5,1310,1275,https://mbtegbgsvxbefyzyxlyr.supabase.co/storage/v1/object/public/user-data/groceries.png
gillette foam regular 50gm,Piece,95,90,0,0,0,https://mbtegbgsvxbefyzyxlyr.supabase.co/storage/v1/object/public/user-data/groceries.png
Safe wash matic Liquid 2L FL,Piece,490,380,2,980,760,https://mbtegbgsvxbefyzyxlyr.supabase.co/storage/v1/object/public/user-data/groceries.png
camel creative kit,Piece,49,46,26,1274,1196,https://mbtegbgsvxbefyzyxlyr.supabase.co/storage/v1/object/public/user-data/groceries.png
Ariel Power gel FL 900gm,Piece,169,159,10,1690,1590,https://mbtegbgsvxbefyzyxlyr.supabase.co/storage/v1/object/public/user-data/groceries.png
camlin colour pencil 24shades,Piece,120,115,4,480,460,https://mbtegbgsvxbefyzyxlyr.supabase.co/storage/v1/object/public/user-data/groceries.png
Ariel Power Gel 3Kg TL,Piece,469,459,-1,-469,-459,https://mbtegbgsvxbefyzyxlyr.supabase.co/storage/v1/object/public/user-data/groceries.png
camel art kit,Piece,99,95,21,2079,1995,https://mbtegbgsvxbefyzyxlyr.supabase.co/storage/v1/object/public/user-data/groceries.png
gillette regular 70gm,Piece,80,70,7,560,490,https://mbtegbgsvxbefyzyxlyr.supabase.co/storage/v1/object/public/user-data/groceries.png
apsara modeling clay 12shades,Piece,100,95,0,0,0,https://mbtegbgsvxbefyzyxlyr.supabase.co/storage/v1/object/public/user-data/groceries.png
pounds dhup stick 100gm,Piece,80,50,1,80,50,https://mbtegbgsvxbefyzyxlyr.supabase.co/storage/v1/object/public/user-data/groceries.png
gillette 30gm,Piece,45,40,6,270,240,https://mbtegbgsvxbefyzyxlyr.supabase.co/storage/v1/object/public/user-data/groceries.png
gillette lime 70gm,Piece,80,70,1,80,70,https://mbtegbgsvxbefyzyxlyr.supabase.co/storage/v1/object/public/user-data/groceries.png
aroma pink dhup 90gm,Piece,80,45,3,240,135,https://mbtegbgsvxbefyzyxlyr.supabase.co/storage/v1/object/public/user-data/groceries.png
park Avenue 84gm,Piece,75,70,3,225,210,https://mbtegbgsvxbefyzyxlyr.supabase.co/storage/v1/object/public/user-data/groceries.png
park Avenue 84gm,Piece,75,70,1,75,70,https://mbtegbgsvxbefyzyxlyr.supabase.co/storage/v1/object/public/user-data/groceries.png
aroma blue dhup 90gm,Piece,80,45,6,480,270,https://mbtegbgsvxbefyzyxlyr.supabase.co/storage/v1/object/public/user-data/groceries.png
old spice original 70gm,Piece,80,70,1,80,70,https://mbtegbgsvxbefyzyxlyr.supabase.co/storage/v1/object/public/user-data/groceries.png
mogara dhup 100gm,Piece,80,45,2,160,90,https://mbtegbgsvxbefyzyxlyr.supabase.co/storage/v1/object/public/user-data/groceries.png
chandan dhup 100gm,Piece,80,45,1,80,45,https://mbtegbgsvxbefyzyxlyr.supabase.co/storage/v1/object/public/user-data/groceries.png
camel oil pastels 50shaded,Piece,188,180,3,564,540,https://mbtegbgsvxbefyzyxlyr.supabase.co/storage/v1/object/public/user-data/groceries.png
Garnier color 70ml,Piece,229,215,8,1832,1720,https://mbtegbgsvxbefyzyxlyr.supabase.co/storage/v1/object/public/user-data/groceries.png
aroma yellow dhup,Piece,80,45,5,400,225,https://mbtegbgsvxbefyzyxlyr.supabase.co/storage/v1/object/public/user-data/groceries.png
Head&shoulders Anti-dandruff 500ml,Piece,499,489,2,998,978,https://mbtegbgsvxbefyzyxlyr.supabase.co/storage/v1/object/public/user-data/groceries.png
apsara designer kits,Piece,199,192,17,3383,3264,https://mbtegbgsvxbefyzyxlyr.supabase.co/storage/v1/object/public/user-data/groceries.png
streax creme hair colour 25ml,Piece,80,70,4,320,280,https://mbtegbgsvxbefyzyxlyr.supabase.co/storage/v1/object/public/user-data/groceries.png
aroma orange dhup 90gm,Piece,80,45,4,320,180,https://mbtegbgsvxbefyzyxlyr.supabase.co/storage/v1/object/public/user-data/groceries.png
camel drawing kit,Piece,149,155,16,2384,2480,https://mbtegbgsvxbefyzyxlyr.supabase.co/storage/v1/object/public/user-data/groceries.png
Head&Shoulders 2in1 S+C 340ml,Piece,560,549,2,1120,1098,https://mbtegbgsvxbefyzyxlyr.supabase.co/storage/v1/object/public/user-data/groceries.png
aroma green dhup 90gm,Piece,80,45,4,320,180,https://mbtegbgsvxbefyzyxlyr.supabase.co/storage/v1/object/public/user-data/groceries.png
streax creme hair colour 25ml,Piece,90,85,5,450,425,https://mbtegbgsvxbefyzyxlyr.supabase.co/storage/v1/object/public/user-data/groceries.png
apsara funata kit,Piece,100,95,7,700,665,https://mbtegbgsvxbefyzyxlyr.supabase.co/storage/v1/object/public/user-data/groceries.png
rose dhup 100gm,Piece,80,45,3,240,135,https://mbtegbgsvxbefyzyxlyr.supabase.co/storage/v1/object/public/user-data/groceries.png
Head&shoulders 2in1 S+C Anti hairfall 340ml,Piece,560,545,2,1120,1090,https://mbtegbgsvxbefyzyxlyr.supabase.co/storage/v1/object/public/user-data/groceries.png
Head&shoulders 7in1 340ml,Piece,525,515,4,2100,2060,https://mbtegbgsvxbefyzyxlyr.supabase.co/storage/v1/object/public/user-data/groceries.png
super vasmol 50ml,Piece,35,30,12,420,360,https://mbtegbgsvxbefyzyxlyr.supabase.co/storage/v1/object/public/user-data/groceries.png
kasturi dhup 100gm,Piece,80,45,-2,-160,-90,https://mbtegbgsvxbefyzyxlyr.supabase.co/storage/v1/object/public/user-data/groceries.png
Head&shoulders 2in1 S+C Act protect 340ml,Piece,560,549,2,1120,1098,https://mbtegbgsvxbefyzyxlyr.supabase.co/storage/v1/object/public/user-data/groceries.png
gugal dhup 100gm,Piece,80,45,2,160,90,https://mbtegbgsvxbefyzyxlyr.supabase.co/storage/v1/object/public/user-data/groceries.png
gillette guard 1n,Piece,15,15,32,480,480,https://mbtegbgsvxbefyzyxlyr.supabase.co/storage/v1/object/public/user-data/groceries.png
Head&shoulders Anti-Hairfall 340ml,Piece,420,409,1,420,409,https://mbtegbgsvxbefyzyxlyr.supabase.co/storage/v1/object/public/user-data/groceries.png
ravimagic chakali masala50g,Piece,33,30,68,2244,2040,https://mbtegbgsvxbefyzyxlyr.supabase.co/storage/v1/object/public/user-data/groceries.png
godrej selfie shampoo 10ml,Piece,15,15,16,240,240,https://mbtegbgsvxbefyzyxlyr.supabase.co/storage/v1/object/public/user-data/groceries.png
Patanjali Kesh kanti hair cleanser 450ml,Piece,180,170,0,0,0,https://mbtegbgsvxbefyzyxlyr.supabase.co/storage/v1/object/public/user-data/groceries.png
casper natural agarbatti,Piece,66,40,2,132,80,https://mbtegbgsvxbefyzyxlyr.supabase.co/storage/v1/object/public/user-data/groceries.png
samadhan chivada masala100g,Piece,65,60,28,1820,1680,https://mbtegbgsvxbefyzyxlyr.supabase.co/storage/v1/object/public/user-data/groceries.png
Dabur Amla Hair oil 323ml,Piece,155,145,4,620,580,https://mbtegbgsvxbefyzyxlyr.supabase.co/storage/v1/object/public/user-data/groceries.png
godrej black cream 11ml,Piece,15,15,32,480,480,https://mbtegbgsvxbefyzyxlyr.supabase.co/storage/v1/object/public/user-data/groceries.png
alaukik maskmelon,Piece,15,15,1,15,15,https://mbtegbgsvxbefyzyxlyr.supabase.co/storage/v1/object/public/user-data/groceries.png
Navratna oil 450ml,Piece,349,299,1,349,299,https://mbtegbgsvxbefyzyxlyr.supabase.co/storage/v1/object/public/user-data/groceries.png
prem dulhan hair henna 25gm,Piece,15,15,77,1155,1155,https://mbtegbgsvxbefyzyxlyr.supabase.co/storage/v1/object/public/user-data/groceries.png
nasale  zanznit kohalpuri  techa100g,Piece,35,30,3,105,90,https://mbtegbgsvxbefyzyxlyr.supabase.co/storage/v1/object/public/user-data/groceries.png
mother receipe mango pickle,Piece,159,150,3,477,450,https://mbtegbgsvxbefyzyxlyr.supabase.co/storage/v1/object/public/user-data/groceries.png
solapuratil special nasale and suns shenga chutney 100g,Piece,50,45,8,400,360,https://mbtegbgsvxbefyzyxlyr.supabase.co/storage/v1/object/public/user-data/groceries.png
Streax blue hair serum 45ml,Piece,149,139,6,894,834,https://mbtegbgsvxbefyzyxlyr.supabase.co/storage/v1/object/public/user-data/groceries.png
hem festival pack 354gm,Piece,149,140,1,149,140,https://mbtegbgsvxbefyzyxlyr.supabase.co/storage/v1/object/public/user-data/groceries.png
solapuratil special nasale and suns shenga chatni100g,Piece,50,45,1,50,45,https://mbtegbgsvxbefyzyxlyr.supabase.co/storage/v1/object/public/user-data/groceries.png
indulekha hairfall shampoo 180ml,Piece,306,295,2,612,590,https://mbtegbgsvxbefyzyxlyr.supabase.co/storage/v1/object/public/user-data/groceries.png
managaldeep 314gm,Piece,199,199,7,1393,1393,https://mbtegbgsvxbefyzyxlyr.supabase.co/storage/v1/object/public/user-data/groceries.png
Tresemme smooth shampoo 180ml,Piece,228,220,3,684,660,https://mbtegbgsvxbefyzyxlyr.supabase.co/storage/v1/object/public/user-data/groceries.png
nasale and suns shenga chatni200g,Piece,95,90,3,285,270,https://mbtegbgsvxbefyzyxlyr.supabase.co/storage/v1/object/public/user-data/groceries.png
nasale jawas chatni 100g,Piece,45,40,6,270,240,https://mbtegbgsvxbefyzyxlyr.supabase.co/storage/v1/object/public/user-data/groceries.png
Oxy Veda Onion Shampo 650ml,Piece,399,385,5,1995,1925,https://mbtegbgsvxbefyzyxlyr.supabase.co/storage/v1/object/public/user-data/groceries.png
nasale karala chatni 100g,Piece,45,40,3,135,120,https://mbtegbgsvxbefyzyxlyr.supabase.co/storage/v1/object/public/user-data/groceries.png
catch chana masala 100g,Piece,90,85,1,90,85,https://mbtegbgsvxbefyzyxlyr.supabase.co/storage/v1/object/public/user-data/groceries.png
Streax hair serum 45ml,Piece,135,130,14,1890,1820,https://mbtegbgsvxbefyzyxlyr.supabase.co/storage/v1/object/public/user-data/groceries.png
catch garam masala 100g,Piece,107,100,1,107,100,https://mbtegbgsvxbefyzyxlyr.supabase.co/storage/v1/object/public/user-data/groceries.png
Head&shoulders conditioner 170ml,Piece,180,170,3,540,510,https://mbtegbgsvxbefyzyxlyr.supabase.co/storage/v1/object/public/user-data/groceries.png
catch dal makhani masala 100g,Piece,80,75,3,240,225,https://mbtegbgsvxbefyzyxlyr.supabase.co/storage/v1/object/public/user-data/groceries.png
catch sabzi masala,Piece,72,65,1,72,65,https://mbtegbgsvxbefyzyxlyr.supabase.co/storage/v1/object/public/user-data/groceries.png
catch rajama masala,Piece,90,85,1,90,85,https://mbtegbgsvxbefyzyxlyr.supabase.co/storage/v1/object/public/user-data/groceries.png
upwas pith 1kg,Piece,320,160,6,1920,960,https://mbtegbgsvxbefyzyxlyr.supabase.co/storage/v1/object/public/user-data/groceries.png
sabudana nylon bulk,Piece,120,80,8,960,640,https://mbtegbgsvxbefyzyxlyr.supabase.co/storage/v1/object/public/user-data/groceries.png
catch chiken masala,Piece,92,87,1,92,87,https://mbtegbgsvxbefyzyxlyr.supabase.co/storage/v1/object/public/user-data/groceries.png
lohana spray 100gm,Piece,75,55,12,900,660,https://mbtegbgsvxbefyzyxlyr.supabase.co/storage/v1/object/public/user-data/groceries.png
catch briyani masala,Piece,90,85,1,90,85,https://mbtegbgsvxbefyzyxlyr.supabase.co/storage/v1/object/public/user-data/groceries.png
sabudana nylon 200gm,Piece,25,16,3,75,48,https://mbtegbgsvxbefyzyxlyr.supabase.co/storage/v1/object/public/user-data/groceries.png
catch dal makhani masala 100g.,Piece,80,75,1,80,75,https://mbtegbgsvxbefyzyxlyr.supabase.co/storage/v1/object/public/user-data/groceries.png
murmura 500gm,Piece,60,57,23,1380,1311,https://mbtegbgsvxbefyzyxlyr.supabase.co/storage/v1/object/public/user-data/groceries.png
lohana luxury agarbatti 220gm,Piece,150,120,12,1800,1440,https://mbtegbgsvxbefyzyxlyr.supabase.co/storage/v1/object/public/user-data/groceries.png
Head&shoulders cool menthol 180ml,Piece,199,180,2,398,360,https://mbtegbgsvxbefyzyxlyr.supabase.co/storage/v1/object/public/user-data/groceries.png
Head&shoulders shampoo 180ml,Piece,235,230,4,940,920,https://mbtegbgsvxbefyzyxlyr.supabase.co/storage/v1/object/public/user-data/groceries.png
suhana ambari mutton fry,Piece,10,10,5,50,50,https://mbtegbgsvxbefyzyxlyr.supabase.co/storage/v1/object/public/user-data/groceries.png
suhana  sheer khurma mix 150g,Piece,120,115,1,120,115,https://mbtegbgsvxbefyzyxlyr.supabase.co/storage/v1/object/public/user-data/groceries.png
tata jaggery powder 500gm,Piece,110,90,3,330,270,https://mbtegbgsvxbefyzyxlyr.supabase.co/storage/v1/object/public/user-data/groceries.png
fortune beson 1kg,Piece,169,115,12,2028,1380,https://mbtegbgsvxbefyzyxlyr.supabase.co/storage/v1/object/public/user-data/groceries.png
naag chap hing 50g,Piece,55,40,1,55,40,https://mbtegbgsvxbefyzyxlyr.supabase.co/storage/v1/object/public/user-data/groceries.png
fortune beson 500gm,Piece,85,60,1,85,60,https://mbtegbgsvxbefyzyxlyr.supabase.co/storage/v1/object/public/user-data/groceries.png
Everest tasteeto 12g,Piece,79,74,1,79,74,https://mbtegbgsvxbefyzyxlyr.supabase.co/storage/v1/object/public/user-data/groceries.png
Rishabh gold 900gm,Piece,95,62,-5,-475,-310,https://mbtegbgsvxbefyzyxlyr.supabase.co/storage/v1/object/public/user-data/groceries.png
GM 250gm,Piece,75,65,41,3075,2665,https://mbtegbgsvxbefyzyxlyr.supabase.co/storage/v1/object/public/user-data/groceries.png
nasale kala tikhat masala200g,Piece,100,95,3,300,285,https://mbtegbgsvxbefyzyxlyr.supabase.co/storage/v1/object/public/user-data/groceries.png
super sugar powder 1kg,Piece,65,55,45,2925,2475,https://mbtegbgsvxbefyzyxlyr.supabase.co/storage/v1/object/public/user-data/groceries.png
multi grain chakli 500gm,Piece,140,120,12,1680,1440,https://mbtegbgsvxbefyzyxlyr.supabase.co/storage/v1/object/public/user-data/groceries.png
nasale lasune khobra chatni100g,Piece,65,60,2,130,120,https://mbtegbgsvxbefyzyxlyr.supabase.co/storage/v1/object/public/user-data/groceries.png
Head&shoulders 2in1 S+C 180ml,Piece,280,270,1,280,270,https://mbtegbgsvxbefyzyxlyr.supabase.co/storage/v1/object/public/user-data/groceries.png
camel sago 1kg,Piece,105,75,2,210,150,https://mbtegbgsvxbefyzyxlyr.supabase.co/storage/v1/object/public/user-data/groceries.png
banana chips 200gm,Piece,60,50,31,1860,1550,https://mbtegbgsvxbefyzyxlyr.supabase.co/storage/v1/object/public/user-data/groceries.png
suhana ambari  kohalpuri techha100g,Piece,32,30,2,64,60,https://mbtegbgsvxbefyzyxlyr.supabase.co/storage/v1/object/public/user-data/groceries.png
Head&shoulders lemon fresh shampoo,Piece,215,205,4,860,820,https://mbtegbgsvxbefyzyxlyr.supabase.co/storage/v1/object/public/user-data/groceries.png
til gavran 100gm,Piece,35,30,24,840,720,https://mbtegbgsvxbefyzyxlyr.supabase.co/storage/v1/object/public/user-data/groceries.png
camel sago 500gm,Piece,53,35,4,212,140,https://mbtegbgsvxbefyzyxlyr.supabase.co/storage/v1/object/public/user-data/groceries.png
til 200gm,Piece,75,55,25,1875,1375,https://mbtegbgsvxbefyzyxlyr.supabase.co/storage/v1/object/public/user-data/groceries.png
rajgira 500gm,Piece,120,60,7,840,420,https://mbtegbgsvxbefyzyxlyr.supabase.co/storage/v1/object/public/user-data/groceries.png
Head&shoulders 7in1 180ml,Piece,255,245,5,1275,1225,https://mbtegbgsvxbefyzyxlyr.supabase.co/storage/v1/object/public/user-data/groceries.png
Samrat besan 1kg,Piece,165,120,26,4290,3120,https://mbtegbgsvxbefyzyxlyr.supabase.co/storage/v1/object/public/user-data/groceries.png
til 200gm,Piece,75,55,13,975,715,https://mbtegbgsvxbefyzyxlyr.supabase.co/storage/v1/object/public/user-data/groceries.png
double diamond 500gm,Piece,100,60,5,500,300,https://mbtegbgsvxbefyzyxlyr.supabase.co/storage/v1/object/public/user-data/groceries.png
Head&shoulders 180ml,Piece,235,220,2,470,440,https://mbtegbgsvxbefyzyxlyr.supabase.co/storage/v1/object/public/user-data/groceries.png
rawa barik 1kg,Piece,55,44,4,220,176,https://mbtegbgsvxbefyzyxlyr.supabase.co/storage/v1/object/public/user-data/groceries.png
Head&shoulders 2in1 S+C 180ml,Piece,265,250,1,265,250,https://mbtegbgsvxbefyzyxlyr.supabase.co/storage/v1/object/public/user-data/groceries.png
ravimagic Sunday special masala 200gm,Piece,109,95,29,3161,2755,https://mbtegbgsvxbefyzyxlyr.supabase.co/storage/v1/object/public/user-data/groceries.png
samrat sooji 500gm,Piece,45,27,33,1485,891,https://mbtegbgsvxbefyzyxlyr.supabase.co/storage/v1/object/public/user-data/groceries.png
taaja sabudana 500gm,Piece,70,35,57,3990,1995,https://mbtegbgsvxbefyzyxlyr.supabase.co/storage/v1/object/public/user-data/groceries.png
Head&shoulders 2in1 smooth&silky 180ml,Piece,280,270,2,560,540,https://mbtegbgsvxbefyzyxlyr.supabase.co/storage/v1/object/public/user-data/groceries.png
cook well padta masala 40gm,Piece,94,87,5,470,435,https://mbtegbgsvxbefyzyxlyr.supabase.co/storage/v1/object/public/user-data/groceries.png
Head&shoulders 2in1 s+c cool menthol 180ml,Piece,280,270,5,1400,1350,https://mbtegbgsvxbefyzyxlyr.supabase.co/storage/v1/object/public/user-data/groceries.png
samrat sooji 1kg,Piece,83,54,0,0,0,https://mbtegbgsvxbefyzyxlyr.supabase.co/storage/v1/object/public/user-data/groceries.png
byadagi mirachi 100gm,Piece,80,60,38,3040,2280,https://mbtegbgsvxbefyzyxlyr.supabase.co/storage/v1/object/public/user-data/groceries.png
cookwell mixed herbs 40gm,Piece,94,87,5,470,435,https://mbtegbgsvxbefyzyxlyr.supabase.co/storage/v1/object/public/user-data/groceries.png
Head&shoulders smooth&silky conditioner 80ml,Piece,82,80,4,328,320,https://mbtegbgsvxbefyzyxlyr.supabase.co/storage/v1/object/public/user-data/groceries.png
taaja sabudana 1kg,Piece,130,70,28,3640,1960,https://mbtegbgsvxbefyzyxlyr.supabase.co/storage/v1/object/public/user-data/groceries.png
flying birds pineapple essence 28ml,Piece,44,40,7,308,280,https://mbtegbgsvxbefyzyxlyr.supabase.co/storage/v1/object/public/user-data/groceries.png
samrat rava 500gm,Piece,45,28,11,495,308,https://mbtegbgsvxbefyzyxlyr.supabase.co/storage/v1/object/public/user-data/groceries.png
Head&shoulders silky black shampoo 72ml,Piece,79,75,4,316,300,https://mbtegbgsvxbefyzyxlyr.supabase.co/storage/v1/object/public/user-data/groceries.png
Head&shoulders antihairfall shampoo 72ml,Piece,79,75,6,474,450,https://mbtegbgsvxbefyzyxlyr.supabase.co/storage/v1/object/public/user-data/groceries.png
cookwell food strawberry flavour20ml,Piece,44,40,3,132,120,https://mbtegbgsvxbefyzyxlyr.supabase.co/storage/v1/object/public/user-data/groceries.png
samrat rava 1kg,Piece,83,42,-1,-83,-42,https://mbtegbgsvxbefyzyxlyr.supabase.co/storage/v1/object/public/user-data/groceries.png
flying birds vaniila essence28ml,Piece,43,40,5,215,200,https://mbtegbgsvxbefyzyxlyr.supabase.co/storage/v1/object/public/user-data/groceries.png
byadagi mirachi 200gm,Piece,220,120,10,2200,1200,https://mbtegbgsvxbefyzyxlyr.supabase.co/storage/v1/object/public/user-data/groceries.png
samrat maida 500gm,Piece,44,25,30,1320,750,https://mbtegbgsvxbefyzyxlyr.supabase.co/storage/v1/object/public/user-data/groceries.png
cookwell butterscotch essence,Piece,53,49,1,53,49,https://mbtegbgsvxbefyzyxlyr.supabase.co/storage/v1/object/public/user-data/groceries.png
Head&shoulders lemon shampoo 72ml,Piece,89,85,6,534,510,https://mbtegbgsvxbefyzyxlyr.supabase.co/storage/v1/object/public/user-data/groceries.png
Head&shoulders cool menthol 72ml,Piece,79,75,7,553,525,https://mbtegbgsvxbefyzyxlyr.supabase.co/storage/v1/object/public/user-data/groceries.png
rajgira 500gm,Piece,120,60,4,480,240,https://mbtegbgsvxbefyzyxlyr.supabase.co/storage/v1/object/public/user-data/groceries.png
pushpak apple green 100gm,Piece,32,30,8,256,240,https://mbtegbgsvxbefyzyxlyr.supabase.co/storage/v1/object/public/user-data/groceries.png
Head&shoulders smooth&silky 72ml,Piece,84,81,10,840,810,https://mbtegbgsvxbefyzyxlyr.supabase.co/storage/v1/object/public/user-data/groceries.png
raj shree 1kg,Piece,100,60,2,200,120,https://mbtegbgsvxbefyzyxlyr.supabase.co/storage/v1/object/public/user-data/groceries.png
Head&shoulders neem 72ml,Piece,85,81,6,510,486,https://mbtegbgsvxbefyzyxlyr.supabase.co/storage/v1/object/public/user-data/groceries.png
pushpak lemon yellow 100gm,Piece,40,38,5,200,190,https://mbtegbgsvxbefyzyxlyr.supabase.co/storage/v1/object/public/user-data/groceries.png
khobra kis 100gm,Piece,55,45,29,1595,1305,https://mbtegbgsvxbefyzyxlyr.supabase.co/storage/v1/object/public/user-data/groceries.png
Head&shoulders 2in1 s+c 72ml,Piece,115,105,4,460,420,https://mbtegbgsvxbefyzyxlyr.supabase.co/storage/v1/object/public/user-data/groceries.png
kurdai 200gm,Piece,80,60,33,2640,1980,https://mbtegbgsvxbefyzyxlyr.supabase.co/storage/v1/object/public/user-data/groceries.png
Head&shoulders 7in1 72ml,Piece,89,85,3,267,255,https://mbtegbgsvxbefyzyxlyr.supabase.co/storage/v1/object/public/user-data/groceries.png
pushpak kesari food colour 100gm,Piece,40,38,4,160,152,https://mbtegbgsvxbefyzyxlyr.supabase.co/storage/v1/object/public/user-data/groceries.png
tata solt 1kg,Piece,30,28,-29,-870,-812,https://mbtegbgsvxbefyzyxlyr.supabase.co/storage/v1/object/public/user-data/groceries.png
Head&shoulders oily Sticky deep  72ml,Piece,89,85,3,267,255,https://mbtegbgsvxbefyzyxlyr.supabase.co/storage/v1/object/public/user-data/groceries.png
pushpak orange red food colour 100gm,Piece,40,38,2,80,76,https://mbtegbgsvxbefyzyxlyr.supabase.co/storage/v1/object/public/user-data/groceries.png
Head&shoulders cool menthol 2in1 s+c 72ml,Piece,115,109,1,115,109,https://mbtegbgsvxbefyzyxlyr.supabase.co/storage/v1/object/public/user-data/groceries.png
tata solt 1kg,Piece,120,99,22,2640,2178,https://mbtegbgsvxbefyzyxlyr.supabase.co/storage/v1/object/public/user-data/groceries.png
Dabur Vatika health shampoo 100ml,Piece,57,55,1,57,55,https://mbtegbgsvxbefyzyxlyr.supabase.co/storage/v1/object/public/user-data/groceries.png
patanjali lodised salt 1kg,Piece,22,18,39,858,702,https://mbtegbgsvxbefyzyxlyr.supabase.co/storage/v1/object/public/user-data/groceries.png
shajeere50gm,Piece,90,65,15,1350,975,https://mbtegbgsvxbefyzyxlyr.supabase.co/storage/v1/object/public/user-data/groceries.png
crystal salt 1kg,Piece,20,18,6,120,108,https://mbtegbgsvxbefyzyxlyr.supabase.co/storage/v1/object/public/user-data/groceries.png
Dabur vatika health shampoo 180ml,Piece,149,140,-1,-149,-140,https://mbtegbgsvxbefyzyxlyr.supabase.co/storage/v1/object/public/user-data/groceries.png
Patanjali kesh kanti 180ml,Piece,120,110,2,240,220,https://mbtegbgsvxbefyzyxlyr.supabase.co/storage/v1/object/public/user-data/groceries.png
tata solt sendha 1kg,Piece,65,60,-3,-195,-180,https://mbtegbgsvxbefyzyxlyr.supabase.co/storage/v1/object/public/user-data/groceries.png
shahajeere 25gm,Piece,45,35,6,270,210,https://mbtegbgsvxbefyzyxlyr.supabase.co/storage/v1/object/public/user-data/groceries.png
Pantene lively shampoo 90ml,Piece,75,71,0,0,0,https://mbtegbgsvxbefyzyxlyr.supabase.co/storage/v1/object/public/user-data/groceries.png
topline crystal salt 1kg,Piece,22,20,18,396,360,https://mbtegbgsvxbefyzyxlyr.supabase.co/storage/v1/object/public/user-data/groceries.png
Pantene pro.v+vit c 200ml,Piece,175,170,0,0,0,https://mbtegbgsvxbefyzyxlyr.supabase.co/storage/v1/object/public/user-data/groceries.png
dink 100gm,Piece,45,36,11,495,396,https://mbtegbgsvxbefyzyxlyr.supabase.co/storage/v1/object/public/user-data/groceries.png
patanjali iodised salt 1kg,Piece,22,20,33,726,660,https://mbtegbgsvxbefyzyxlyr.supabase.co/storage/v1/object/public/user-data/groceries.png
dink50gm,Piece,25,19,31,775,589,https://mbtegbgsvxbefyzyxlyr.supabase.co/storage/v1/object/public/user-data/groceries.png
Pantene pro-v+vit B conditioner 100ml,Piece,105,99,3,315,297,https://mbtegbgsvxbefyzyxlyr.supabase.co/storage/v1/object/public/user-data/groceries.png
ajino moto50gm,Piece,20,15,3,60,45,https://mbtegbgsvxbefyzyxlyr.supabase.co/storage/v1/object/public/user-data/groceries.png
suhana veg kolhapur 80gm rtc,Piece,50,47,6,300,282,https://mbtegbgsvxbefyzyxlyr.supabase.co/storage/v1/object/public/user-data/groceries.png
Pantene pro-v+vit B conditioner 200ml,Piece,245,240,1,245,240,https://mbtegbgsvxbefyzyxlyr.supabase.co/storage/v1/object/public/user-data/groceries.png
ajino moto 100gm,Piece,50,30,12,600,360,https://mbtegbgsvxbefyzyxlyr.supabase.co/storage/v1/object/public/user-data/groceries.png
Pantene pro-v+vit E conditioner 100ml,Piece,105,100,1,105,100,https://mbtegbgsvxbefyzyxlyr.supabase.co/storage/v1/object/public/user-data/groceries.png
Masala elaichi 50gm,Piece,200,160,34,6800,5440,https://mbtegbgsvxbefyzyxlyr.supabase.co/storage/v1/object/public/user-data/groceries.png
sabja bee 50gm,Piece,28,20,11,308,220,https://mbtegbgsvxbefyzyxlyr.supabase.co/storage/v1/object/public/user-data/groceries.png
Laxmi soda,Piece,10,10,5,50,50,https://mbtegbgsvxbefyzyxlyr.supabase.co/storage/v1/object/public/user-data/groceries.png
Pantine pro-v + vit E conditioner 200ml,Piece,245,240,3,735,720,https://mbtegbgsvxbefyzyxlyr.supabase.co/storage/v1/object/public/user-data/groceries.png
sabja bee 100gm,Piece,56,39,1,56,39,https://mbtegbgsvxbefyzyxlyr.supabase.co/storage/v1/object/public/user-data/groceries.png
vilaychi 10gm,Piece,60,45,10,600,450,https://mbtegbgsvxbefyzyxlyr.supabase.co/storage/v1/object/public/user-data/groceries.png
Pantene silky smooth shampoo 75 mL,Piece,75,71,3,225,213,https://mbtegbgsvxbefyzyxlyr.supabase.co/storage/v1/object/public/user-data/groceries.png
tejpan 25gm,Piece,15,10,12,180,120,https://mbtegbgsvxbefyzyxlyr.supabase.co/storage/v1/object/public/user-data/groceries.png
Pantene deep repair sampoo 180ml,Piece,175,170,1,175,170,https://mbtegbgsvxbefyzyxlyr.supabase.co/storage/v1/object/public/user-data/groceries.png
vilaychi 25gm,Piece,150,113,4,600,452,https://mbtegbgsvxbefyzyxlyr.supabase.co/storage/v1/object/public/user-data/groceries.png
limbusatab100gm,Piece,40,20,8,320,160,https://mbtegbgsvxbefyzyxlyr.supabase.co/storage/v1/object/public/user-data/groceries.png
limbusatva50gm,Piece,20,10,43,860,430,https://mbtegbgsvxbefyzyxlyr.supabase.co/storage/v1/object/public/user-data/groceries.png
shahajeere 25gm,Piece,45,35,67,3015,2345,https://mbtegbgsvxbefyzyxlyr.supabase.co/storage/v1/object/public/user-data/groceries.png
Till black 100gm,Piece,100,55,54,5400,2970,https://mbtegbgsvxbefyzyxlyr.supabase.co/storage/v1/object/public/user-data/groceries.png
Pantene hairfall control shampoo 75ml,Piece,75,71,1,75,71,https://mbtegbgsvxbefyzyxlyr.supabase.co/storage/v1/object/public/user-data/groceries.png
dhanadal 100gm,Piece,60,32,14,840,448,https://mbtegbgsvxbefyzyxlyr.supabase.co/storage/v1/object/public/user-data/groceries.png
Pantene silky smooth shampoo 180ml,Piece,195,189,0,0,0,https://mbtegbgsvxbefyzyxlyr.supabase.co/storage/v1/object/public/user-data/groceries.png
starful 10gm,Piece,20,14,13,260,182,https://mbtegbgsvxbefyzyxlyr.supabase.co/storage/v1/object/public/user-data/groceries.png
Pantene health shine shampoo 180ml,Piece,175,170,1,175,170,https://mbtegbgsvxbefyzyxlyr.supabase.co/storage/v1/object/public/user-data/groceries.png
dhanadal 50gm,Piece,30,18,46,1380,828,https://mbtegbgsvxbefyzyxlyr.supabase.co/storage/v1/object/public/user-data/groceries.png
Dalchini 25gm,Piece,40,25,3,120,75,https://mbtegbgsvxbefyzyxlyr.supabase.co/storage/v1/object/public/user-data/groceries.png
dagadful 50gm,Piece,50,42,13,650,546,https://mbtegbgsvxbefyzyxlyr.supabase.co/storage/v1/object/public/user-data/groceries.png
mahari barik100g,Piece,30,22,36,1080,792,https://mbtegbgsvxbefyzyxlyr.supabase.co/storage/v1/object/public/user-data/groceries.png
Dove Hair fall rescue,Piece,60,58,3,180,174,https://mbtegbgsvxbefyzyxlyr.supabase.co/storage/v1/object/public/user-data/groceries.png
Khas khas,Piece,60,45,97,5820,4365,https://mbtegbgsvxbefyzyxlyr.supabase.co/storage/v1/object/public/user-data/groceries.png
puja badam 50gm,Piece,25,12,5,125,60,https://mbtegbgsvxbefyzyxlyr.supabase.co/storage/v1/object/public/user-data/groceries.png
mahari barik50gm,Piece,15,12,42,630,504,https://mbtegbgsvxbefyzyxlyr.supabase.co/storage/v1/object/public/user-data/groceries.png
Dove Dendruff care shampoo,Piece,246,240,5,1230,1200,https://mbtegbgsvxbefyzyxlyr.supabase.co/storage/v1/object/public/user-data/groceries.png
kali miri 20gm,Piece,50,30,10,500,300,https://mbtegbgsvxbefyzyxlyr.supabase.co/storage/v1/object/public/user-data/groceries.png
khadi sakhar100g,Piece,20,14,74,1480,1036,https://mbtegbgsvxbefyzyxlyr.supabase.co/storage/v1/object/public/user-data/groceries.png
dove +amino protein shampoo 180ml,Piece,172,165,2,344,330,https://mbtegbgsvxbefyzyxlyr.supabase.co/storage/v1/object/public/user-data/groceries.png
Bora 5star khas khas 50gm,Piece,170,110,16,2720,1760,https://mbtegbgsvxbefyzyxlyr.supabase.co/storage/v1/object/public/user-data/groceries.png
kalimiri 50gm,Piece,90,56,4,360,224,https://mbtegbgsvxbefyzyxlyr.supabase.co/storage/v1/object/public/user-data/groceries.png
khadi sakhar 200gm,Piece,30,19,6,180,114,https://mbtegbgsvxbefyzyxlyr.supabase.co/storage/v1/object/public/user-data/groceries.png
lalful 25gm,Piece,60,50,5,300,250,https://mbtegbgsvxbefyzyxlyr.supabase.co/storage/v1/object/public/user-data/groceries.png
Clinic Plus hair oil 100ml,Piece,74,72,1,74,72,https://mbtegbgsvxbefyzyxlyr.supabase.co/storage/v1/object/public/user-data/groceries.png
khadi sakhar.,Piece,70,38,1,70,38,https://mbtegbgsvxbefyzyxlyr.supabase.co/storage/v1/object/public/user-data/groceries.png
Clinic Plus hair oil 200ml,Piece,140,130,1,140,130,https://mbtegbgsvxbefyzyxlyr.supabase.co/storage/v1/object/public/user-data/groceries.png
lalful 25gm,Piece,60,50,3,180,150,https://mbtegbgsvxbefyzyxlyr.supabase.co/storage/v1/object/public/user-data/groceries.png
lalful 50gm,Piece,120,95,9,1080,855,https://mbtegbgsvxbefyzyxlyr.supabase.co/storage/v1/object/public/user-data/groceries.png
tiger brand paneer tikka masala RTC20g,Piece,30,25,8,240,200,https://mbtegbgsvxbefyzyxlyr.supabase.co/storage/v1/object/public/user-data/groceries.png
lavang 25gm,Piece,40,30,21,840,630,https://mbtegbgsvxbefyzyxlyr.supabase.co/storage/v1/object/public/user-data/groceries.png
mamaearth onion hair oil 150ml,Piece,419,210,37,15503,7770,https://mbtegbgsvxbefyzyxlyr.supabase.co/storage/v1/object/public/user-data/groceries.png
catch chatpata chat masala,Piece,85,80,2,170,160,https://mbtegbgsvxbefyzyxlyr.supabase.co/storage/v1/object/public/user-data/groceries.png
catch kichen king masala,Piece,95,90,4,380,360,https://mbtegbgsvxbefyzyxlyr.supabase.co/storage/v1/object/public/user-data/groceries.png
lalful 10gm,Piece,80,30,47,3760,1410,https://mbtegbgsvxbefyzyxlyr.supabase.co/storage/v1/object/public/user-data/groceries.png
lavang 10gm,Piece,30,15,10,300,150,https://mbtegbgsvxbefyzyxlyr.supabase.co/storage/v1/object/public/user-data/groceries.png
Shanti vit E 65ml,Piece,20,19,39,780,741,https://mbtegbgsvxbefyzyxlyr.supabase.co/storage/v1/object/public/user-data/groceries.png
tiger brand dal tadaka masala RTC20g,Piece,30,25,1,30,25,https://mbtegbgsvxbefyzyxlyr.supabase.co/storage/v1/object/public/user-data/groceries.png
jaayfal 2pcs,Piece,24,20,120,2880,2400,https://mbtegbgsvxbefyzyxlyr.supabase.co/storage/v1/object/public/user-data/groceries.png
til black 50gm,Piece,50,28,87,4350,2436,https://mbtegbgsvxbefyzyxlyr.supabase.co/storage/v1/object/public/user-data/groceries.png
tiger brand misal masala RTC20g,Piece,30,25,2,60,50,https://mbtegbgsvxbefyzyxlyr.supabase.co/storage/v1/object/public/user-data/groceries.png
kala namak 100gm,Piece,15,9,4,60,36,https://mbtegbgsvxbefyzyxlyr.supabase.co/storage/v1/object/public/user-data/groceries.png
khadi sakhar 200gm,Piece,30,19,29,870,551,https://mbtegbgsvxbefyzyxlyr.supabase.co/storage/v1/object/public/user-data/groceries.png
shanti badam Oil 175ml,Piece,56,54,17,952,918,https://mbtegbgsvxbefyzyxlyr.supabase.co/storage/v1/object/public/user-data/groceries.png
Khushbu Soyabean oil 13.5kg,Piece,2500,1960,2,5000,3920,https://mbtegbgsvxbefyzyxlyr.supabase.co/storage/v1/object/public/user-data/groceries.png
tiger brand briyani masala RTC20g,Piece,30,25,1,30,25,https://mbtegbgsvxbefyzyxlyr.supabase.co/storage/v1/object/public/user-data/groceries.png
tiger brand shahi pulav masala20g,Piece,30,25,1,30,25,https://mbtegbgsvxbefyzyxlyr.supabase.co/storage/v1/object/public/user-data/groceries.png
Keshkanti Amla hair oil 200ml,Piece,90,85,4,360,340,https://mbtegbgsvxbefyzyxlyr.supabase.co/storage/v1/object/public/user-data/groceries.png
Swaraj gold Soyabean 14litre,Piece,2195,1890,0,0,0,https://mbtegbgsvxbefyzyxlyr.supabase.co/storage/v1/object/public/user-data/groceries.png
suhana sabji masala,Piece,10,10,20,200,200,https://mbtegbgsvxbefyzyxlyr.supabase.co/storage/v1/object/public/user-data/groceries.png
tiger brand kaju kari masala20g,Piece,30,25,3,90,75,https://mbtegbgsvxbefyzyxlyr.supabase.co/storage/v1/object/public/user-data/groceries.png
Swaraj gold Soyabean 14litre,Piece,2195,1890,0,0,0,https://mbtegbgsvxbefyzyxlyr.supabase.co/storage/v1/object/public/user-data/groceries.png
suhana biryani masala,Piece,10,10,-10,-100,-100,https://mbtegbgsvxbefyzyxlyr.supabase.co/storage/v1/object/public/user-data/groceries.png
magaj 100gm,Piece,110,95,34,3740,3230,https://mbtegbgsvxbefyzyxlyr.supabase.co/storage/v1/object/public/user-data/groceries.png
egg curry masala,Piece,5,5,2,10,10,https://mbtegbgsvxbefyzyxlyr.supabase.co/storage/v1/object/public/user-data/groceries.png
suhana kaju curry rtc 50gm,Piece,45,42,5,225,210,https://mbtegbgsvxbefyzyxlyr.supabase.co/storage/v1/object/public/user-data/groceries.png
magaj 200gm,Piece,200,170,12,2400,2040,https://mbtegbgsvxbefyzyxlyr.supabase.co/storage/v1/object/public/user-data/groceries.png
Dabur anmol hair oil 100ml,Piece,42,40,11,462,440,https://mbtegbgsvxbefyzyxlyr.supabase.co/storage/v1/object/public/user-data/groceries.png
karala200gm,Piece,55,50,19,1045,950,https://mbtegbgsvxbefyzyxlyr.supabase.co/storage/v1/object/public/user-data/groceries.png
Dabur anmol jasmine 200ml,Piece,85,81,5,425,405,https://mbtegbgsvxbefyzyxlyr.supabase.co/storage/v1/object/public/user-data/groceries.png
suhana paneer makhanwala rtc 50g,Piece,45,42,12,540,504,https://mbtegbgsvxbefyzyxlyr.supabase.co/storage/v1/object/public/user-data/groceries.png
Fortune sunflower 15 litre,Piece,2600,2349,2,5200,4698,https://mbtegbgsvxbefyzyxlyr.supabase.co/storage/v1/object/public/user-data/groceries.png
karala 100gm,Piece,30,15,23,690,345,https://mbtegbgsvxbefyzyxlyr.supabase.co/storage/v1/object/public/user-data/groceries.png
suhana chicken masala,Piece,10,10,0,0,0,https://mbtegbgsvxbefyzyxlyr.supabase.co/storage/v1/object/public/user-data/groceries.png
suhana palak paneer rtc 50gm,Piece,45,42,15,675,630,https://mbtegbgsvxbefyzyxlyr.supabase.co/storage/v1/object/public/user-data/groceries.png
suhana paneer butter rtc 50gm,Piece,45,42,0,0,0,https://mbtegbgsvxbefyzyxlyr.supabase.co/storage/v1/object/public/user-data/groceries.png
chia seeds 100gm,Piece,110,39,1,110,39,https://mbtegbgsvxbefyzyxlyr.supabase.co/storage/v1/object/public/user-data/groceries.png
suhana fish curry masala,Piece,10,10,16,160,160,https://mbtegbgsvxbefyzyxlyr.supabase.co/storage/v1/object/public/user-data/groceries.png
chia seeds 200gm,Piece,110,79,0,0,0,https://mbtegbgsvxbefyzyxlyr.supabase.co/storage/v1/object/public/user-data/groceries.png
suhana shahi paneer rtc 50gm,Piece,45,42,13,585,546,https://mbtegbgsvxbefyzyxlyr.supabase.co/storage/v1/object/public/user-data/groceries.png
suhana shev bhaji masala,Piece,10,10,17,170,170,https://mbtegbgsvxbefyzyxlyr.supabase.co/storage/v1/object/public/user-data/groceries.png
sabja bee 50gm,Piece,28,20,21,588,420,https://mbtegbgsvxbefyzyxlyr.supabase.co/storage/v1/object/public/user-data/groceries.png
suhana pani puri masala,Piece,10,10,16,160,160,https://mbtegbgsvxbefyzyxlyr.supabase.co/storage/v1/object/public/user-data/groceries.png
suhana mutton gravy rtc 50gm,Piece,50,47,34,1700,1598,https://mbtegbgsvxbefyzyxlyr.supabase.co/storage/v1/object/public/user-data/groceries.png
suhana supar garam masala,Piece,10,10,17,170,170,https://mbtegbgsvxbefyzyxlyr.supabase.co/storage/v1/object/public/user-data/groceries.png
suhana ambari Sunday masala 100g,Piece,52,49,16,832,784,https://mbtegbgsvxbefyzyxlyr.supabase.co/storage/v1/object/public/user-data/groceries.png
suhana mutter paneer rtc 50gm,Piece,45,42,5,225,210,https://mbtegbgsvxbefyzyxlyr.supabase.co/storage/v1/object/public/user-data/groceries.png
suhana supar garam masala,Piece,10,10,3,30,30,https://mbtegbgsvxbefyzyxlyr.supabase.co/storage/v1/object/public/user-data/groceries.png
suhana ambari dhane powder 200g,Piece,83,80,8,664,640,https://mbtegbgsvxbefyzyxlyr.supabase.co/storage/v1/object/public/user-data/groceries.png
Bajaj amonds drops 280ml,Piece,225,118,4,900,472,https://mbtegbgsvxbefyzyxlyr.supabase.co/storage/v1/object/public/user-data/groceries.png
suhana fish curry 6g,Piece,5,5,53,265,265,https://mbtegbgsvxbefyzyxlyr.supabase.co/storage/v1/object/public/user-data/groceries.png
suhana kitchen masala,Piece,10,10,9,90,90,https://mbtegbgsvxbefyzyxlyr.supabase.co/storage/v1/object/public/user-data/groceries.png
hair&care aloe Vera,Piece,68,65,3,204,195,https://mbtegbgsvxbefyzyxlyr.supabase.co/storage/v1/object/public/user-data/groceries.png
Hair&care aloe Vera 300ml,Piece,178,175,4,712,700,https://mbtegbgsvxbefyzyxlyr.supabase.co/storage/v1/object/public/user-data/groceries.png
khandeshi khada masala 50g,Piece,78,70,15,1170,1050,https://mbtegbgsvxbefyzyxlyr.supabase.co/storage/v1/object/public/user-data/groceries.png
suhana chicken gravy rtc 80gm,Piece,50,47,19,950,893,https://mbtegbgsvxbefyzyxlyr.supabase.co/storage/v1/object/public/user-data/groceries.png
jeera 500gm,Piece,400,200,-2,-800,-400,https://mbtegbgsvxbefyzyxlyr.supabase.co/storage/v1/object/public/user-data/groceries.png
Dabur amla hair oil 63ml,Piece,20,19,10,200,190,https://mbtegbgsvxbefyzyxlyr.supabase.co/storage/v1/object/public/user-data/groceries.png
jeera 50g,Piece,25,17,-14,-350,-238,https://mbtegbgsvxbefyzyxlyr.supabase.co/storage/v1/object/public/user-data/groceries.png
Dabur Amla hair oil 136ml,Piece,55,53,6,330,318,https://mbtegbgsvxbefyzyxlyr.supabase.co/storage/v1/object/public/user-data/groceries.png
suhana paneer butter rtc  50gm,Piece,45,42,8,360,336,https://mbtegbgsvxbefyzyxlyr.supabase.co/storage/v1/object/public/user-data/groceries.png
kacchi Dabeli 50gm,Piece,27,22,3,81,66,https://mbtegbgsvxbefyzyxlyr.supabase.co/storage/v1/object/public/user-data/groceries.png
jeera100gm,Piece,60,35,0,0,0,https://mbtegbgsvxbefyzyxlyr.supabase.co/storage/v1/object/public/user-data/groceries.png
paneer masala 8gm,Piece,10,8,8,80,64,https://mbtegbgsvxbefyzyxlyr.supabase.co/storage/v1/object/public/user-data/groceries.png
sauff special 200g,Piece,120,105,1,120,105,https://mbtegbgsvxbefyzyxlyr.supabase.co/storage/v1/object/public/user-data/groceries.png
Dabur Amla 55,Piece,55,52,1,55,52,https://mbtegbgsvxbefyzyxlyr.supabase.co/storage/v1/object/public/user-data/groceries.png
suhana chicken tandoori rtc 100gm,Piece,55,52,12,660,624,https://mbtegbgsvxbefyzyxlyr.supabase.co/storage/v1/object/public/user-data/groceries.png
super garam masala 10gm,Piece,10,8,6,60,48,https://mbtegbgsvxbefyzyxlyr.supabase.co/storage/v1/object/public/user-data/groceries.png
Parachute jasmine 90ml,Piece,48,46,19,912,874,https://mbtegbgsvxbefyzyxlyr.supabase.co/storage/v1/object/public/user-data/groceries.png
suhana butter chicken rtc 50gm,Piece,45,42,5,225,210,https://mbtegbgsvxbefyzyxlyr.supabase.co/storage/v1/object/public/user-data/groceries.png
sauff gujarati spl100gm,Piece,50,40,0,0,0,https://mbtegbgsvxbefyzyxlyr.supabase.co/storage/v1/object/public/user-data/groceries.png
sandwich masala 10gm,Piece,10,8.5,27,270,229.5,https://mbtegbgsvxbefyzyxlyr.supabase.co/storage/v1/object/public/user-data/groceries.png
kacchi Dabeli 10gm,Piece,10,9,36,360,324,https://mbtegbgsvxbefyzyxlyr.supabase.co/storage/v1/object/public/user-data/groceries.png
parachute jasmine 190ml,Piece,100,95,21,2100,1995,https://mbtegbgsvxbefyzyxlyr.supabase.co/storage/v1/object/public/user-data/groceries.png
sauff bhajki 100gm,Piece,55,35,-3,-165,-105,https://mbtegbgsvxbefyzyxlyr.supabase.co/storage/v1/object/public/user-data/groceries.png
suhana mushroom masala rtc 50gm,Piece,45,42,2,90,84,https://mbtegbgsvxbefyzyxlyr.supabase.co/storage/v1/object/public/user-data/groceries.png
jeera powder 50gm,Piece,55,45,22,1210,990,https://mbtegbgsvxbefyzyxlyr.supabase.co/storage/v1/object/public/user-data/groceries.png
Bajaj almond drops 475ml,Piece,385,375,0,0,0,https://mbtegbgsvxbefyzyxlyr.supabase.co/storage/v1/object/public/user-data/groceries.png
sauff bhajki 200gm,Piece,110,70,-2,-220,-140,https://mbtegbgsvxbefyzyxlyr.supabase.co/storage/v1/object/public/user-data/groceries.png
kesh king gold Ayurvedic oil 50ml,Piece,99,95,6,594,570,https://mbtegbgsvxbefyzyxlyr.supabase.co/storage/v1/object/public/user-data/groceries.png
sauff 50gm,Piece,60,30,0,0,0,https://mbtegbgsvxbefyzyxlyr.supabase.co/storage/v1/object/public/user-data/groceries.png
byadgi mirchi powder 50gm,Piece,46,38,25,1150,950,https://mbtegbgsvxbefyzyxlyr.supabase.co/storage/v1/object/public/user-data/groceries.png
keshking oil 100ml,Piece,175,171,2,350,342,https://mbtegbgsvxbefyzyxlyr.supabase.co/storage/v1/object/public/user-data/groceries.png
suhana kasoori methi rtc 100gm,Piece,100,95,3,300,285,https://mbtegbgsvxbefyzyxlyr.supabase.co/storage/v1/object/public/user-data/groceries.png
suntha 25g,Piece,20,15,72,1440,1080,https://mbtegbgsvxbefyzyxlyr.supabase.co/storage/v1/object/public/user-data/groceries.png
suhana fish fry rtc 50gm,Piece,45,42,6,270,252,https://mbtegbgsvxbefyzyxlyr.supabase.co/storage/v1/object/public/user-data/groceries.png
kashmiri mirchi powder 50gm,Piece,57,48,23,1311,1104,https://mbtegbgsvxbefyzyxlyr.supabase.co/storage/v1/object/public/user-data/groceries.png
chaat masala 50gm,Piece,44,36,9,396,324,https://mbtegbgsvxbefyzyxlyr.supabase.co/storage/v1/object/public/user-data/groceries.png
ova50gm,Piece,30,25,27,810,675,https://mbtegbgsvxbefyzyxlyr.supabase.co/storage/v1/object/public/user-data/groceries.png
suhana chicken tikka masala rtc 80gm,Piece,50,47,12,600,564,https://mbtegbgsvxbefyzyxlyr.supabase.co/storage/v1/object/public/user-data/groceries.png
ova 25gm,Piece,15,13,12,180,156,https://mbtegbgsvxbefyzyxlyr.supabase.co/storage/v1/object/public/user-data/groceries.png
super garam masala 50gm,Piece,34,28,7,238,196,https://mbtegbgsvxbefyzyxlyr.supabase.co/storage/v1/object/public/user-data/groceries.png
dalchini25g,Piece,40,25,10,400,250,https://mbtegbgsvxbefyzyxlyr.supabase.co/storage/v1/object/public/user-data/groceries.png
kbm butter chicken 50gm,Piece,30,27,6,180,162,https://mbtegbgsvxbefyzyxlyr.supabase.co/storage/v1/object/public/user-data/groceries.png
Biryani masala 50gm,Piece,84,70,3,252,210,https://mbtegbgsvxbefyzyxlyr.supabase.co/storage/v1/object/public/user-data/groceries.png
methi 50g,Piece,14,12,31,434,372,https://mbtegbgsvxbefyzyxlyr.supabase.co/storage/v1/object/public/user-data/groceries.png
paneer masala 50gm,Piece,53,47,8,424,376,https://mbtegbgsvxbefyzyxlyr.supabase.co/storage/v1/object/public/user-data/groceries.png
methi 100g,Piece,28,22,16,448,352,https://mbtegbgsvxbefyzyxlyr.supabase.co/storage/v1/object/public/user-data/groceries.png
suhana mutter paneer rtc 50gm,Piece,45,42,6,270,252,https://mbtegbgsvxbefyzyxlyr.supabase.co/storage/v1/object/public/user-data/groceries.png
Pavbhaji Masala 50gm,Piece,47,42,15,705,630,https://mbtegbgsvxbefyzyxlyr.supabase.co/storage/v1/object/public/user-data/groceries.png
jeera powder 50gm.,Piece,40,25,6,240,150,https://mbtegbgsvxbefyzyxlyr.supabase.co/storage/v1/object/public/user-data/groceries.png
suhana akkha masoor,Piece,45,42,1,45,42,https://mbtegbgsvxbefyzyxlyr.supabase.co/storage/v1/object/public/user-data/groceries.png
Meat mutton Masala 50gm,Piece,48,42,15,720,630,https://mbtegbgsvxbefyzyxlyr.supabase.co/storage/v1/object/public/user-data/groceries.png
suhana misal masala 10g,Piece,10,10,15,150,150,https://mbtegbgsvxbefyzyxlyr.supabase.co/storage/v1/object/public/user-data/groceries.png
rbc chicken gravy rtc 80gm,Piece,35,32,1,35,32,https://mbtegbgsvxbefyzyxlyr.supabase.co/storage/v1/object/public/user-data/groceries.png
kitchen king masala 50gm,Piece,48,42,19,912,798,https://mbtegbgsvxbefyzyxlyr.supabase.co/storage/v1/object/public/user-data/groceries.png
suhana sahi garam masala8g,Piece,10,10,18,180,180,https://mbtegbgsvxbefyzyxlyr.supabase.co/storage/v1/object/public/user-data/groceries.png
bajaj coconut oil 175ml,Piece,92,88,2,184,176,https://mbtegbgsvxbefyzyxlyr.supabase.co/storage/v1/object/public/user-data/groceries.png
suhana chiken masala 50g,Piece,48,44,15,720,660,https://mbtegbgsvxbefyzyxlyr.supabase.co/storage/v1/object/public/user-data/groceries.png
ram bandhu palak paneer ram bandhu 50gm,Piece,30,32,1,30,32,https://mbtegbgsvxbefyzyxlyr.supabase.co/storage/v1/object/public/user-data/groceries.png
Navratan oil 180ml,Piece,155,149,0,0,0,https://mbtegbgsvxbefyzyxlyr.supabase.co/storage/v1/object/public/user-data/groceries.png
suhana paneer masala8g,Piece,10,10,13,130,130,https://mbtegbgsvxbefyzyxlyr.supabase.co/storage/v1/object/public/user-data/groceries.png
Navratan oil 270ml,Piece,215,209,2,430,418,https://mbtegbgsvxbefyzyxlyr.supabase.co/storage/v1/object/public/user-data/groceries.png
baja coconut oil 100ml,Piece,65,61,9,585,549,https://mbtegbgsvxbefyzyxlyr.supabase.co/storage/v1/object/public/user-data/groceries.png
Sambar masala 50gm,Piece,42,38,5,210,190,https://mbtegbgsvxbefyzyxlyr.supabase.co/storage/v1/object/public/user-data/groceries.png
suhana ambari mirachi powder 200g,Piece,95,90,16,1520,1440,https://mbtegbgsvxbefyzyxlyr.supabase.co/storage/v1/object/public/user-data/groceries.png
suhana paneer masala 200gm,Piece,172,163,7,1204,1141,https://mbtegbgsvxbefyzyxlyr.supabase.co/storage/v1/object/public/user-data/groceries.png
chhole masala 50gm,Piece,45,40,0,0,0,https://mbtegbgsvxbefyzyxlyr.supabase.co/storage/v1/object/public/user-data/groceries.png
bajaj coconut oil 195ml,Piece,115,109,35,4025,3815,https://mbtegbgsvxbefyzyxlyr.supabase.co/storage/v1/object/public/user-data/groceries.png
suhana chiken masala 200g,Piece,178,173,7,1246,1211,https://mbtegbgsvxbefyzyxlyr.supabase.co/storage/v1/object/public/user-data/groceries.png
parachute coconut oil 100ml,Piece,63,61,143,9009,8723,https://mbtegbgsvxbefyzyxlyr.supabase.co/storage/v1/object/public/user-data/groceries.png
suhana chicken masala 100gm,Piece,92,87,10,920,870,https://mbtegbgsvxbefyzyxlyr.supabase.co/storage/v1/object/public/user-data/groceries.png
bajaj coconut oil 275ml,Piece,160,152,12,1920,1824,https://mbtegbgsvxbefyzyxlyr.supabase.co/storage/v1/object/public/user-data/groceries.png
suhana sabji masala 50gm,Piece,39,35,36,1404,1260,https://mbtegbgsvxbefyzyxlyr.supabase.co/storage/v1/object/public/user-data/groceries.png
suhana biryani masala 200g,Piece,316,310,22,6952,6820,https://mbtegbgsvxbefyzyxlyr.supabase.co/storage/v1/object/public/user-data/groceries.png
suhana sabji masala 200g,Piece,139,134,5,695,670,https://mbtegbgsvxbefyzyxlyr.supabase.co/storage/v1/object/public/user-data/groceries.png
ambari coriander powder 100gm,Piece,42,38,2,84,76,https://mbtegbgsvxbefyzyxlyr.supabase.co/storage/v1/object/public/user-data/groceries.png
parachute coconut oil 38ml,Piece,20,20,235,4700,4700,https://mbtegbgsvxbefyzyxlyr.supabase.co/storage/v1/object/public/user-data/groceries.png
bajaj coconut oil 550ml,Piece,296,181,14,4144,2534,https://mbtegbgsvxbefyzyxlyr.supabase.co/storage/v1/object/public/user-data/groceries.png
ambari dhane 50gm,Piece,21,19,22,462,418,https://mbtegbgsvxbefyzyxlyr.supabase.co/storage/v1/object/public/user-data/groceries.png
ambari Kanda lasun masala,Piece,16,14,58,928,812,https://mbtegbgsvxbefyzyxlyr.supabase.co/storage/v1/object/public/user-data/groceries.png
ambari Sunday masala 200g,Piece,103,98,4,412,392,https://mbtegbgsvxbefyzyxlyr.supabase.co/storage/v1/object/public/user-data/groceries.png
Parachute coconut oil 250ml,Piece,162,160,1,162,160,https://mbtegbgsvxbefyzyxlyr.supabase.co/storage/v1/object/public/user-data/groceries.png
ambari sunday masala 50gm,Piece,27,23,78,2106,1794,https://mbtegbgsvxbefyzyxlyr.supabase.co/storage/v1/object/public/user-data/groceries.png
Gowardhan ghee 20ml,Piece,20,20,93,1860,1860,https://mbtegbgsvxbefyzyxlyr.supabase.co/storage/v1/object/public/user-data/groceries.png
ambari halad powder 50gm,Piece,27,24,27,729,648,https://mbtegbgsvxbefyzyxlyr.supabase.co/storage/v1/object/public/user-data/groceries.png
prajot cow ghee 1000ml,Piece,700,350,21,14700,7350,https://mbtegbgsvxbefyzyxlyr.supabase.co/storage/v1/object/public/user-data/groceries.png
suhana ambari bydagi mirchi powder200g,Piece,175,170,19,3325,3230,https://mbtegbgsvxbefyzyxlyr.supabase.co/storage/v1/object/public/user-data/groceries.png
ambari halad powder 100gm,Piece,52,46,19,988,874,https://mbtegbgsvxbefyzyxlyr.supabase.co/storage/v1/object/public/user-data/groceries.png
suhana ambari Sunday masala100g,Piece,52,49,23,1196,1127,https://mbtegbgsvxbefyzyxlyr.supabase.co/storage/v1/object/public/user-data/groceries.png
ambari mirchi powder 50gm,Piece,25,22,86,2150,1892,https://mbtegbgsvxbefyzyxlyr.supabase.co/storage/v1/object/public/user-data/groceries.png
Gowardhan cow ghee 1000ml,Piece,799,749,17,13583,12733,https://mbtegbgsvxbefyzyxlyr.supabase.co/storage/v1/object/public/user-data/groceries.png
suhana pavbhaji masala200g,Piece,170,165,24,4080,3960,https://mbtegbgsvxbefyzyxlyr.supabase.co/storage/v1/object/public/user-data/groceries.png
ambari halad powder 100gm,Piece,52,46,-2,-104,-92,https://mbtegbgsvxbefyzyxlyr.supabase.co/storage/v1/object/public/user-data/groceries.png
suhana chhole masala 200g,Piece,170,165,7,1190,1155,https://mbtegbgsvxbefyzyxlyr.supabase.co/storage/v1/object/public/user-data/groceries.png
Khushbu mustard oil 1L,Piece,270,180,7,1890,1260,https://mbtegbgsvxbefyzyxlyr.supabase.co/storage/v1/object/public/user-data/groceries.png
ambari goda masala,Piece,22,19,0,0,0,https://mbtegbgsvxbefyzyxlyr.supabase.co/storage/v1/object/public/user-data/groceries.png
suhana ambari mirachi powder 500g,Piece,234,229,11,2574,2519,https://mbtegbgsvxbefyzyxlyr.supabase.co/storage/v1/object/public/user-data/groceries.png
prajot cow ghee 500ml,Piece,350,175,0,0,0,https://mbtegbgsvxbefyzyxlyr.supabase.co/storage/v1/object/public/user-data/groceries.png
suhana meat mutton masala 200g,Piece,178,172,17,3026,2924,https://mbtegbgsvxbefyzyxlyr.supabase.co/storage/v1/object/public/user-data/groceries.png
ravi magic halad powder 200gm,Piece,100,88,1,100,88,https://mbtegbgsvxbefyzyxlyr.supabase.co/storage/v1/object/public/user-data/groceries.png
sunny soya 4.30kg,Piece,810,710,0,0,0,https://mbtegbgsvxbefyzyxlyr.supabase.co/storage/v1/object/public/user-data/groceries.png
suhana ambari masala 500g,Piece,165,160,1,165,160,https://mbtegbgsvxbefyzyxlyr.supabase.co/storage/v1/object/public/user-data/groceries.png
Dabar cow ghee 200ml,Piece,219,209,14,3066,2926,https://mbtegbgsvxbefyzyxlyr.supabase.co/storage/v1/object/public/user-data/groceries.png
ambari mirchi powder 200 gm,Piece,95,88,16,1520,1408,https://mbtegbgsvxbefyzyxlyr.supabase.co/storage/v1/object/public/user-data/groceries.png
suhana kichen king  masala 200g,Piece,179,174,2,358,348,https://mbtegbgsvxbefyzyxlyr.supabase.co/storage/v1/object/public/user-data/groceries.png
ravi magic mirchi tadka 200gm,Piece,110,90,11,1210,990,https://mbtegbgsvxbefyzyxlyr.supabase.co/storage/v1/object/public/user-data/groceries.png
Gemini Sunflower 4.200kg,Piece,1015,849,0,0,0,https://mbtegbgsvxbefyzyxlyr.supabase.co/storage/v1/object/public/user-data/groceries.png
suhana ambari dhana powder 500g,Piece,207,202,10,2070,2020,https://mbtegbgsvxbefyzyxlyr.supabase.co/storage/v1/object/public/user-data/groceries.png
Gemini soya 4.200kg,Piece,835,725,4,3340,2900,https://mbtegbgsvxbefyzyxlyr.supabase.co/storage/v1/object/public/user-data/groceries.png
suhana ambari halad powder 500g,Piece,256,250,9,2304,2250,https://mbtegbgsvxbefyzyxlyr.supabase.co/storage/v1/object/public/user-data/groceries.png
ambari Kanda lasun masala 100gm,Piece,35,30,9,315,270,https://mbtegbgsvxbefyzyxlyr.supabase.co/storage/v1/object/public/user-data/groceries.png
Fortune Sunflower 4.350,Piece,955,835,4,3820,3340,https://mbtegbgsvxbefyzyxlyr.supabase.co/storage/v1/object/public/user-data/groceries.png
Gowardhan cow ghee 100ml,Piece,199,190,19,3781,3610,https://mbtegbgsvxbefyzyxlyr.supabase.co/storage/v1/object/public/user-data/groceries.png
ambari halad powder 200gm,Piece,96,80,2,192,160,https://mbtegbgsvxbefyzyxlyr.supabase.co/storage/v1/object/public/user-data/groceries.png
ravimagic super coriander powder 200g,Piece,80,75,6,480,450,https://mbtegbgsvxbefyzyxlyr.supabase.co/storage/v1/object/public/user-data/groceries.png
independence soya 4.55kg,Piece,979,699,0,0,0,https://mbtegbgsvxbefyzyxlyr.supabase.co/storage/v1/object/public/user-data/groceries.png
ambari goda masala 100gm,Piece,26,23,5,130,115,https://mbtegbgsvxbefyzyxlyr.supabase.co/storage/v1/object/public/user-data/groceries.png
suhana ambari goda masala 200g,Piece,85,80,9,765,720,https://mbtegbgsvxbefyzyxlyr.supabase.co/storage/v1/object/public/user-data/groceries.png
Yashodhan cow ghee 200ml,Piece,196,99,37,7252,3663,https://mbtegbgsvxbefyzyxlyr.supabase.co/storage/v1/object/public/user-data/groceries.png
ambari goda masala 200gm,Piece,85,78,8,680,624,https://mbtegbgsvxbefyzyxlyr.supabase.co/storage/v1/object/public/user-data/groceries.png
Tiger Soya 4.5kg,Piece,832,690,2,1664,1380,https://mbtegbgsvxbefyzyxlyr.supabase.co/storage/v1/object/public/user-data/groceries.png
chitale tup 500ml,Piece,380,365,0,0,0,https://mbtegbgsvxbefyzyxlyr.supabase.co/storage/v1/object/public/user-data/groceries.png
chitale ghee 500ml,Piece,380,365,0,0,0,https://mbtegbgsvxbefyzyxlyr.supabase.co/storage/v1/object/public/user-data/groceries.png
chitale tup 1000ml,Piece,730,696,1,730,696,https://mbtegbgsvxbefyzyxlyr.supabase.co/storage/v1/object/public/user-data/groceries.png
aashirvaad select atta 5kg,Piece,378,363,1,378,363,https://mbtegbgsvxbefyzyxlyr.supabase.co/storage/v1/object/public/user-data/groceries.png
aashirvaad atta with muligrains 5kg,Piece,391,355,3,1173,1065,https://mbtegbgsvxbefyzyxlyr.supabase.co/storage/v1/object/public/user-data/groceries.png
Fortune Rice Bran health 4.35,Piece,1025,835,1,1025,835,https://mbtegbgsvxbefyzyxlyr.supabase.co/storage/v1/object/public/user-data/groceries.png
fortune chakki fresh atta 5kg,Piece,277,235,1,277,235,https://mbtegbgsvxbefyzyxlyr.supabase.co/storage/v1/object/public/user-data/groceries.png
gowardhan cow ghee 500ml,Piece,415,315,26,10790,8190,https://mbtegbgsvxbefyzyxlyr.supabase.co/storage/v1/object/public/user-data/groceries.png
Tiger Soyabin 900gm,Piece,157,129,52,8164,6708,https://mbtegbgsvxbefyzyxlyr.supabase.co/storage/v1/object/public/user-data/groceries.png
samarat mp chakki atta 10kg,Piece,580,480,0,0,0,https://mbtegbgsvxbefyzyxlyr.supabase.co/storage/v1/object/public/user-data/groceries.png
prajot cow ghee 500ml,Piece,350,175,35,12250,6125,https://mbtegbgsvxbefyzyxlyr.supabase.co/storage/v1/object/public/user-data/groceries.png
samarat mp chakki fresh atta 5kg,Piece,310,300,3,930,900,https://mbtegbgsvxbefyzyxlyr.supabase.co/storage/v1/object/public/user-data/groceries.png
lala ji desi ghee 1ltr,Piece,601,490,7,4207,3430,https://mbtegbgsvxbefyzyxlyr.supabase.co/storage/v1/object/public/user-data/groceries.png
Fortune Sun lite 800gm,Piece,182,160,9,1638,1440,https://mbtegbgsvxbefyzyxlyr.supabase.co/storage/v1/object/public/user-data/groceries.png
Yashodhan cow ghee 1ltr,Piece,799,490,14,11186,6860,https://mbtegbgsvxbefyzyxlyr.supabase.co/storage/v1/object/public/user-data/groceries.png
Independence sunflower 1L,Piece,204,145,2,408,290,https://mbtegbgsvxbefyzyxlyr.supabase.co/storage/v1/object/public/user-data/groceries.png
Gala angle wiper,Piece,130,115,5,650,575,https://mbtegbgsvxbefyzyxlyr.supabase.co/storage/v1/object/public/user-data/groceries.png
Groundnut oil lakdi ghana 5ltr,Piece,1420,1199,1,1420,1199,https://mbtegbgsvxbefyzyxlyr.supabase.co/storage/v1/object/public/user-data/groceries.png
Fortune Groundnuts oil 870gm,Piece,240,190,8,1920,1520,https://mbtegbgsvxbefyzyxlyr.supabase.co/storage/v1/object/public/user-data/groceries.png
Sunny Soya 800gm,Piece,165,132,-14,-2310,-1848,https://mbtegbgsvxbefyzyxlyr.supabase.co/storage/v1/object/public/user-data/groceries.png
spotzero by milton 250ml,Piece,55,50,48,2640,2400,https://mbtegbgsvxbefyzyxlyr.supabase.co/storage/v1/object/public/user-data/groceries.png
spotzero by milton 500ml,Piece,110,105,24,2640,2520,https://mbtegbgsvxbefyzyxlyr.supabase.co/storage/v1/object/public/user-data/groceries.png
Radhuni palm oil 1L,Piece,150,125,18,2700,2250,https://mbtegbgsvxbefyzyxlyr.supabase.co/storage/v1/object/public/user-data/groceries.png
spotzero by milton 5litr,Piece,850,840,4,3400,3360,https://mbtegbgsvxbefyzyxlyr.supabase.co/storage/v1/object/public/user-data/groceries.png
saffola gold 910gm,Piece,189,180,11,2079,1980,https://mbtegbgsvxbefyzyxlyr.supabase.co/storage/v1/object/public/user-data/groceries.png
fortune SOYA 800gm,Piece,175,145,14,2450,2030,https://mbtegbgsvxbefyzyxlyr.supabase.co/storage/v1/object/public/user-data/groceries.png
fortune SOYA oil 400gm,Piece,84,79,38,3192,3002,https://mbtegbgsvxbefyzyxlyr.supabase.co/storage/v1/object/public/user-data/groceries.png
Gemini Soya 840gm,Piece,160,139,0,0,0,https://mbtegbgsvxbefyzyxlyr.supabase.co/storage/v1/object/public/user-data/groceries.png
spotzero by milton 5litr,Piece,850,840,4,3400,3360,https://mbtegbgsvxbefyzyxlyr.supabase.co/storage/v1/object/public/user-data/groceries.png
ruchi vanaspati dalda 893gm,Piece,156,140,5,780,700,https://mbtegbgsvxbefyzyxlyr.supabase.co/storage/v1/object/public/user-data/groceries.png
spotzero by milton toilet cleaner 1litre,Piece,215,205,12,2580,2460,https://mbtegbgsvxbefyzyxlyr.supabase.co/storage/v1/object/public/user-data/groceries.png
Gemini sunflowers 840gm,Piece,175,168,13,2275,2184,https://mbtegbgsvxbefyzyxlyr.supabase.co/storage/v1/object/public/user-data/groceries.png
Nimrani Soyabin oil 900gm,Piece,160,134,10,1600,1340,https://mbtegbgsvxbefyzyxlyr.supabase.co/storage/v1/object/public/user-data/groceries.png
Samrat Sunflowers 850gm,Piece,185,155,-13,-2405,-2015,https://mbtegbgsvxbefyzyxlyr.supabase.co/storage/v1/object/public/user-data/groceries.png
Fortune Rice Bran Health 870gm,Piece,199,180,16,3184,2880,https://mbtegbgsvxbefyzyxlyr.supabase.co/storage/v1/object/public/user-data/groceries.png
Sunny Sun lite 860gm,Piece,185,155,-5,-925,-775,https://mbtegbgsvxbefyzyxlyr.supabase.co/storage/v1/object/public/user-data/groceries.png
surf excel matic top load 500ml,Piece,135,130,8,1080,1040,https://mbtegbgsvxbefyzyxlyr.supabase.co/storage/v1/object/public/user-data/groceries.png
Rangoli white 1kg,Piece,20,15,22,440,330,https://mbtegbgsvxbefyzyxlyr.supabase.co/storage/v1/object/public/user-data/groceries.png
comfort pink 210ml,Piece,58,55,7,406,385,https://mbtegbgsvxbefyzyxlyr.supabase.co/storage/v1/object/public/user-data/groceries.png
prem dulhan hair henna 125g,Piece,99,94,10,990,940,https://mbtegbgsvxbefyzyxlyr.supabase.co/storage/v1/object/public/user-data/groceries.png
Comfort Green 210ml,Piece,60,58,10,600,580,https://mbtegbgsvxbefyzyxlyr.supabase.co/storage/v1/object/public/user-data/groceries.png
prem dulhan  natural black,Piece,10,10,18,180,180,https://mbtegbgsvxbefyzyxlyr.supabase.co/storage/v1/object/public/user-data/groceries.png
vim 30gm rs10,Piece,10,10,-37,-370,-370,https://mbtegbgsvxbefyzyxlyr.supabase.co/storage/v1/object/public/user-data/groceries.png
suhana super garam masala 68g,Piece,34,30,20,680,600,https://mbtegbgsvxbefyzyxlyr.supabase.co/storage/v1/object/public/user-data/groceries.png
suhana ambari  halad powder 100g,Piece,52,47,30,1560,1410,https://mbtegbgsvxbefyzyxlyr.supabase.co/storage/v1/object/public/user-data/groceries.png
Rin 30gm rs10,Piece,10,10,3,30,30,https://mbtegbgsvxbefyzyxlyr.supabase.co/storage/v1/object/public/user-data/groceries.png
suhana ambari dhana powder 100g,Piece,42,38,24,1008,912,https://mbtegbgsvxbefyzyxlyr.supabase.co/storage/v1/object/public/user-data/groceries.png
use and throw paper water glass,Piece,40,30,25,1000,750,https://mbtegbgsvxbefyzyxlyr.supabase.co/storage/v1/object/public/user-data/groceries.png
active wheel 2in1 1Kg,Piece,76,71,16,1216,1136,https://mbtegbgsvxbefyzyxlyr.supabase.co/storage/v1/object/public/user-data/groceries.png
parle monaco cheeslings classic 300g,Piece,160,80,15,2400,1200,https://mbtegbgsvxbefyzyxlyr.supabase.co/storage/v1/object/public/user-data/groceries.png
Gala leader plus wiper,Piece,250,219,10,2500,2190,https://mbtegbgsvxbefyzyxlyr.supabase.co/storage/v1/object/public/user-data/groceries.png
Gala double lip bathroom wiper,Piece,250,219,7,1750,1533,https://mbtegbgsvxbefyzyxlyr.supabase.co/storage/v1/object/public/user-data/groceries.png
Gala Diamond Loop mop,Piece,335,315,2,670,630,https://mbtegbgsvxbefyzyxlyr.supabase.co/storage/v1/object/public/user-data/groceries.png
Gala Clip n Fit,Piece,460,430,3,1380,1290,https://mbtegbgsvxbefyzyxlyr.supabase.co/storage/v1/object/public/user-data/groceries.png
Gala easy clip n fit,Piece,460,430,3,1380,1290,https://mbtegbgsvxbefyzyxlyr.supabase.co/storage/v1/object/public/user-data/groceries.png
Gala T Mop,Piece,265,249,2,530,498,https://mbtegbgsvxbefyzyxlyr.supabase.co/storage/v1/object/public/user-data/groceries.png
Gala easy twist N mop,Piece,610,550,1,610,550,https://mbtegbgsvxbefyzyxlyr.supabase.co/storage/v1/object/public/user-data/groceries.png
Gala Dust Control Mop,Piece,715,680,2,1430,1360,https://mbtegbgsvxbefyzyxlyr.supabase.co/storage/v1/object/public/user-data/groceries.png
Gala mini Clip N fit,Piece,370,349,2,740,698,https://mbtegbgsvxbefyzyxlyr.supabase.co/storage/v1/object/public/user-data/groceries.png
Gala Handel floor Scrubber,Piece,200,185,2,400,370,https://mbtegbgsvxbefyzyxlyr.supabase.co/storage/v1/object/public/user-data/groceries.png
Suhana Spice Mix,Pc,40,40,-3,-120,-120,https://mbtegbgsvxbefyzyxlyr.supabase.co/storage/v1/object/public/user-data/40059461_2-suhana-spice-mix-butter-chicken.jpg
Suhana Mutton Gravy Mix 80g,Pc,45,45,-2,-90,-90,https://mbtegbgsvxbefyzyxlyr.supabase.co/storage/v1/object/public/user-data/scaled_image_picker6589207478609250991.jpg
Streax burgundyâs 3.16,Piece,15,15,-3,-45,-45,https://mbtegbgsvxbefyzyxlyr.supabase.co/storage/v1/object/public/user-data/groceries.png
Suhana Shahi Paneer Mix 50 g Carton,Pc,45,40,10,450,400,https://mbtegbgsvxbefyzyxlyr.supabase.co/storage/v1/object/public/user-data/image_picker_00BBEC22-F87E-4B9A-8F98-198F336F26B3-3584-000002E0314F68B1.jpg
khobra  500gram,Piece,200,180,0,0,0,https://mbtegbgsvxbefyzyxlyr.supabase.co/storage/v1/object/public/user-data/groceries.png
Fortune Wheat MP grade-1,Kg,50,42,157,7850,6594,https://mbtegbgsvxbefyzyxlyr.supabase.co/storage/v1/object/public/user-data/groceries.png
Naral,Piece,40,30,14,560,420,https://mbtegbgsvxbefyzyxlyr.supabase.co/storage/v1/object/public/user-data/groceries.png
Indori Gahu,Kg,45,40,-10,-450,-400,https://mbtegbgsvxbefyzyxlyr.supabase.co/storage/v1/object/public/user-data/groceries.png
M.P.Gahu,Kg,48,42,25,1200,1050,https://mbtegbgsvxbefyzyxlyr.supabase.co/storage/v1/object/public/user-data/groceries.png
khobra 250gram,Piece,100,90,-20,-2000,-1800,https://mbtegbgsvxbefyzyxlyr.supabase.co/storage/v1/object/public/user-data/groceries.png
Jawari pre.,Piece,61,55,21,1281,1155,https://mbtegbgsvxbefyzyxlyr.supabase.co/storage/v1/object/public/user-data/groceries.png
Bajari grade 1,Kg,48,42,35,1680,1470,https://mbtegbgsvxbefyzyxlyr.supabase.co/storage/v1/object/public/user-data/groceries.png
Bajari grade 2,Kg,50,45,22,1100,990,https://mbtegbgsvxbefyzyxlyr.supabase.co/storage/v1/object/public/user-data/groceries.png
Bell uakada,Kg,45,38,92,4140,3496,https://mbtegbgsvxbefyzyxlyr.supabase.co/storage/v1/object/public/user-data/groceries.png
Dear Kani rice,Kg,38,33,25,950,825,https://mbtegbgsvxbefyzyxlyr.supabase.co/storage/v1/object/public/user-data/groceries.png
Mango Indrayani kani rice,Piece,50,40,93,4650,3720,https://mbtegbgsvxbefyzyxlyr.supabase.co/storage/v1/object/public/user-data/groceries.png
Rathbhog Indrayani rice,Kg,60,50,68.5,4110,3425,https://mbtegbgsvxbefyzyxlyr.supabase.co/storage/v1/object/public/user-data/groceries.png
mohari barik 50g,Piece,15,12,71,1065,852,https://mbtegbgsvxbefyzyxlyr.supabase.co/storage/v1/object/public/user-data/groceries.png
Nazeer boiled Kolam,Kg,50,46,30,1500,1380,https://mbtegbgsvxbefyzyxlyr.supabase.co/storage/v1/object/public/user-data/groceries.png
karala 100gm,Piece,30,15,-5,-150,-75,https://mbtegbgsvxbefyzyxlyr.supabase.co/storage/v1/object/public/user-data/groceries.png
Bhavani gold rice,Kg,58,54,48,2784,2592,https://mbtegbgsvxbefyzyxlyr.supabase.co/storage/v1/object/public/user-data/groceries.png
Dosti Indrayani Dunbar,Piece,54,44,8.5,459,374,https://mbtegbgsvxbefyzyxlyr.supabase.co/storage/v1/object/public/user-data/groceries.png
yog Neer Kolam jeera rice,Piece,64,54,34.5,2208,1863,https://mbtegbgsvxbefyzyxlyr.supabase.co/storage/v1/object/public/user-data/groceries.png
Lovely steam Kolam rice,Piece,74,64,9,666,576,https://mbtegbgsvxbefyzyxlyr.supabase.co/storage/v1/object/public/user-data/groceries.png
sugar 2kg,Piece,90,88,-2,-180,-176,https://mbtegbgsvxbefyzyxlyr.supabase.co/storage/v1/object/public/user-data/groceries.png
Kolam rice,Piece,78,68,20,1560,1360,https://mbtegbgsvxbefyzyxlyr.supabase.co/storage/v1/object/public/user-data/groceries.png
shengdane  500gram,Piece,100,85,13,1300,1105,https://mbtegbgsvxbefyzyxlyr.supabase.co/storage/v1/object/public/user-data/groceries.png
Anarkali Chamanlal rice,Kg,89,78,29,2581,2262,https://mbtegbgsvxbefyzyxlyr.supabase.co/storage/v1/object/public/user-data/groceries.png
mixdal 200gm,Piece,32,28,7,224,196,https://mbtegbgsvxbefyzyxlyr.supabase.co/storage/v1/object/public/user-data/groceries.png
Milky PRE. Rice,Kg,125,110,19,2375,2090,https://mbtegbgsvxbefyzyxlyr.supabase.co/storage/v1/object/public/user-data/groceries.png
Indrayani rice.,Piece,69,61,19,1311,1159,https://mbtegbgsvxbefyzyxlyr.supabase.co/storage/v1/object/public/user-data/groceries.png
Daawat rozana Niki 10Kg,Piece,545,450,3,1635,1350,https://mbtegbgsvxbefyzyxlyr.supabase.co/storage/v1/object/public/user-data/groceries.png
daawat rozana Mini 10Kg,Piece,750,599,3,2250,1797,https://mbtegbgsvxbefyzyxlyr.supabase.co/storage/v1/object/public/user-data/groceries.png
Daawat rozana Tini 10Kg,Piece,700,549,4,2800,2196,https://mbtegbgsvxbefyzyxlyr.supabase.co/storage/v1/object/public/user-data/groceries.png
Daawat Rozana Gini 10Kg,Piece,810,685,5,4050,3425,https://mbtegbgsvxbefyzyxlyr.supabase.co/storage/v1/object/public/user-data/groceries.png
Daawat rozana Super 10Kg,Piece,980,750,0,0,0,https://mbtegbgsvxbefyzyxlyr.supabase.co/storage/v1/object/public/user-data/groceries.png
Jumbo steel scrubber,Piece,20,15,0,0,0,https://mbtegbgsvxbefyzyxlyr.supabase.co/storage/v1/object/public/user-data/groceries.png
Double Mor rice,Piece,60,55,30.8,1848,1694,https://mbtegbgsvxbefyzyxlyr.supabase.co/storage/v1/object/public/user-data/groceries.png
alaukik 6inOne 270gm,Piece,145,105,0,0,0,https://mbtegbgsvxbefyzyxlyr.supabase.co/storage/v1/object/public/user-data/groceries.png
Rajmukut Indrayani rice,Piece,75,60,2,150,120,https://mbtegbgsvxbefyzyxlyr.supabase.co/storage/v1/object/public/user-data/groceries.png
Nazeer 1121 basmati Tukda,Piece,62,54,19,1178,1026,https://mbtegbgsvxbefyzyxlyr.supabase.co/storage/v1/object/public/user-data/groceries.png
Paridhi 1121 basmati,Kg,95,85,19,1805,1615,https://mbtegbgsvxbefyzyxlyr.supabase.co/storage/v1/object/public/user-data/groceries.png
Zayka Ambe Mohor,Kg,220,140,13,2860,1820,https://mbtegbgsvxbefyzyxlyr.supabase.co/storage/v1/object/public/user-data/groceries.png
Deepam ukada rice,Kg,50,44,169,8450,7436,https://mbtegbgsvxbefyzyxlyr.supabase.co/storage/v1/object/public/user-data/groceries.png
alaukik amrude agarbatti 100gm,Piece,70,55,2,140,110,https://mbtegbgsvxbefyzyxlyr.supabase.co/storage/v1/object/public/user-data/groceries.png
Tibar Indrayani rice,Piece,56,46,28,1568,1288,https://mbtegbgsvxbefyzyxlyr.supabase.co/storage/v1/object/public/user-data/groceries.png
real woods 110gm,Piece,75,55,0,0,0,https://mbtegbgsvxbefyzyxlyr.supabase.co/storage/v1/object/public/user-data/groceries.png
Namaste Anna lachkari Wada kolam,Kg,90,79,69,6210,5451,https://mbtegbgsvxbefyzyxlyr.supabase.co/storage/v1/object/public/user-data/groceries.png
alaukik kevda agarbatti 90gm,Piece,80,60,2,160,120,https://mbtegbgsvxbefyzyxlyr.supabase.co/storage/v1/object/public/user-data/groceries.png
Yog Kesar Rice,Kg,95,81,11,1045,891,https://mbtegbgsvxbefyzyxlyr.supabase.co/storage/v1/object/public/user-data/groceries.png
udanpari rice,Piece,70,58,14.5,1015,841,https://mbtegbgsvxbefyzyxlyr.supabase.co/storage/v1/object/public/user-data/groceries.png
The Chef rice,Kg,110,95,60.5,6655,5747.5,https://mbtegbgsvxbefyzyxlyr.supabase.co/storage/v1/object/public/user-data/groceries.png
alaukik golden tree 90gm,Piece,80,55,11,880,605,https://mbtegbgsvxbefyzyxlyr.supabase.co/storage/v1/object/public/user-data/groceries.png
AK Sella Rice,Kg,55,46.5,12,660,558,https://mbtegbgsvxbefyzyxlyr.supabase.co/storage/v1/object/public/user-data/groceries.png
Zabreen Basmati Rice,Piece,125,112,37.5,4687.5,4200,https://mbtegbgsvxbefyzyxlyr.supabase.co/storage/v1/object/public/user-data/groceries.png
abba hujur rice,Piece,60,52,63,3780,3276,https://mbtegbgsvxbefyzyxlyr.supabase.co/storage/v1/object/public/user-data/groceries.png
Noori jeera rice,Piece,55,46,77.5,4262.5,3565,https://mbtegbgsvxbefyzyxlyr.supabase.co/storage/v1/object/public/user-data/groceries.png
muskmelon 90gm,Piece,80,55,1,80,55,https://mbtegbgsvxbefyzyxlyr.supabase.co/storage/v1/object/public/user-data/groceries.png
alaukik loban 90gm,Piece,80,55,1,80,55,https://mbtegbgsvxbefyzyxlyr.supabase.co/storage/v1/object/public/user-data/groceries.png
lohana gulab premium dhup 20sticks,Piece,35,25,21,735,525,https://mbtegbgsvxbefyzyxlyr.supabase.co/storage/v1/object/public/user-data/groceries.png
Fortune Refined Sunflower Oil 15 L Jar,Pc,4025,4025,0,0,0,https://mbtegbgsvxbefyzyxlyr.supabase.co/storage/v1/object/public/user-data/40071741_5-fortune-refined-sunflower-oil.jpg
Fortune sun lite refined 15L,Piece,2850,2349,3,8550,7047,https://mbtegbgsvxbefyzyxlyr.supabase.co/storage/v1/object/public/user-data/groceries.png
lohana gold sendal 20 sticks,Piece,35,25,23,805,575,https://mbtegbgsvxbefyzyxlyr.supabase.co/storage/v1/object/public/user-data/groceries.png
lohana kapur gugal dhup 20 sticks,Piece,35,25,8,280,200,https://mbtegbgsvxbefyzyxlyr.supabase.co/storage/v1/object/public/user-data/groceries.png
tri phenyle 5L,Piece,529,399,0,0,0,https://mbtegbgsvxbefyzyxlyr.supabase.co/storage/v1/object/public/user-data/groceries.png
lohana mogra 20 sticks,Piece,35,25,10,350,250,https://mbtegbgsvxbefyzyxlyr.supabase.co/storage/v1/object/public/user-data/groceries.png
lohana jordic 20 sticks,Piece,35,25,1,35,25,https://mbtegbgsvxbefyzyxlyr.supabase.co/storage/v1/object/public/user-data/groceries.png
alaukik maskmelon 8 sticks,Piece,15,15,0,0,0,https://mbtegbgsvxbefyzyxlyr.supabase.co/storage/v1/object/public/user-data/groceries.png
lohana bel ful 20 sticks,Piece,35,25,6,210,150,https://mbtegbgsvxbefyzyxlyr.supabase.co/storage/v1/object/public/user-data/groceries.png
alaukik maharaja 90gm,Piece,80,60,2,160,120,https://mbtegbgsvxbefyzyxlyr.supabase.co/storage/v1/object/public/user-data/groceries.png
alaukik australian wonders 90gm,Piece,80,55,1,80,55,https://mbtegbgsvxbefyzyxlyr.supabase.co/storage/v1/object/public/user-data/groceries.png
alaukik alanza 110gm,Piece,70,55,1,70,55,https://mbtegbgsvxbefyzyxlyr.supabase.co/storage/v1/object/public/user-data/groceries.png
nachani papad 200gm,Piece,55,35,-5,-275,-175,https://mbtegbgsvxbefyzyxlyr.supabase.co/storage/v1/object/public/user-data/groceries.png
Clean & Clear Morning Energy Facewash Aqua Splash 100 ml,Pc,145,145,-2,-290,-290,https://mbtegbgsvxbefyzyxlyr.supabase.co/storage/v1/object/public/user-data/image_picker_030F8618-3DE9-474C-8528-716AEB981065-1678-00000078185FF680.jpg
Rin Refresh Lemon & Rose Detergent Powder 500 g,Pc,39,39,-9,-351,-351,https://mbtegbgsvxbefyzyxlyr.supabase.co/storage/v1/object/public/user-data/299468_23-rin-refresh-lemon-rose-detergent-powder.jpg
Rin Refresh Lemon & Rose Detergent Powder 500 g,Pc,39,39,-8,-312,-312,https://mbtegbgsvxbefyzyxlyr.supabase.co/storage/v1/object/public/user-data/299468_23-rin-refresh-lemon-rose-detergent-powder.jpg
bajaj coconut oil 100ml,Piece,65,55,-3,-195,-165,https://mbtegbgsvxbefyzyxlyr.supabase.co/storage/v1/object/public/user-data/groceries.png
Cinthol Lime Fresh Soap,Pc,89,89,0,0,0,https://mbtegbgsvxbefyzyxlyr.supabase.co/storage/v1/object/public/user-data/SQ107314.jpg
gillate presto,Piece,25,25,-2,-50,-50,https://mbtegbgsvxbefyzyxlyr.supabase.co/storage/v1/object/public/user-data/groceries.png
Protekt Magic Handwash refill 9g,Pc,10,10,-14,-140,-140,https://mbtegbgsvxbefyzyxlyr.supabase.co/storage/v1/object/public/user-data/groceries.png
ambari goda masala 50gm,Piece,22,18,1,22,18,https://mbtegbgsvxbefyzyxlyr.supabase.co/storage/v1/object/public/user-data/groceries.png
Dhanush Machis 10 pc box,Pc,20,20,0,0,0,https://mbtegbgsvxbefyzyxlyr.supabase.co/storage/v1/object/public/user-data/groceries.png
Dhanush Machis 10 pc box,Pc,20,20,0,0,0,https://mbtegbgsvxbefyzyxlyr.supabase.co/storage/v1/object/public/user-data/groceries.png
Britannia Good day Rs 170,Pc,170,140,0,0,0,https://mbtegbgsvxbefyzyxlyr.supabase.co/storage/v1/object/public/user-data/groceries.png
Nirma Detergent Powder 1 kg Pouch,Pc,45,45,-4,-180,-180,https://mbtegbgsvxbefyzyxlyr.supabase.co/storage/v1/object/public/user-data/285686_2-nirma-detergent-powder.jpg
Ariel Power Gel 3Kg TL,Piece,469,459,-2,-938,-918,https://mbtegbgsvxbefyzyxlyr.supabase.co/storage/v1/object/public/user-data/groceries.png
Parachute Pure Coconut Oil 175ml Bottle,Pc,63,63,-1,-63,-63,https://mbtegbgsvxbefyzyxlyr.supabase.co/storage/v1/object/public/user-data/Parachute_Pure_Coconut_Oil_175ml_Bottle_1653482416902.png
suhana mirchi powder 50gm,Piece,25,25,-28,-700,-700,https://mbtegbgsvxbefyzyxlyr.supabase.co/storage/v1/object/public/user-data/groceries.png
Kinder Creamy Milky & Crunchy 19g,Pc,25,25,-18,-450,-450,https://mbtegbgsvxbefyzyxlyr.supabase.co/storage/v1/object/public/user-data/scaled_image_picker4986724366452891343.jpg
Dhanush Machis 10 pc box,Pc,20,20,0,0,0,https://mbtegbgsvxbefyzyxlyr.supabase.co/storage/v1/object/public/user-data/groceries.png
cadbury perk 20.6g,Piece,10,10,-3,-30,-30,https://mbtegbgsvxbefyzyxlyr.supabase.co/storage/v1/object/public/user-data/groceries.png
doller Gold boiled kolam rice,Kg,85,75,120,10200,9000,https://mbtegbgsvxbefyzyxlyr.supabase.co/storage/v1/object/public/user-data/groceries.png
Tasty Tasty Indrayani Rice,Piece,85,70,56,4760,3920,https://mbtegbgsvxbefyzyxlyr.supabase.co/storage/v1/object/public/user-data/groceries.png
unicorn lachakari Wada kolam,Kg,72,65,60,4320,3900,https://mbtegbgsvxbefyzyxlyr.supabase.co/storage/v1/object/public/user-data/groceries.png
Deer special,Kg,50,45,104,5200,4680,https://mbtegbgsvxbefyzyxlyr.supabase.co/storage/v1/object/public/user-data/groceries.png
naazreen 1121 basmati rice,Piece,58,55,60,3480,3300,https://mbtegbgsvxbefyzyxlyr.supabase.co/storage/v1/object/public/user-data/groceries.png
super star Sona masoori,Kg,90,75,140,12600,10500,https://mbtegbgsvxbefyzyxlyr.supabase.co/storage/v1/object/public/user-data/groceries.png
suhana kasoori methi rtc 100gm,Piece,100,89,-1,-100,-89,https://mbtegbgsvxbefyzyxlyr.supabase.co/storage/v1/object/public/user-data/groceries.png
dhana 500gm,Piece,110,85,30,3300,2550,https://mbtegbgsvxbefyzyxlyr.supabase.co/storage/v1/object/public/user-data/groceries.png
harbara 200gm,Piece,30,20,0,0,0,https://mbtegbgsvxbefyzyxlyr.supabase.co/storage/v1/object/public/user-data/groceries.png
sauff special 200gm,Piece,120,105,-1,-120,-105,https://mbtegbgsvxbefyzyxlyr.supabase.co/storage/v1/object/public/user-data/groceries.png
samrat chana besan 500gm,Piece,89,60,-23,-2047,-1380,https://mbtegbgsvxbefyzyxlyr.supabase.co/storage/v1/object/public/user-data/groceries.png
godrej black cream 11ml,Piece,15,15,-6,-90,-90,https://mbtegbgsvxbefyzyxlyr.supabase.co/storage/v1/object/public/user-data/groceries.png
Samrat Premium Chakki Atta 10 Kg Pouch,Pc,390,390,-2,-780,-780,https://mbtegbgsvxbefyzyxlyr.supabase.co/storage/v1/object/public/user-data/30010280_4-samrat-premium-chakki-atta.jpg
spotzone 500ml,Piece,105,99,-1,-105,-99,https://mbtegbgsvxbefyzyxlyr.supabase.co/storage/v1/object/public/user-data/groceries.png
Suhana Shahi Garam Masala 10g,Pc,10,10,-7,-70,-70,https://mbtegbgsvxbefyzyxlyr.supabase.co/storage/v1/object/public/user-data/scaled_image_picker8817678050903173026.jpg
Mapro Falero Pulpy Fruit Chews,Pc,49,49,-1,-49,-49,https://mbtegbgsvxbefyzyxlyr.supabase.co/storage/v1/object/public/user-data/299376_2-mapro-falero-pulpy-fruit-chews-django-mango.jpg
maagi 600gm,Piece,116,110,-12,-1392,-1320,https://mbtegbgsvxbefyzyxlyr.supabase.co/storage/v1/object/public/user-data/groceries.png
ambari kanda  masala 50gm,Piece,22,18,-25,-550,-450,https://mbtegbgsvxbefyzyxlyr.supabase.co/storage/v1/object/public/user-data/groceries.png
soup bowl,Piece,72,30,3,216,90,https://mbtegbgsvxbefyzyxlyr.supabase.co/storage/v1/object/public/user-data/groceries.png
MTC kimia dates,Piece,400,169,-1,-400,-169,https://mbtegbgsvxbefyzyxlyr.supabase.co/storage/v1/object/public/user-data/groceries.png
Nilons Soya Chunks 45g,Pc,10,10,-4,-40,-40,https://mbtegbgsvxbefyzyxlyr.supabase.co/storage/v1/object/public/user-data/scaled_image_picker8365015997807129820.png
ambari halad powder 50gm,Piece,27,24,-10,-270,-240,https://mbtegbgsvxbefyzyxlyr.supabase.co/storage/v1/object/public/user-data/groceries.png
vim rs 5,Piece,5,5,-85,-425,-425,https://mbtegbgsvxbefyzyxlyr.supabase.co/storage/v1/object/public/user-data/groceries.png
TOOR DAL,Pc,190,140,-11,-2090,-1540,https://mbtegbgsvxbefyzyxlyr.supabase.co/storage/v1/object/public/user-data/groceries.png
domex fights odour 475ml,Piece,102,95,-1,-102,-95,https://mbtegbgsvxbefyzyxlyr.supabase.co/storage/v1/object/public/user-data/groceries.png
masala elaichi 2gm,Piece,100,80,-3,-300,-240,https://mbtegbgsvxbefyzyxlyr.supabase.co/storage/v1/object/public/user-data/groceries.png
chana dal à¥§kg,Piece,100,84,-24,-2400,-2016,https://mbtegbgsvxbefyzyxlyr.supabase.co/storage/v1/object/public/user-data/groceries.png
active wheel 2in1 500gm,Piece,39,35,-17,-663,-595,https://mbtegbgsvxbefyzyxlyr.supabase.co/storage/v1/object/public/user-data/groceries.png
Natoons Kinder Joy 20g,Pc,45,45,-18,-810,-810,https://mbtegbgsvxbefyzyxlyr.supabase.co/storage/v1/object/public/user-data/Natoons_Kinder_Joy_20g_1652593381201.png
parle 20-20 butter 200gm,Piece,27,26,-11,-297,-286,https://mbtegbgsvxbefyzyxlyr.supabase.co/storage/v1/object/public/user-data/groceries.png
Camlin Colour Pencil,Pc,25,25,-2,-50,-50,https://mbtegbgsvxbefyzyxlyr.supabase.co/storage/v1/object/public/user-data/40072705_4-camlin-colour-pencil-combo-half-size-sketch-pen-12-shades.jpg
gillette 4n,Piece,52,50,-2,-104,-100,https://mbtegbgsvxbefyzyxlyr.supabase.co/storage/v1/object/public/user-data/groceries.png
ambari mirchi powder 200 gm,Piece,95,88,-18,-1710,-1584,https://mbtegbgsvxbefyzyxlyr.supabase.co/storage/v1/object/public/user-data/groceries.png
Suhana meat/mutton masala 50g,Pc,43,43,-8,-344,-344,https://mbtegbgsvxbefyzyxlyr.supabase.co/storage/v1/object/public/user-data/Suhana_meat_mutton_masala_50g_1678609520059.png
ambari goda masala 100gm,Piece,26,23,-4,-104,-92,https://mbtegbgsvxbefyzyxlyr.supabase.co/storage/v1/object/public/user-data/groceries.png
Suhana onion & garlic masala 200g,Pc,65,65,-9,-585,-585,https://mbtegbgsvxbefyzyxlyr.supabase.co/storage/v1/object/public/user-data/Suhana_onion_garlic_masala_200g_1675682810514.png
Harpic Red lemon bathroom Cleaner 500ml,Pc,110,110,-1,-110,-110,https://mbtegbgsvxbefyzyxlyr.supabase.co/storage/v1/object/public/user-data/Harpic_Red_lemon_bathroom_Cleaner_500ml_1690466951936.png
Streax Hair Serum 90ml,Pc,260,245,-4,-1040,-980,https://mbtegbgsvxbefyzyxlyr.supabase.co/storage/v1/object/public/user-data/groceries.png
Dettol Skincare Handwash Liquid 675ml,Pc,109,100,-1,-109,-100,https://mbtegbgsvxbefyzyxlyr.supabase.co/storage/v1/object/public/user-data/groceries.png
Gala Kitchen Sink Shergrip Brush 304,Pc,90,90,0,0,0,https://mbtegbgsvxbefyzyxlyr.supabase.co/storage/v1/object/public/user-data/SQ100019.jpg
Lays STT rs 20,Piece,20,20,90,1800,1800,https://mbtegbgsvxbefyzyxlyr.supabase.co/storage/v1/object/public/user-data/groceries.png
Kurkure GC rs 20,Piece,20,20,90,1800,1800,https://mbtegbgsvxbefyzyxlyr.supabase.co/storage/v1/object/public/user-data/groceries.png
Lays CS rs 20,Piece,20,20,69,1380,1380,https://mbtegbgsvxbefyzyxlyr.supabase.co/storage/v1/object/public/user-data/groceries.png
Kurkure NT rs20,Piece,20,20,168,3360,3360,https://mbtegbgsvxbefyzyxlyr.supabase.co/storage/v1/object/public/user-data/groceries.png
Kurkure PC YC 20rs,Piece,20,20,9,180,180,https://mbtegbgsvxbefyzyxlyr.supabase.co/storage/v1/object/public/user-data/groceries.png
Lays ASCO RS20,Piece,20,20,42,840,840,https://mbtegbgsvxbefyzyxlyr.supabase.co/storage/v1/object/public/user-data/groceries.png
Kurkure Jawar puff rs 10,Piece,10,10,80,800,800,https://mbtegbgsvxbefyzyxlyr.supabase.co/storage/v1/object/public/user-data/groceries.png
Parco Hot Pot,Piece,333,199,5,1665,995,https://mbtegbgsvxbefyzyxlyr.supabase.co/storage/v1/object/public/user-data/groceries.png
Parco Sonnet 4 tiffin,Piece,567,299,10,5670,2990,https://mbtegbgsvxbefyzyxlyr.supabase.co/storage/v1/object/public/user-data/groceries.png
Payal Krack Jack 3,Piece,234,149,8,1872,1192,https://mbtegbgsvxbefyzyxlyr.supabase.co/storage/v1/object/public/user-data/groceries.png
Parco jar 3pcs set,Piece,303,135,0,0,0,https://mbtegbgsvxbefyzyxlyr.supabase.co/storage/v1/object/public/user-data/groceries.png
parco 3pcs set 250ml,Piece,231,110,3,693,330,https://mbtegbgsvxbefyzyxlyr.supabase.co/storage/v1/object/public/user-data/groceries.png
sonal,Piece,100,50,1,100,50,https://mbtegbgsvxbefyzyxlyr.supabase.co/storage/v1/object/public/user-data/groceries.png
easy jar 500ml 3pcs,Piece,159,80,0,0,0,https://mbtegbgsvxbefyzyxlyr.supabase.co/storage/v1/object/public/user-data/groceries.png
skin care box,Piece,56,30,1,56,30,https://mbtegbgsvxbefyzyxlyr.supabase.co/storage/v1/object/public/user-data/groceries.png
reliance Plastic,Piece,128,70,2,256,140,https://mbtegbgsvxbefyzyxlyr.supabase.co/storage/v1/object/public/user-data/groceries.png
Easy Jar 1500ml 3pcs,Piece,399,179,0,0,0,https://mbtegbgsvxbefyzyxlyr.supabase.co/storage/v1/object/public/user-data/groceries.png
easy jar 2000ml 3pcs,Piece,439,199,1,439,199,https://mbtegbgsvxbefyzyxlyr.supabase.co/storage/v1/object/public/user-data/groceries.png
sports bottle,Piece,330,149,2,660,298,https://mbtegbgsvxbefyzyxlyr.supabase.co/storage/v1/object/public/user-data/groceries.png
avengers bottle,Piece,409,199,1,409,199,https://mbtegbgsvxbefyzyxlyr.supabase.co/storage/v1/object/public/user-data/groceries.png
Parco 2+1 lunch box,Piece,573,249,2,1146,498,https://mbtegbgsvxbefyzyxlyr.supabase.co/storage/v1/object/public/user-data/groceries.png
Parco Houseware Daba,Piece,759,299,5,3795,1495,https://mbtegbgsvxbefyzyxlyr.supabase.co/storage/v1/object/public/user-data/groceries.png
Royal Pride 6 Plate set,Piece,200,149,7,1400,1043,https://mbtegbgsvxbefyzyxlyr.supabase.co/storage/v1/object/public/user-data/groceries.png
Starter gift set,Piece,120,99,2,240,198,https://mbtegbgsvxbefyzyxlyr.supabase.co/storage/v1/object/public/user-data/groceries.png
Climax Dinning Set32pcs,Piece,899,599,1,899,599,https://mbtegbgsvxbefyzyxlyr.supabase.co/storage/v1/object/public/user-data/groceries.png
Kama fine china cup set,Piece,99,89,1,99,89,https://mbtegbgsvxbefyzyxlyr.supabase.co/storage/v1/object/public/user-data/groceries.png
American snacks set 2+2,Piece,90,70,15,1350,1050,https://mbtegbgsvxbefyzyxlyr.supabase.co/storage/v1/object/public/user-data/groceries.png
Fluted whiskey glass set,Piece,140,110,2,280,220,https://mbtegbgsvxbefyzyxlyr.supabase.co/storage/v1/object/public/user-data/groceries.png
Dotex water bottle,Piece,199,120,5,995,600,https://mbtegbgsvxbefyzyxlyr.supabase.co/storage/v1/object/public/user-data/groceries.png
bottel rs 25,Piece,50,25,9,450,225,https://mbtegbgsvxbefyzyxlyr.supabase.co/storage/v1/object/public/user-data/groceries.png
body Scrubber,Piece,18,15,8,144,120,https://mbtegbgsvxbefyzyxlyr.supabase.co/storage/v1/object/public/user-data/groceries.png
Chai Spot 9pcs Set,Piece,899,699,1,899,699,https://mbtegbgsvxbefyzyxlyr.supabase.co/storage/v1/object/public/user-data/groceries.png
botanical gift set,Piece,280,180,4,1120,720,https://mbtegbgsvxbefyzyxlyr.supabase.co/storage/v1/object/public/user-data/groceries.png
Beach Candy 7pcs set,Piece,449,299,1,449,299,https://mbtegbgsvxbefyzyxlyr.supabase.co/storage/v1/object/public/user-data/groceries.png
Apex Uttar,Piece,399,299,1,399,299,https://mbtegbgsvxbefyzyxlyr.supabase.co/storage/v1/object/public/user-data/groceries.png
Pearl 12pcs Cup set,Piece,599,349,3,1797,1047,https://mbtegbgsvxbefyzyxlyr.supabase.co/storage/v1/object/public/user-data/groceries.png
Gala sink brush,Piece,105,60,6,630,360,https://mbtegbgsvxbefyzyxlyr.supabase.co/storage/v1/object/public/user-data/groceries.png
Gala Kitchen Moppy,Piece,90,60,5,450,300,https://mbtegbgsvxbefyzyxlyr.supabase.co/storage/v1/object/public/user-data/groceries.png
soup Bowl,Piece,72,35,30,2160,1050,https://mbtegbgsvxbefyzyxlyr.supabase.co/storage/v1/object/public/user-data/groceries.png
veg Bowl 4inch,Piece,50,30,10,500,300,https://mbtegbgsvxbefyzyxlyr.supabase.co/storage/v1/object/public/user-data/groceries.png
silk soup bowl,Piece,72,45,12,864,540,https://mbtegbgsvxbefyzyxlyr.supabase.co/storage/v1/object/public/user-data/groceries.png
Spoon,Piece,40,20,15,600,300,https://mbtegbgsvxbefyzyxlyr.supabase.co/storage/v1/object/public/user-data/groceries.png
Silk Plate,Piece,189,70,13,2457,910,https://mbtegbgsvxbefyzyxlyr.supabase.co/storage/v1/object/public/user-data/groceries.png
Daily Essentials 3pcs Set,Piece,2699,1299,1,2699,1299,https://mbtegbgsvxbefyzyxlyr.supabase.co/storage/v1/object/public/user-data/groceries.png
toor dal 500gm,Piece,90,90,-21,-1890,-1890,https://mbtegbgsvxbefyzyxlyr.supabase.co/storage/v1/object/public/user-data/groceries.png
gav matki 1kg,Piece,200,170,-1,-200,-170,https://mbtegbgsvxbefyzyxlyr.supabase.co/storage/v1/object/public/user-data/groceries.png
gav matki 500gm,Piece,100,90,-4,-400,-360,https://mbtegbgsvxbefyzyxlyr.supabase.co/storage/v1/object/public/user-data/groceries.png
gav matki 200gm,Piece,60,45,-6,-360,-270,https://mbtegbgsvxbefyzyxlyr.supabase.co/storage/v1/object/public/user-data/groceries.png
Patti papad,Piece,50,43,42,2100,1806,https://mbtegbgsvxbefyzyxlyr.supabase.co/storage/v1/object/public/user-data/groceries.png
Aer Power Pocket,Pc,60,60,-6,-360,-360,https://mbtegbgsvxbefyzyxlyr.supabase.co/storage/v1/object/public/user-data/40045754_5-aer-power-pocket-long-lasting-bathroom-fragrance-sea-breeze.jpg
gillate guard,Piece,52,45,-6,-312,-270,https://mbtegbgsvxbefyzyxlyr.supabase.co/storage/v1/object/public/user-data/groceries.png
Suhana meat/mutton masala 10g,Pc,10,10,-3,-30,-30,https://mbtegbgsvxbefyzyxlyr.supabase.co/storage/v1/object/public/user-data/Suhana_meat_mutton_masala_10g_1678609457637.png
5 star,Piece,5,5,-14,-70,-70,https://mbtegbgsvxbefyzyxlyr.supabase.co/storage/v1/object/public/user-data/groceries.png
NIRMA WASHING POWDER 500G,Pc,24,24,-4,-96,-96,https://mbtegbgsvxbefyzyxlyr.supabase.co/storage/v1/object/public/user-data/scaled_image_picker1917069353408139067.jpg
Toor Dal 1kg,Kg,190,140,13,2470,1820,https://mbtegbgsvxbefyzyxlyr.supabase.co/storage/v1/object/public/user-data/groceries.png
tide fresh and clean 1kg,Piece,84,81,-2,-168,-162,https://mbtegbgsvxbefyzyxlyr.supabase.co/storage/v1/object/public/user-data/groceries.png
moong Dal.,Kg,150,120,30,4500,3600,https://mbtegbgsvxbefyzyxlyr.supabase.co/storage/v1/object/public/user-data/groceries.png
Khobra.,Kg,400,360,15,6000,5400,https://mbtegbgsvxbefyzyxlyr.supabase.co/storage/v1/object/public/user-data/groceries.png
Shengdane.,Piece,200,170,50,10000,8500,https://mbtegbgsvxbefyzyxlyr.supabase.co/storage/v1/object/public/user-data/groceries.png
Camel Bharda,Piece,50,41,30,1500,1230,https://mbtegbgsvxbefyzyxlyr.supabase.co/storage/v1/object/public/user-data/groceries.png
Spotzero sponge,Piece,28,26,-8,-224,-208,https://mbtegbgsvxbefyzyxlyr.supabase.co/storage/v1/object/public/user-data/groceries.png
SAHYADRI ELAICHI TEA 500GM,Piece,215,200,0,0,0,https://mbtegbgsvxbefyzyxlyr.supabase.co/storage/v1/object/public/user-data/groceries.png
Sahyadri Elaichi tea rs10,Piece,10,10,35,350,350,https://mbtegbgsvxbefyzyxlyr.supabase.co/storage/v1/object/public/user-data/groceries.png
Parivar 250gm,Piece,150,145,15,2250,2175,https://mbtegbgsvxbefyzyxlyr.supabase.co/storage/v1/object/public/user-data/groceries.png
Sahyadri Elaichi Tea 1kg,Piece,380,349,2,760,698,https://mbtegbgsvxbefyzyxlyr.supabase.co/storage/v1/object/public/user-data/groceries.png
Parivar 100gm,Piece,55,53,3,165,159,https://mbtegbgsvxbefyzyxlyr.supabase.co/storage/v1/object/public/user-data/groceries.png
Suhana Masala,Pc,36,36,-5,-180,-180,https://mbtegbgsvxbefyzyxlyr.supabase.co/storage/v1/object/public/user-data/40102445_2-suhana-masala-sambar.jpg
Mahavir Golden Dates 500G,Pc,99,99,0,0,0,https://mbtegbgsvxbefyzyxlyr.supabase.co/storage/v1/object/public/user-data/groceries.png
Suhana Masala,Pc,41,41,-7,-287,-287,https://mbtegbgsvxbefyzyxlyr.supabase.co/storage/v1/object/public/user-data/50000327_2-suhana-masala-pavbhaji.jpg
Tic Tac Orange 7.2 Gm,Pc,10,10,-7,-70,-70,https://mbtegbgsvxbefyzyxlyr.supabase.co/storage/v1/object/public/user-data/SQ103852.jpg
shengdane 1kg,Piece,200,170,-59,-11800,-10030,https://mbtegbgsvxbefyzyxlyr.supabase.co/storage/v1/object/public/user-data/groceries.png
tomato twist 102gm,Piece,110,100,-1,-110,-100,https://mbtegbgsvxbefyzyxlyr.supabase.co/storage/v1/object/public/user-data/groceries.png
Camlin Mechanical Pencil 1N,Pc,25,25,-3,-75,-75,https://mbtegbgsvxbefyzyxlyr.supabase.co/storage/v1/object/public/user-data/groceries.png
khandeshi 50gm,Piece,75,72,-11,-825,-792,https://mbtegbgsvxbefyzyxlyr.supabase.co/storage/v1/object/public/user-data/groceries.png
javas 100gm,Piece,28,15,-2,-56,-30,https://mbtegbgsvxbefyzyxlyr.supabase.co/storage/v1/object/public/user-data/groceries.png
Top Ramen Cup Noodle Mazedar Masala,Pc,50,50,-1,-50,-50,https://mbtegbgsvxbefyzyxlyr.supabase.co/storage/v1/object/public/user-data/SQ104816.jpg
anjeer 50gm,Piece,80,69,-1,-80,-69,https://mbtegbgsvxbefyzyxlyr.supabase.co/storage/v1/object/public/user-data/groceries.png
Suger (Chinni) 1kg,Pc,47,47,-8,-376,-376,https://mbtegbgsvxbefyzyxlyr.supabase.co/storage/v1/object/public/user-data/groceries.png
Joy Pure Aloe Multi-Benefit Skin Cream 50 ml,Pc,48,48,-2,-96,-96,https://mbtegbgsvxbefyzyxlyr.supabase.co/storage/v1/object/public/user-data/40157240_2-joy-pure-aloe-multi-benefit-skin-cream.jpg
samrat maida 500gm,Piece,44,25,-4,-176,-100,https://mbtegbgsvxbefyzyxlyr.supabase.co/storage/v1/object/public/user-data/groceries.png
suhana supar garam masala,Piece,10,10,-5,-50,-50,https://mbtegbgsvxbefyzyxlyr.supabase.co/storage/v1/object/public/user-data/groceries.png
suhana muten 12gm,Piece,10,10,-2,-20,-20,https://mbtegbgsvxbefyzyxlyr.supabase.co/storage/v1/object/public/user-data/groceries.png
suhana goda masala 200gm,Piece,85,80,-2,-170,-160,https://mbtegbgsvxbefyzyxlyr.supabase.co/storage/v1/object/public/user-data/groceries.png
mahabar advanced 250gm,Piece,60,57,-4,-240,-228,https://mbtegbgsvxbefyzyxlyr.supabase.co/storage/v1/object/public/user-data/groceries.png
squeaky combo,Piece,150,110,-2,-300,-220,https://mbtegbgsvxbefyzyxlyr.supabase.co/storage/v1/object/public/user-data/groceries.png
mohari barik 50g,Piece,15,12,-2,-30,-24,https://mbtegbgsvxbefyzyxlyr.supabase.co/storage/v1/object/public/user-data/groceries.png
Dettol Skincare Everyday Protection Ph Balanced Handwash 200Ml + 175Ml,Pc,99,99,-2,-198,-198,File: '/storage/emulated/0/Android/data/com.apnidukan.my_app/files/Pictures/scaled_image_picker1419024637735362447.jpg'
suhana chat masala 50gm,Piece,44,39,8,352,312,https://mbtegbgsvxbefyzyxlyr.supabase.co/storage/v1/object/public/user-data/groceries.png
jolly,Piece,5,5,-10,-50,-50,https://mbtegbgsvxbefyzyxlyr.supabase.co/storage/v1/object/public/user-data/groceries.png
dhana 50gm,Piece,21,19,-12,-252,-228,https://mbtegbgsvxbefyzyxlyr.supabase.co/storage/v1/object/public/user-data/groceries.png
Lion Dates 500 g Pouch,Pc,186,93,-13,-2418,-1209,https://mbtegbgsvxbefyzyxlyr.supabase.co/storage/v1/object/public/user-data/163578_1-lion-dates.jpg
snac tac 900gm,Piece,87,80,-1,-87,-80,https://mbtegbgsvxbefyzyxlyr.supabase.co/storage/v1/object/public/user-data/groceries.png
yippee 435.6gm,Piece,90,88,-2,-180,-176,https://mbtegbgsvxbefyzyxlyr.supabase.co/storage/v1/object/public/user-data/groceries.png
Suhana Masala,Pc,28,28,-3,-84,-84,https://mbtegbgsvxbefyzyxlyr.supabase.co/storage/v1/object/public/user-data/50000328_2-suhana-masala-sabji.jpg
Complan Nutrition & Health Drink Royale,Pc,140,140,-1,-140,-140,https://mbtegbgsvxbefyzyxlyr.supabase.co/storage/v1/object/public/user-data/284782_7-complan-nutrition-health-drink-royale-chocolate.jpg
kashmir mirchi 50gm,Piece,57,54,-4,-228,-216,https://mbtegbgsvxbefyzyxlyr.supabase.co/storage/v1/object/public/user-data/groceries.png
watana white 200gm,Piece,28,18,-3,-84,-54,https://mbtegbgsvxbefyzyxlyr.supabase.co/storage/v1/object/public/user-data/groceries.png
Suger (Chinni) 1kg,Piece,47,44,-10,-470,-440,https://mbtegbgsvxbefyzyxlyr.supabase.co/storage/v1/object/public/user-data/groceries.png
Sprite 20,Pc,20,20,-2,-40,-40,https://mbtegbgsvxbefyzyxlyr.supabase.co/storage/v1/object/public/user-data/groceries.png
Fena Detergent Powder,Pc,30,30,-1,-30,-30,https://mbtegbgsvxbefyzyxlyr.supabase.co/storage/v1/object/public/user-data/40121125_3-fena-detergent-powder-rose-chandan.jpg
suhana chat masala 50gm,Piece,44,39,-1,-44,-39,https://mbtegbgsvxbefyzyxlyr.supabase.co/storage/v1/object/public/user-data/groceries.png
Sani Fresh Ultra Shine Toilet Cleaner Get Free Odonil 2N x 500 Ml,Pc,154,154,-1,-154,-154,https://mbtegbgsvxbefyzyxlyr.supabase.co/storage/v1/object/public/user-data/scaled_image_picker6993060718881174359.jpg
jira pawder 50gm,Piece,55,52,-2,-110,-104,https://mbtegbgsvxbefyzyxlyr.supabase.co/storage/v1/object/public/user-data/groceries.png
masur dal à¥¨à¥¦à¥¦gm,Piece,30,28,-10,-300,-280,https://mbtegbgsvxbefyzyxlyr.supabase.co/storage/v1/object/public/user-data/groceries.png
Suhana Masala,Pc,224,224,-6,-1344,-1344,https://mbtegbgsvxbefyzyxlyr.supabase.co/storage/v1/object/public/user-data/40050533_3-suhana-masala-biryani.jpg
Gowardhan Pure Cow Ghee 200ml,Pc,199,189,-6,-1194,-1134,https://mbtegbgsvxbefyzyxlyr.supabase.co/storage/v1/object/public/user-data/Gowardhan_Pure_Cow_Ghee_200ml_1652598713765.png
Oral Rehydration salt IP 21g,Pc,21,21,0,0,0,https://mbtegbgsvxbefyzyxlyr.supabase.co/storage/v1/object/public/user-data/Oral_Rehydration_salt_IP_21g_1675582678287.png
sunsilk 180ml,Piece,158,151,-1,-158,-151,https://mbtegbgsvxbefyzyxlyr.supabase.co/storage/v1/object/public/user-data/groceries.png
vim neem 500ml,Piece,156,145,-1,-156,-145,https://mbtegbgsvxbefyzyxlyr.supabase.co/storage/v1/object/public/user-data/groceries.png
Comfort Fabric Conditioner Lily Fresh 860 ml,Pc,235,220,-1,-235,-220,https://mbtegbgsvxbefyzyxlyr.supabase.co/storage/v1/object/public/user-data/groceries.png
camlin whiteboard marker,Piece,25,15,-2,-50,-30,https://mbtegbgsvxbefyzyxlyr.supabase.co/storage/v1/object/public/user-data/groceries.png
Divya Jwar Nashak Vati 40 Tab,Pc,0,0,-2,0,0,https://mbtegbgsvxbefyzyxlyr.supabase.co/storage/v1/object/public/user-data/groceries.png
Suhana Paneer Makhanwala Mix 50 g Carton,Pc,40,40,-2,-80,-80,https://mbtegbgsvxbefyzyxlyr.supabase.co/storage/v1/object/public/user-data/50000332_2-suhana-paneer-makhanwala-mix.jpg
Gowardhn Pure Cow Ghee 500ml,Pc,380,380,0,0,0,https://mbtegbgsvxbefyzyxlyr.supabase.co/storage/v1/object/public/user-data/scaled_image_picker7326760445773289194.jpg
Gowardhn Pure Cow Ghee 500ml,Pc,415,405,-7,-2905,-2835,https://mbtegbgsvxbefyzyxlyr.supabase.co/storage/v1/object/public/user-data/scaled_image_picker7326760445773289194.jpg
Suhana meat/mutton masala 10g,Piece,10,10,-1,-10,-10,https://mbtegbgsvxbefyzyxlyr.supabase.co/storage/v1/object/public/user-data/groceries.png
Lizol Disinfectant Surface Cleaner 200ML,Pc,45,45,-2,-90,-90,https://mbtegbgsvxbefyzyxlyr.supabase.co/storage/v1/object/public/user-data/scaled_image_picker1177568806588980914.jpg
STAYFREE Tampons,Pc,36,36,-1,-36,-36,https://mbtegbgsvxbefyzyxlyr.supabase.co/storage/v1/object/public/user-data/40133722_1-stayfree-tampons-heavy-flow.jpg
kashmiri mitha50g,Piece,26,24,-1,-26,-24,https://mbtegbgsvxbefyzyxlyr.supabase.co/storage/v1/object/public/user-data/groceries.png
pat kesh kanti,Piece,1,1,-14,-14,-14,https://mbtegbgsvxbefyzyxlyr.supabase.co/storage/v1/object/public/user-data/groceries.png
suhana goda masala 100gm,Piece,44,42,-1,-44,-42,https://mbtegbgsvxbefyzyxlyr.supabase.co/storage/v1/object/public/user-data/groceries.png
Coca cola 250 ml,Pc,20,20,-2,-40,-40,https://mbtegbgsvxbefyzyxlyr.supabase.co/storage/v1/object/public/user-data/groceries.png
tic tac,Piece,10,10,-4,-40,-40,https://mbtegbgsvxbefyzyxlyr.supabase.co/storage/v1/object/public/user-data/groceries.png
Hershey's choco delight,Piece,10,10,-2,-20,-20,https://mbtegbgsvxbefyzyxlyr.supabase.co/storage/v1/object/public/user-data/groceries.png
fortune chakki fresh atta 5kg,Piece,277,235,-1,-277,-235,https://mbtegbgsvxbefyzyxlyr.supabase.co/storage/v1/object/public/user-data/groceries.png
ravimagic gulab jam,Piece,160,80,-3,-480,-240,https://mbtegbgsvxbefyzyxlyr.supabase.co/storage/v1/object/public/user-data/groceries.png
Gala Microfibre Duster 1 pc,Pc,150,150,-1,-150,-150,https://mbtegbgsvxbefyzyxlyr.supabase.co/storage/v1/object/public/user-data/40156173_2-gala-microfibre-duster.jpg
Camlin White Glue Strong Bond 25 g,Pc,10,10,-1,-10,-10,https://mbtegbgsvxbefyzyxlyr.supabase.co/storage/v1/object/public/user-data/Camlin_White_Glue_Strong_Bond_25_g_1648713265324.png
Pro nature organic chana sattu 250g,Pc,68,68,-1,-68,-68,https://mbtegbgsvxbefyzyxlyr.supabase.co/storage/v1/object/public/user-data/groceries.png
Pro nature organic chana sattu 250g,Pc,68,68,-1,-68,-68,https://mbtegbgsvxbefyzyxlyr.supabase.co/storage/v1/object/public/user-data/groceries.png
Pro nature organic chana sattu 250g,Pc,68,68,-1,-68,-68,https://mbtegbgsvxbefyzyxlyr.supabase.co/storage/v1/object/public/user-data/groceries.png
rajbhog Makhana 250gm,Piece,600,290,-1,-600,-290,https://mbtegbgsvxbefyzyxlyr.supabase.co/storage/v1/object/public/user-data/groceries.png
bhaiya cleaning powder,Piece,30,25,-14,-420,-350,https://mbtegbgsvxbefyzyxlyr.supabase.co/storage/v1/object/public/user-data/groceries.png
Surf Excel Easy Wash 500 g,Pc,72,72,-12,-864,-864,https://mbtegbgsvxbefyzyxlyr.supabase.co/storage/v1/object/public/user-data/groceries.png
comfort fabric conditioner morning fresh860ml,Piece,235,230,-1,-235,-230,https://mbtegbgsvxbefyzyxlyr.supabase.co/storage/v1/object/public/user-data/groceries.png
suhana kichen king  masala 50gm,Piece,48,44,-1,-48,-44,https://mbtegbgsvxbefyzyxlyr.supabase.co/storage/v1/object/public/user-data/groceries.png
good day 150gm,Piece,25,24,-2,-50,-48,https://mbtegbgsvxbefyzyxlyr.supabase.co/storage/v1/object/public/user-data/groceries.png
streax NB 12ml,Piece,15,15,-2,-30,-30,https://mbtegbgsvxbefyzyxlyr.supabase.co/storage/v1/object/public/user-data/groceries.png
suhana shejzwan chilli garlic,Piece,69,65,-1,-69,-65,https://mbtegbgsvxbefyzyxlyr.supabase.co/storage/v1/object/public/user-data/groceries.png
Pears Pure & Gentle Shower Gel,Pc,135,135,-2,-270,-270,https://mbtegbgsvxbefyzyxlyr.supabase.co/storage/v1/object/public/user-data/SQ101025.jpg
Colgate maxfresh freshment mouthwash 250ml,Piece,185,180,-1,-185,-180,https://mbtegbgsvxbefyzyxlyr.supabase.co/storage/v1/object/public/user-data/groceries.png
Trushine Glass cleaner combo,Piece,216,99,13,2808,1287,https://mbtegbgsvxbefyzyxlyr.supabase.co/storage/v1/object/public/user-data/groceries.png
Trushine Bathroom Combo,Piece,198,93,20,3960,1860,https://mbtegbgsvxbefyzyxlyr.supabase.co/storage/v1/object/public/user-data/groceries.png
Trushine 3in 1 combo,Piece,312,99,15,4680,1485,https://mbtegbgsvxbefyzyxlyr.supabase.co/storage/v1/object/public/user-data/groceries.png
Trushine Toilet combo,Piece,186,84,8,1488,672,https://mbtegbgsvxbefyzyxlyr.supabase.co/storage/v1/object/public/user-data/groceries.png
Trushine Drainon 50gm,Piece,36,20,181,6516,3620,https://mbtegbgsvxbefyzyxlyr.supabase.co/storage/v1/object/public/user-data/groceries.png
Trushine Floor cleaner pink,Piece,108,90,2,216,180,https://mbtegbgsvxbefyzyxlyr.supabase.co/storage/v1/object/public/user-data/groceries.png
Trushine floor cleaner jasmine,Piece,108,90,0,0,0,https://mbtegbgsvxbefyzyxlyr.supabase.co/storage/v1/object/public/user-data/groceries.png
Trushine Floor cleaner lemon,Piece,198,90,3,594,270,https://mbtegbgsvxbefyzyxlyr.supabase.co/storage/v1/object/public/user-data/groceries.png
suhana motton rassa 25gm,Piece,30,29,0,0,0,https://mbtegbgsvxbefyzyxlyr.supabase.co/storage/v1/object/public/user-data/groceries.png
suhana chhole masala10g,Piece,10,10,-1,-10,-10,https://mbtegbgsvxbefyzyxlyr.supabase.co/storage/v1/object/public/user-data/groceries.png
sonpapadi,Piece,80,75,-3,-240,-225,https://mbtegbgsvxbefyzyxlyr.supabase.co/storage/v1/object/public/user-data/groceries.png
active wheel 2in1 1Kg,Piece,76,71,-1,-76,-71,https://mbtegbgsvxbefyzyxlyr.supabase.co/storage/v1/object/public/user-data/groceries.png
Maggi Atta Noodles-72.5 grams,Pc,112,112,-4,-448,-448,https://mbtegbgsvxbefyzyxlyr.supabase.co/storage/v1/object/public/user-data/groceries.png
gala supar scrub,Piece,45,30,-1,-45,-30,https://mbtegbgsvxbefyzyxlyr.supabase.co/storage/v1/object/public/user-data/groceries.png
Garnier Natural Deep Black 1 Hair Colour,Pc,37,37,-2,-74,-74,https://mbtegbgsvxbefyzyxlyr.supabase.co/storage/v1/object/public/user-data/SQ103918.jpg
gemini sunflower 15L,Piece,2900,2449,1,2900,2449,https://mbtegbgsvxbefyzyxlyr.supabase.co/storage/v1/object/public/user-data/groceries.png
can wax crayon 10n,Piece,10,10,-1,-10,-10,https://mbtegbgsvxbefyzyxlyr.supabase.co/storage/v1/object/public/user-data/groceries.png
cam grip pro,Piece,30,30,-1,-30,-30,https://mbtegbgsvxbefyzyxlyr.supabase.co/storage/v1/object/public/user-data/groceries.png
Pravin Mango Pickle 250 g,Pc,70,65,-4,-280,-260,https://mbtegbgsvxbefyzyxlyr.supabase.co/storage/v1/object/public/user-data/scaled_image_picker663622273099845464.jpg
Chings red chilli sauce 200g,Pc,60,60,-1,-60,-60,https://mbtegbgsvxbefyzyxlyr.supabase.co/storage/v1/object/public/user-data/groceries.png
Gits Mix,Pc,90,90,-1,-90,-90,https://mbtegbgsvxbefyzyxlyr.supabase.co/storage/v1/object/public/user-data/100112462_2-gits-mix-rabdi.jpg
vita marie gold 166gm,Piece,30,29,-2,-60,-58,https://mbtegbgsvxbefyzyxlyr.supabase.co/storage/v1/object/public/user-data/groceries.png
Yardley London Elegance Deodorizing Talc 100G,Pc,125,125,-1,-125,-125,https://mbtegbgsvxbefyzyxlyr.supabase.co/storage/v1/object/public/user-data/scaled_image_picker5700631828182388838.png
spotzero power scrub,Piece,40,30,-13,-520,-390,https://mbtegbgsvxbefyzyxlyr.supabase.co/storage/v1/object/public/user-data/groceries.png
Suhana Spice Mix,Pc,50,50,-1,-50,-50,https://mbtegbgsvxbefyzyxlyr.supabase.co/storage/v1/object/public/user-data/40057205_3-suhana-spice-mix-chicken-tandoori-paste.jpg
Dettol Original Everyday Protection Liquid Handwash ( Buy 2 Get 1 Free )(3U x 175ml),Pc,99,99,-1,-99,-99,https://mbtegbgsvxbefyzyxlyr.supabase.co/storage/v1/object/public/user-data/scaled_image_picker5495797387525530883.jpg
dhanasoun 50gm,Piece,25,24,-15,-375,-360,https://mbtegbgsvxbefyzyxlyr.supabase.co/storage/v1/object/public/user-data/groceries.png
Pampers Happy Skin Pants Anti Rash Lotion With Aloe vera 8 Pants,Pc,99,91,-2,-198,-182,https://mbtegbgsvxbefyzyxlyr.supabase.co/storage/v1/object/public/user-data/scaled_image_picker5006835780088801388.jpg
Bottel brush with sponge,Piece,90,75,9,810,675,https://mbtegbgsvxbefyzyxlyr.supabase.co/storage/v1/object/public/user-data/groceries.png
Airavat pre.grass broom,Piece,250,199,11,2750,2189,https://mbtegbgsvxbefyzyxlyr.supabase.co/storage/v1/object/public/user-data/groceries.png
Sponge Wipe 3Pcs set,Piece,180,129,7,1260,903,https://mbtegbgsvxbefyzyxlyr.supabase.co/storage/v1/object/public/user-data/groceries.png
Spotzero Shubhra pre.,Piece,235,159,12,2820,1908,https://mbtegbgsvxbefyzyxlyr.supabase.co/storage/v1/object/public/user-data/groceries.png
Spotzero toilet brush caddy round,Piece,250,180,6,1500,1080,https://mbtegbgsvxbefyzyxlyr.supabase.co/storage/v1/object/public/user-data/groceries.png
Spotzero Multipurpose work top,Piece,160,99,10,1600,990,https://mbtegbgsvxbefyzyxlyr.supabase.co/storage/v1/object/public/user-data/groceries.png
Mozaic Bathroom Set,Piece,1115,599,4,4460,2396,https://mbtegbgsvxbefyzyxlyr.supabase.co/storage/v1/object/public/user-data/groceries.png
gav . mirchi 200gm,Piece,80,55,-2,-160,-110,https://mbtegbgsvxbefyzyxlyr.supabase.co/storage/v1/object/public/user-data/groceries.png
gav.mirchi 100gm,Piece,45,30,-3,-135,-90,https://mbtegbgsvxbefyzyxlyr.supabase.co/storage/v1/object/public/user-data/groceries.png
gahu daliya 200gm,Piece,30,30,-4,-120,-120,https://mbtegbgsvxbefyzyxlyr.supabase.co/storage/v1/object/public/user-data/groceries.png
gahu daliya 500gm,Piece,50,25,-12,-600,-300,https://mbtegbgsvxbefyzyxlyr.supabase.co/storage/v1/object/public/user-data/groceries.png
sunflower seeds 200gm,Piece,90,70,-3,-270,-210,https://mbtegbgsvxbefyzyxlyr.supabase.co/storage/v1/object/public/user-data/groceries.png
sunflower seeds 100gm,Piece,60,40,-14,-840,-560,https://mbtegbgsvxbefyzyxlyr.supabase.co/storage/v1/object/public/user-data/groceries.png
pampkin seeds 200gm,Piece,149,119,-2,-298,-238,https://mbtegbgsvxbefyzyxlyr.supabase.co/storage/v1/object/public/user-data/groceries.png
pumpin seeds 100gm,Piece,70,60,-20,-1400,-1200,https://mbtegbgsvxbefyzyxlyr.supabase.co/storage/v1/object/public/user-data/groceries.png
Star fool 10gm,Piece,25,16,-11,-275,-176,https://mbtegbgsvxbefyzyxlyr.supabase.co/storage/v1/object/public/user-data/groceries.png
mohari jad 50gm,Piece,20,10,-8,-160,-80,https://mbtegbgsvxbefyzyxlyr.supabase.co/storage/v1/object/public/user-data/groceries.png
mohari jad 100gm,Piece,20,16,-7,-140,-112,https://mbtegbgsvxbefyzyxlyr.supabase.co/storage/v1/object/public/user-data/groceries.png
Santoor Total Skin Care With Sandal & Turmeric 41g Pack Of 4,Pc,40,40,-6,-240,-240,https://mbtegbgsvxbefyzyxlyr.supabase.co/storage/v1/object/public/user-data/scaled_image_picker5756386331074202915.jpg
Surya Candel,Pc,56,56,-1,-56,-56,https://mbtegbgsvxbefyzyxlyr.supabase.co/storage/v1/object/public/user-data/groceries.png
Suhana Paneer Masala 50g,Pc,46,46,-1,-46,-46,https://mbtegbgsvxbefyzyxlyr.supabase.co/storage/v1/object/public/user-data/scaled_image_picker7168193991949737931.jpg
plix,Piece,199,185,-3,-597,-555,https://mbtegbgsvxbefyzyxlyr.supabase.co/storage/v1/object/public/user-data/groceries.png
Harpic Bathroom cleaner,Pc,58,55,-1,-58,-55,https://mbtegbgsvxbefyzyxlyr.supabase.co/storage/v1/object/public/user-data/groceries.png
DHANA 200GM,Piece,150,99,-1,-150,-99,https://mbtegbgsvxbefyzyxlyr.supabase.co/storage/v1/object/public/user-data/groceries.png
DYANGANGA UTANE,Piece,20,17,-1,-20,-17,https://mbtegbgsvxbefyzyxlyr.supabase.co/storage/v1/object/public/user-data/groceries.png
chavli 200gm,Piece,35,30,-2,-70,-60,https://mbtegbgsvxbefyzyxlyr.supabase.co/storage/v1/object/public/user-data/groceries.png
kali miri 10gm,Piece,30,13,-4,-120,-52,https://mbtegbgsvxbefyzyxlyr.supabase.co/storage/v1/object/public/user-data/groceries.png
hershey s 180gm,Piece,97,92,-1,-97,-92,https://mbtegbgsvxbefyzyxlyr.supabase.co/storage/v1/object/public/user-data/groceries.png
Shree paras levender 226,Piece,200,149,-1,-200,-149,https://mbtegbgsvxbefyzyxlyr.supabase.co/storage/v1/object/public/user-data/groceries.png
sattu chana 500gm,Piece,75,60,-6,-450,-360,https://mbtegbgsvxbefyzyxlyr.supabase.co/storage/v1/object/public/user-data/groceries.png
Godrej No.1 Bathing Soap,Pc,120,120,-1,-120,-120,https://mbtegbgsvxbefyzyxlyr.supabase.co/storage/v1/object/public/user-data/40007007_4-godrej-no1-bathing-soap-jasmine-milk-cream.jpg
trishul harpik combo,Piece,198,148,-2,-396,-296,https://mbtegbgsvxbefyzyxlyr.supabase.co/storage/v1/object/public/user-data/groceries.png
masala elaichi 10gm,Piece,40,35,-2,-80,-70,https://mbtegbgsvxbefyzyxlyr.supabase.co/storage/v1/object/public/user-data/groceries.png
Suhana Masala,Pc,36,36,-5,-180,-180,https://mbtegbgsvxbefyzyxlyr.supabase.co/storage/v1/object/public/user-data/50000326_2-suhana-masala-kitchen-king.jpg
sansodayne 40gm,Piece,95,90,-2,-190,-180,https://mbtegbgsvxbefyzyxlyr.supabase.co/storage/v1/object/public/user-data/groceries.png
Dettol Hand Wash Liquid Refill,Pc,40,40,-5,-200,-200,https://mbtegbgsvxbefyzyxlyr.supabase.co/storage/v1/object/public/user-data/groceries.png
Park Avenue 4N 125gm= 500gm,Piece,240,228,-1,-240,-228,https://mbtegbgsvxbefyzyxlyr.supabase.co/storage/v1/object/public/user-data/groceries.png
Pears Pure & Gentle Shower Gel,Pc,135,135,-1,-135,-135,https://mbtegbgsvxbefyzyxlyr.supabase.co/storage/v1/object/public/user-data/SQ101025.jpg
Camlin White Glue Strong Bond 25 g,Pc,10,10,-7,-70,-70,https://mbtegbgsvxbefyzyxlyr.supabase.co/storage/v1/object/public/user-data/Camlin_White_Glue_Strong_Bond_25_g_1648713265324.png
Gopi Kishan Kali mooch,Piece,85,74,-31.5,-2677.5,-2331,https://mbtegbgsvxbefyzyxlyr.supabase.co/storage/v1/object/public/user-data/groceries.png
society rs 20,Piece,20,20,14,280,280,https://mbtegbgsvxbefyzyxlyr.supabase.co/storage/v1/object/public/user-data/groceries.png
friendly notebook,Piece,20,15,-1,-20,-15,https://mbtegbgsvxbefyzyxlyr.supabase.co/storage/v1/object/public/user-data/groceries.png
Society Tea 1 kg Pouch,Pc,520,520,0,0,0,https://mbtegbgsvxbefyzyxlyr.supabase.co/storage/v1/object/public/user-data/271089_3-society-tea.jpg
Society Tea 1 kg Pouch,Piece,620,559,4,2480,2236,https://mbtegbgsvxbefyzyxlyr.supabase.co/storage/v1/object/public/user-data/groceries.png
suhana sabji masala 200g,Piece,139,134,-1,-139,-134,https://mbtegbgsvxbefyzyxlyr.supabase.co/storage/v1/object/public/user-data/groceries.png
ambari goda masala 200gm,Piece,85,78,-5,-425,-390,https://mbtegbgsvxbefyzyxlyr.supabase.co/storage/v1/object/public/user-data/groceries.png
suhana chat masala 50gm,Piece,44,39,-2,-88,-78,https://mbtegbgsvxbefyzyxlyr.supabase.co/storage/v1/object/public/user-data/groceries.png
Society tea 500gm,Piece,310,295,3,930,885,https://mbtegbgsvxbefyzyxlyr.supabase.co/storage/v1/object/public/user-data/groceries.png
Society tea 250gm,Piece,155,140,9,1395,1260,https://mbtegbgsvxbefyzyxlyr.supabase.co/storage/v1/object/public/user-data/groceries.png
mawa cake wala,Piece,80,60,56,4480,3360,https://mbtegbgsvxbefyzyxlyr.supabase.co/storage/v1/object/public/user-data/groceries.png
Daawat Basmati Rice,Pc,110,110,-1,-110,-110,https://mbtegbgsvxbefyzyxlyr.supabase.co/storage/v1/object/public/user-data/255851_3-daawat-basmati-rice-devaaya.jpg
mawa cake wala,Piece,80,60,-23,-1840,-1380,https://mbtegbgsvxbefyzyxlyr.supabase.co/storage/v1/object/public/user-data/groceries.png
Camlin Exam Scale 30cm,Pc,12,12,-6,-72,-72,https://mbtegbgsvxbefyzyxlyr.supabase.co/storage/v1/object/public/user-data/Camlin_Exam_Scale_30cm_1673350388998.png
CHANA DAL 500GM,Piece,60,60,-9,-540,-540,https://mbtegbgsvxbefyzyxlyr.supabase.co/storage/v1/object/public/user-data/groceries.png
biryani masala 20gm,Piece,30,28,-1,-30,-28,https://mbtegbgsvxbefyzyxlyr.supabase.co/storage/v1/object/public/user-data/groceries.png
medimix 75Ã6 gm,Piece,190,180,-2,-380,-360,https://mbtegbgsvxbefyzyxlyr.supabase.co/storage/v1/object/public/user-data/groceries.png
9Star Kardai Oil 910gm,Piece,480,375,12,5760,4500,https://mbtegbgsvxbefyzyxlyr.supabase.co/storage/v1/object/public/user-data/groceries.png
9Star Sunflowers 910gm,Piece,400,349,1,400,349,https://mbtegbgsvxbefyzyxlyr.supabase.co/storage/v1/object/public/user-data/groceries.png
9Star Shengdane Oil 910gm,Piece,400,349,2,800,698,https://mbtegbgsvxbefyzyxlyr.supabase.co/storage/v1/object/public/user-data/groceries.png
Shana 200gm,Piece,52,38,-2,-104,-76,https://mbtegbgsvxbefyzyxlyr.supabase.co/storage/v1/object/public/user-data/groceries.png
Sani fresh 520ml,Piece,130,124,-1,-130,-124,https://mbtegbgsvxbefyzyxlyr.supabase.co/storage/v1/object/public/user-data/groceries.png
biine,Piece,99,94,0,0,0,https://mbtegbgsvxbefyzyxlyr.supabase.co/storage/v1/object/public/user-data/groceries.png
oral b 1n,Piece,25,22,-1,-25,-22,https://mbtegbgsvxbefyzyxlyr.supabase.co/storage/v1/object/public/user-data/groceries.png
9Star Shengdane Oil 910gm,Piece,400,349,1,400,349,https://mbtegbgsvxbefyzyxlyr.supabase.co/storage/v1/object/public/user-data/groceries.png
Clean & Clear foaming face wash 50 ml,Pc,95,95,-2,-190,-190,https://mbtegbgsvxbefyzyxlyr.supabase.co/storage/v1/object/public/user-data/groceries.png
Nivea Body Lotion For Very Dry Skin,Pc,299,299,-1,-299,-299,https://mbtegbgsvxbefyzyxlyr.supabase.co/storage/v1/object/public/user-data/40078004_4-nivea-body-lotion-for-very-dry-skin-cocoa-nourish-with-coconut-oil-cocoa-butter-for-men-women.jpg
Camlin Supreme XL All Clear Eraser 1N,Pc,5,5,-6,-30,-30,https://mbtegbgsvxbefyzyxlyr.supabase.co/storage/v1/object/public/user-data/Camlin_Supreme_XL_All_Clear_Eraser_1N_1673336669738.png
Camlin Exam Scale 15cm,Pc,5,5,-5,-25,-25,https://mbtegbgsvxbefyzyxlyr.supabase.co/storage/v1/object/public/user-data/Camlin_Exam_Scale_15cm_1648710899995.png
Suhana Misal Masala 10g,Pc,10,10,-4,-40,-40,File: '/storage/emulated/0/Android/data/com.apnidukan.my_app/files/Pictures/scaled_image_picker2173039312153401767.png'
Ram bandhu mango pickle 1kg,Pc,262,135,-1,-262,-135,https://mbtegbgsvxbefyzyxlyr.supabase.co/storage/v1/object/public/user-data/Ram_bandhu_mango_pickle_1kg_1675764347742.png
moong 1kg,Piece,150,120,-6,-900,-720,https://mbtegbgsvxbefyzyxlyr.supabase.co/storage/v1/object/public/user-data/groceries.png
ambari mirchi powder 1kg,Piece,465,435,-2,-930,-870,https://mbtegbgsvxbefyzyxlyr.supabase.co/storage/v1/object/public/user-data/groceries.png
sport zone combo pack,Piece,200,190,-1,-200,-190,https://mbtegbgsvxbefyzyxlyr.supabase.co/storage/v1/object/public/user-data/groceries.png
Nirma Mix 1kg,Piece,80,60,24,1920,1440,https://mbtegbgsvxbefyzyxlyr.supabase.co/storage/v1/object/public/user-data/groceries.png
SUHANA KANDA LASUN 500GM,Piece,165,158,-1,-165,-158,https://mbtegbgsvxbefyzyxlyr.supabase.co/storage/v1/object/public/user-data/groceries.png
suhana fish curry masala,Piece,10,10,-21,-210,-210,https://mbtegbgsvxbefyzyxlyr.supabase.co/storage/v1/object/public/user-data/groceries.png
gillate guard,Piece,98,93,-3,-294,-279,https://mbtegbgsvxbefyzyxlyr.supabase.co/storage/v1/object/public/user-data/groceries.png
Lizol disinfectant surface cleaner jas 1L,Piece,246,239,10,2460,2390,https://mbtegbgsvxbefyzyxlyr.supabase.co/storage/v1/object/public/user-data/groceries.png
Brit jimjam 100gm,Piece,22.5,22,12,270,264,https://mbtegbgsvxbefyzyxlyr.supabase.co/storage/v1/object/public/user-data/groceries.png
Brit.pure magic 69gm,Piece,40,38,16,640,608,https://mbtegbgsvxbefyzyxlyr.supabase.co/storage/v1/object/public/user-data/groceries.png
Brit.little heart 79gm,Piece,30,28,36,1080,1008,https://mbtegbgsvxbefyzyxlyr.supabase.co/storage/v1/object/public/user-data/groceries.png
Brit.winkin cow choco 180ml,Piece,37,35,9,333,315,https://mbtegbgsvxbefyzyxlyr.supabase.co/storage/v1/object/public/user-data/groceries.png
maggi Masala a magic 72gm,Piece,60,58,14,840,812,https://mbtegbgsvxbefyzyxlyr.supabase.co/storage/v1/object/public/user-data/groceries.png
Brit.marie gold 950gm,Piece,145,140,-1,-145,-140,https://mbtegbgsvxbefyzyxlyr.supabase.co/storage/v1/object/public/user-data/groceries.png
Pringles sour cream & onion flavour 107gm,Piece,110,105,0,0,0,https://mbtegbgsvxbefyzyxlyr.supabase.co/storage/v1/object/public/user-data/groceries.png
Brit Winkin cow strawberry 180ml,Piece,37,35,9,333,315,https://mbtegbgsvxbefyzyxlyr.supabase.co/storage/v1/object/public/user-data/groceries.png
Gala Orbit Deck Mop 1N,Pc,195,195,-1,-195,-195,https://mbtegbgsvxbefyzyxlyr.supabase.co/storage/v1/object/public/user-data/Gala_Orbit_Deck_Mop_1N_1674290728060.png
dr.oteker Funfoods ori veg mayonnaise 800gm,Piece,187,170,5,935,850,https://mbtegbgsvxbefyzyxlyr.supabase.co/storage/v1/object/public/user-data/groceries.png
Rin Refresh Lemon & Rose Detergent Powder 1 kg,Pc,80,80,-12,-960,-960,https://mbtegbgsvxbefyzyxlyr.supabase.co/storage/v1/object/public/user-data/267012_9-rin-refresh-lemon-rose-detergent-powder.jpg
Brit.pure magic 69gm,Piece,40,38,6,240,228,https://mbtegbgsvxbefyzyxlyr.supabase.co/storage/v1/object/public/user-data/groceries.png
Brit.milk bikis 100gm,Piece,30,29,20,600,580,https://mbtegbgsvxbefyzyxlyr.supabase.co/storage/v1/object/public/user-data/groceries.png
Lizol Disinfectant Surface & Floor Cleaner Liquid,Pc,125,125,-2,-250,-250,https://mbtegbgsvxbefyzyxlyr.supabase.co/storage/v1/object/public/user-data/263753_11-lizol-disinfectant-surface-floor-cleaner-liquid-citrus-kills-999-germs.jpg
Brit Nice time 136.5gm,Piece,22.5,22.5,24,540,540,https://mbtegbgsvxbefyzyxlyr.supabase.co/storage/v1/object/public/user-data/groceries.png
Brit.marie gold 950gm,Piece,145,140,5,725,700,https://mbtegbgsvxbefyzyxlyr.supabase.co/storage/v1/object/public/user-data/groceries.png
double diamond 500gm,Piece,100,60,-1,-100,-60,https://mbtegbgsvxbefyzyxlyr.supabase.co/storage/v1/object/public/user-data/groceries.png
Brit.marie gold 950gm,Piece,145,140,5,725,700,https://mbtegbgsvxbefyzyxlyr.supabase.co/storage/v1/object/public/user-data/groceries.png
Pond's Starlight Perfumed Talcum Powder Orchid & Jasmine Notes 100g,Pc,132,132,0,0,0,https://mbtegbgsvxbefyzyxlyr.supabase.co/storage/v1/object/public/user-data/Pond_s_Starlight_Perfumed_Talcum_Powder_Orchid_Jasmine_Notes_100g_1674800931750.png
ponds dreamflower 40gm,Piece,53,52,17,901,884,https://mbtegbgsvxbefyzyxlyr.supabase.co/storage/v1/object/public/user-data/groceries.png
dr.oetker tandoori veg mayonnaise 250gm,Piece,93,88,5,465,440,https://mbtegbgsvxbefyzyxlyr.supabase.co/storage/v1/object/public/user-data/groceries.png
Brit Marie gold 190gm,Piece,30,28,24,720,672,https://mbtegbgsvxbefyzyxlyr.supabase.co/storage/v1/object/public/user-data/groceries.png
Brit.good day cashew 90.5gm,Piece,20,20,24,480,480,https://mbtegbgsvxbefyzyxlyr.supabase.co/storage/v1/object/public/user-data/groceries.png
Brit.Nutri Choice 91.7gm,Piece,25,24,14,350,336,https://mbtegbgsvxbefyzyxlyr.supabase.co/storage/v1/object/public/user-data/groceries.png
Brit.good day cashew 90.5gm,Piece,20,20,60,1200,1200,https://mbtegbgsvxbefyzyxlyr.supabase.co/storage/v1/object/public/user-data/groceries.png
Brit.the ori bourbon 100gm,Piece,20,20,60,1200,1200,https://mbtegbgsvxbefyzyxlyr.supabase.co/storage/v1/object/public/user-data/groceries.png
Brit.Marie gold 250gm,Piece,40,39,21,840,819,https://mbtegbgsvxbefyzyxlyr.supabase.co/storage/v1/object/public/user-data/groceries.png
Brit.toastea pre.250gm,Piece,50,48,6,300,288,https://mbtegbgsvxbefyzyxlyr.supabase.co/storage/v1/object/public/user-data/groceries.png
Pears Oil Control soap 75gm,Pc,63,63,-2,-126,-126,https://mbtegbgsvxbefyzyxlyr.supabase.co/storage/v1/object/public/user-data/Pears_Oil_Control_soap_75gm_1684056459166.png
maggi pichkoo imli 80gm,Piece,22,22,15,330,330,https://mbtegbgsvxbefyzyxlyr.supabase.co/storage/v1/object/public/user-data/groceries.png
Brit.treat choco 50gm,Piece,10,10,42,420,420,https://mbtegbgsvxbefyzyxlyr.supabase.co/storage/v1/object/public/user-data/groceries.png
Pringles pizza flavour 102gm,Piece,110,105,2,220,210,https://mbtegbgsvxbefyzyxlyr.supabase.co/storage/v1/object/public/user-data/groceries.png
dr.oetker funfoods ori veg mayonnaise 50gm,Piece,25,23,14,350,322,https://mbtegbgsvxbefyzyxlyr.supabase.co/storage/v1/object/public/user-data/groceries.png
Nissin korean chicken noodle 80gm,Piece,52,50,15,780,750,https://mbtegbgsvxbefyzyxlyr.supabase.co/storage/v1/object/public/user-data/groceries.png
Hellmanns real mayonnaise 250gm,Piece,90,79,8,720,632,https://mbtegbgsvxbefyzyxlyr.supabase.co/storage/v1/object/public/user-data/groceries.png
Brit.toastea pre.250gm,Piece,50,48,8,400,384,https://mbtegbgsvxbefyzyxlyr.supabase.co/storage/v1/object/public/user-data/groceries.png
maggi 2minute noodles 150gm,Piece,30,30,48,1440,1440,https://mbtegbgsvxbefyzyxlyr.supabase.co/storage/v1/object/public/user-data/groceries.png
maggi 2minute noodles 70gm,Piece,15,15,96,1440,1440,https://mbtegbgsvxbefyzyxlyr.supabase.co/storage/v1/object/public/user-data/groceries.png
Brit.50-50 sweet&salty 188gm,Piece,35,33,17,595,561,https://mbtegbgsvxbefyzyxlyr.supabase.co/storage/v1/object/public/user-data/groceries.png
maggi 2minute noodles 70gm,Piece,15,15,17,255,255,https://mbtegbgsvxbefyzyxlyr.supabase.co/storage/v1/object/public/user-data/groceries.png
Pond's Starlight Perfumed Talcum Powder Orchid & Jasmine Notes 100g,Piece,132,120,8,1056,960,https://mbtegbgsvxbefyzyxlyr.supabase.co/storage/v1/object/public/user-data/groceries.png
harpic lemon fresh bathroom cle 250ml,Piece,61,60,1,61,60,https://mbtegbgsvxbefyzyxlyr.supabase.co/storage/v1/object/public/user-data/groceries.png
Nirma yellow powder 500gm,Piece,33,32,24,792,768,https://mbtegbgsvxbefyzyxlyr.supabase.co/storage/v1/object/public/user-data/groceries.png
jimjam 62gm,Piece,10,10,39,390,390,https://mbtegbgsvxbefyzyxlyr.supabase.co/storage/v1/object/public/user-data/groceries.png
nirma detergent powder 1kg,Piece,66,64,11,726,704,https://mbtegbgsvxbefyzyxlyr.supabase.co/storage/v1/object/public/user-data/groceries.png
lizol citrus disinfectant surface cleaner,Piece,169,164,10,1690,1640,https://mbtegbgsvxbefyzyxlyr.supabase.co/storage/v1/object/public/user-data/groceries.png
dettol skincare liquid handwash 875ml,Piece,155,145,5,775,725,https://mbtegbgsvxbefyzyxlyr.supabase.co/storage/v1/object/public/user-data/groceries.png
ponds magic talc 50gm,Piece,62,60,19,1178,1140,https://mbtegbgsvxbefyzyxlyr.supabase.co/storage/v1/object/public/user-data/groceries.png
Dove Go fresh 75 gm Bar,Piece,67,62,24,1608,1488,https://mbtegbgsvxbefyzyxlyr.supabase.co/storage/v1/object/public/user-data/groceries.png
Britannia Bourbon Cream Biscuit,Pc,20,20,-32,-640,-640,https://mbtegbgsvxbefyzyxlyr.supabase.co/storage/v1/object/public/user-data/100286220_8-britannia-bourbon-cream-biscuit-chocolate-flavour.jpg
Happy Dent Rs 5,Pc,5,5,-1,-5,-5,https://mbtegbgsvxbefyzyxlyr.supabase.co/storage/v1/object/public/user-data/groceries.png
Aseel Kimia 500gm,Piece,320,169,45,14400,7605,https://mbtegbgsvxbefyzyxlyr.supabase.co/storage/v1/object/public/user-data/groceries.png
jokar.pre.lachkari rice,Kg,80,70,-3,-240,-210,https://mbtegbgsvxbefyzyxlyr.supabase.co/storage/v1/object/public/user-data/groceries.png
Sunny Sun lite 860gm,Piece,185,155,22,4070,3410,https://mbtegbgsvxbefyzyxlyr.supabase.co/storage/v1/object/public/user-data/groceries.png
Sunny Soya 800gm,Piece,165,132,24,3960,3168,https://mbtegbgsvxbefyzyxlyr.supabase.co/storage/v1/object/public/user-data/groceries.png
sargam plus1.2kg,Piece,52,48,7,364,336,https://mbtegbgsvxbefyzyxlyr.supabase.co/storage/v1/object/public/user-data/groceries.png
sargam 230gm rs 10,Piece,10,10,120,1200,1200,https://mbtegbgsvxbefyzyxlyr.supabase.co/storage/v1/object/public/user-data/groceries.png
Match box,Pc,1,1,-5,-5,-5,https://mbtegbgsvxbefyzyxlyr.supabase.co/storage/v1/object/public/user-data/groceries.png
harpic 500.ml,Piece,115,110,-8,-920,-880,https://mbtegbgsvxbefyzyxlyr.supabase.co/storage/v1/object/public/user-data/groceries.png
Pantene Hairfall Control Shampoo 180 ml,Pc,189,170,-3,-567,-510,https://mbtegbgsvxbefyzyxlyr.supabase.co/storage/v1/object/public/user-data/groceries.png
Johnson's baby No More Tears Baby Shampoo 50 ml,Pc,60,60,-1,-60,-60,https://mbtegbgsvxbefyzyxlyr.supabase.co/storage/v1/object/public/user-data/261018_13-johnsons-baby-no-more-tears-baby-shampoo.jpg
whisper xl 12pads,Piece,75,71,-1,-75,-71,https://mbtegbgsvxbefyzyxlyr.supabase.co/storage/v1/object/public/user-data/groceries.png
Lifebuoy Care 41 g,Pc,10,10,-1,-10,-10,https://mbtegbgsvxbefyzyxlyr.supabase.co/storage/v1/object/public/user-data/Lifebuoy_Care_41_g_1664883085995.png
Colgate Max fresh 10/-,Pc,10,10,-1,-10,-10,https://mbtegbgsvxbefyzyxlyr.supabase.co/storage/v1/object/public/user-data/Colgate_Max_fresh_10_-_1715172491225.png
Nivea body milk 50ml,Piece,55,50,3,165,150,https://mbtegbgsvxbefyzyxlyr.supabase.co/storage/v1/object/public/user-data/groceries.png
Nivea Body Milk 75ml,Piece,85,75,3,255,225,https://mbtegbgsvxbefyzyxlyr.supabase.co/storage/v1/object/public/user-data/groceries.png
Nivea Shea Smooth 75ml,Piece,115,99,3,345,297,https://mbtegbgsvxbefyzyxlyr.supabase.co/storage/v1/object/public/user-data/groceries.png
Nivea cocoa Nourish 75ml,Piece,115,99,1,115,99,https://mbtegbgsvxbefyzyxlyr.supabase.co/storage/v1/object/public/user-data/groceries.png
Nivea express hydration 75ml,Piece,115,99,3,345,297,https://mbtegbgsvxbefyzyxlyr.supabase.co/storage/v1/object/public/user-data/groceries.png
Nivea Aloe Hydration 75ml,Piece,99,89,3,297,267,https://mbtegbgsvxbefyzyxlyr.supabase.co/storage/v1/object/public/user-data/groceries.png
Nivea cocoa nourish 200ml,Piece,330,299,3,990,897,https://mbtegbgsvxbefyzyxlyr.supabase.co/storage/v1/object/public/user-data/groceries.png
Nivea Body milk lotion 400ml,Piece,520,449,3,1560,1347,https://mbtegbgsvxbefyzyxlyr.supabase.co/storage/v1/object/public/user-data/groceries.png
Nivea shea Smooth 400ml,Piece,564,469,3,1692,1407,https://mbtegbgsvxbefyzyxlyr.supabase.co/storage/v1/object/public/user-data/groceries.png
Nivea Cocoa Nourish 400ml,Piece,565,469,2,1130,938,https://mbtegbgsvxbefyzyxlyr.supabase.co/storage/v1/object/public/user-data/groceries.png
Nivea Soft 25ml,Piece,55,49,9,495,441,https://mbtegbgsvxbefyzyxlyr.supabase.co/storage/v1/object/public/user-data/groceries.png
Nivea Soft 100ml,Piece,265,249,2,530,498,https://mbtegbgsvxbefyzyxlyr.supabase.co/storage/v1/object/public/user-data/groceries.png
Nivea Soft 200ml,Piece,400,349,1,400,349,https://mbtegbgsvxbefyzyxlyr.supabase.co/storage/v1/object/public/user-data/groceries.png
Nivea All in 1 Facewash 50gm,Piece,135,123,3,405,369,https://mbtegbgsvxbefyzyxlyr.supabase.co/storage/v1/object/public/user-data/groceries.png
Nivea Dark Spot 50gm,Piece,119,105,3,357,315,https://mbtegbgsvxbefyzyxlyr.supabase.co/storage/v1/object/public/user-data/groceries.png
Nivea oil Control FW 50gm,Piece,110,105,3,330,315,https://mbtegbgsvxbefyzyxlyr.supabase.co/storage/v1/object/public/user-data/groceries.png
Garnier Men Acno Fight FW 25gm,Piece,69,65,2,138,130,https://mbtegbgsvxbefyzyxlyr.supabase.co/storage/v1/object/public/user-data/groceries.png
Garnier men duo foam 25gm,Piece,69,65,2,138,130,https://mbtegbgsvxbefyzyxlyr.supabase.co/storage/v1/object/public/user-data/groceries.png
Garnier Men Acnofight 50gm,Piece,115,109,2,230,218,https://mbtegbgsvxbefyzyxlyr.supabase.co/storage/v1/object/public/user-data/groceries.png
Garnier Men Turbo Bright Duo form 50gm,Piece,129,119,2,258,238,https://mbtegbgsvxbefyzyxlyr.supabase.co/storage/v1/object/public/user-data/groceries.png
Garnier men oil clear FW 50gm,Piece,125,119,2,250,238,https://mbtegbgsvxbefyzyxlyr.supabase.co/storage/v1/object/public/user-data/groceries.png
Garnier Men Acnofight 100gm,Piece,279,259,3,837,777,https://mbtegbgsvxbefyzyxlyr.supabase.co/storage/v1/object/public/user-data/groceries.png
Garnier men x2 turbofight 100gm,Piece,299,279,3,897,837,https://mbtegbgsvxbefyzyxlyr.supabase.co/storage/v1/object/public/user-data/groceries.png
Garnier men duo form turbofight 100gm,Piece,299,279,3,897,837,https://mbtegbgsvxbefyzyxlyr.supabase.co/storage/v1/object/public/user-data/groceries.png
Garnier men turbo bright 50gm,Piece,125,119,2,250,238,https://mbtegbgsvxbefyzyxlyr.supabase.co/storage/v1/object/public/user-data/groceries.png
Loreal TR5 80ml,Piece,80,77,3,240,231,https://mbtegbgsvxbefyzyxlyr.supabase.co/storage/v1/object/public/user-data/groceries.png
Loreal 6oil shamp 82.5ml,Piece,99,99,3,297,297,https://mbtegbgsvxbefyzyxlyr.supabase.co/storage/v1/object/public/user-data/groceries.png
Loreal Fall resist 3X 80ml,Piece,95,95,3,285,285,https://mbtegbgsvxbefyzyxlyr.supabase.co/storage/v1/object/public/user-data/groceries.png
Loreal Colour Protect 80ml,Piece,99,97,0,0,0,https://mbtegbgsvxbefyzyxlyr.supabase.co/storage/v1/object/public/user-data/groceries.png
Loreal Dream Length 82.5ml,Piece,99,92,3,297,276,https://mbtegbgsvxbefyzyxlyr.supabase.co/storage/v1/object/public/user-data/groceries.png
Loreal HM 80ml,Piece,105,104,3,315,312,https://mbtegbgsvxbefyzyxlyr.supabase.co/storage/v1/object/public/user-data/groceries.png
Loreal Hyaluron pure 80ml,Piece,90,90,3,270,270,https://mbtegbgsvxbefyzyxlyr.supabase.co/storage/v1/object/public/user-data/groceries.png
LoReal Glycolic gloss 80ml,Piece,105,105,3,315,315,https://mbtegbgsvxbefyzyxlyr.supabase.co/storage/v1/object/public/user-data/groceries.png
Loreal TR5 Cond 70ml,Piece,119,115,3,357,345,https://mbtegbgsvxbefyzyxlyr.supabase.co/storage/v1/object/public/user-data/groceries.png
LoReal Fall resist cond 71.5ml,Piece,119,115,3,357,345,https://mbtegbgsvxbefyzyxlyr.supabase.co/storage/v1/object/public/user-data/groceries.png
Loreal colour protect cond 71.5ml,Piece,119,115,3,357,345,https://mbtegbgsvxbefyzyxlyr.supabase.co/storage/v1/object/public/user-data/groceries.png
LoReal Dream length cond 71.5ml,Piece,119,105,3,357,315,https://mbtegbgsvxbefyzyxlyr.supabase.co/storage/v1/object/public/user-data/groceries.png
Loreal HM cond 70ml,Piece,129,122,3,387,366,https://mbtegbgsvxbefyzyxlyr.supabase.co/storage/v1/object/public/user-data/groceries.png
Loreal Glycolic glass cond 70ml,Piece,129,122,3,387,366,https://mbtegbgsvxbefyzyxlyr.supabase.co/storage/v1/object/public/user-data/groceries.png
LoReal TR 5 Shampoo 200ml,Piece,189,188,3,567,564,https://mbtegbgsvxbefyzyxlyr.supabase.co/storage/v1/object/public/user-data/groceries.png
Loreal 6oil Shampoo 175ml,Piece,189,188,3,567,564,https://mbtegbgsvxbefyzyxlyr.supabase.co/storage/v1/object/public/user-data/groceries.png
Garnier Color Natural Darkest Brown No 3,Pc,89,89,-1,-89,-89,https://mbtegbgsvxbefyzyxlyr.supabase.co/storage/v1/object/public/user-data/Garnier_Color_Natural_Darkest_Brown_No_3_1682846481129.png
LoReal Fall resist 200ml,Piece,219,219,3,657,657,https://mbtegbgsvxbefyzyxlyr.supabase.co/storage/v1/object/public/user-data/groceries.png
Loreal Color protect 180ml,Piece,219,199,2,438,398,https://mbtegbgsvxbefyzyxlyr.supabase.co/storage/v1/object/public/user-data/groceries.png
Dream lengthy Shampoo 200ml,Piece,190,179,3,570,537,https://mbtegbgsvxbefyzyxlyr.supabase.co/storage/v1/object/public/user-data/groceries.png
LoReal HM shampoo 175ml,Piece,209,199,3,627,597,https://mbtegbgsvxbefyzyxlyr.supabase.co/storage/v1/object/public/user-data/groceries.png
LoReal Glycolic glass 200ml,Piece,239,229,3,717,687,https://mbtegbgsvxbefyzyxlyr.supabase.co/storage/v1/object/public/user-data/groceries.png
Loreal TR5 Cond 180ml,Piece,279,265,3,837,795,https://mbtegbgsvxbefyzyxlyr.supabase.co/storage/v1/object/public/user-data/groceries.png
Loreal 6oil cond 175ml,Piece,279,265,3,837,795,https://mbtegbgsvxbefyzyxlyr.supabase.co/storage/v1/object/public/user-data/groceries.png
Loreal Fall resist 175ml,Piece,279,265,3,837,795,https://mbtegbgsvxbefyzyxlyr.supabase.co/storage/v1/object/public/user-data/groceries.png
Loreal Colour protect cond 180ml,Piece,269,249,3,807,747,https://mbtegbgsvxbefyzyxlyr.supabase.co/storage/v1/object/public/user-data/groceries.png
Loreal Dream Length cond 175ml,Piece,279,269,3,837,807,https://mbtegbgsvxbefyzyxlyr.supabase.co/storage/v1/object/public/user-data/groceries.png
loreal Hyaluron moisture cond 175ml,Piece,299,280,3,897,840,https://mbtegbgsvxbefyzyxlyr.supabase.co/storage/v1/object/public/user-data/groceries.png
LoReal Glycolic gloss cond 175ml,Piece,299,280,3,897,840,https://mbtegbgsvxbefyzyxlyr.supabase.co/storage/v1/object/public/user-data/groceries.png
Garnier vit C serum 15ml,Piece,299,280,2,598,560,https://mbtegbgsvxbefyzyxlyr.supabase.co/storage/v1/object/public/user-data/groceries.png
Gar. Nat. Black,Piece,35,35,15,525,525,https://mbtegbgsvxbefyzyxlyr.supabase.co/storage/v1/object/public/user-data/groceries.png
Garnier Nat Black 20ml+20g,Piece,45,42,18,810,756,https://mbtegbgsvxbefyzyxlyr.supabase.co/storage/v1/object/public/user-data/groceries.png
Garnier Black Nat 20ml+20g,Piece,45,42,20,900,840,https://mbtegbgsvxbefyzyxlyr.supabase.co/storage/v1/object/public/user-data/groceries.png
Garnier Nat.Black no 3,Piece,45,42,20,900,840,https://mbtegbgsvxbefyzyxlyr.supabase.co/storage/v1/object/public/user-data/groceries.png
Garnier Black Nat Burgundy,Piece,45,42,16,720,672,https://mbtegbgsvxbefyzyxlyr.supabase.co/storage/v1/object/public/user-data/groceries.png
Garnier Shampoo Colour Shade 3,Pc,39,39,0,0,0,https://mbtegbgsvxbefyzyxlyr.supabase.co/storage/v1/object/public/user-data/image_picker_1CCE7F92-63B8-4A9A-A854-566AC6502629-3213-0000022C99A7E888.jpg
Garnier shampoo colour BB 10ml+10ml,Piece,35,33,16,560,528,https://mbtegbgsvxbefyzyxlyr.supabase.co/storage/v1/object/public/user-data/groceries.png
Garnier Shampoo colour 3.16 Burgundy,Piece,35,33,16,560,528,https://mbtegbgsvxbefyzyxlyr.supabase.co/storage/v1/object/public/user-data/groceries.png
Garnier 3.16 Burgundy 30ml+30gm,Piece,99,95,3,297,285,https://mbtegbgsvxbefyzyxlyr.supabase.co/storage/v1/object/public/user-data/groceries.png
Garnier 3 darkest brown 35ml+30gm,Piece,99,95,3,297,285,https://mbtegbgsvxbefyzyxlyr.supabase.co/storage/v1/object/public/user-data/groceries.png
Garnier 1Nat Black 35ml+30gm,Piece,99,95,3,297,285,https://mbtegbgsvxbefyzyxlyr.supabase.co/storage/v1/object/public/user-data/groceries.png
Garnier Color Naturals,Pc,180,180,0,0,0,https://mbtegbgsvxbefyzyxlyr.supabase.co/storage/v1/object/public/user-data/40147933_5-garnier-color-naturals-creme-hair-color.jpg
Garnier 3 darkest Brown 70ml+60gm,Piece,229,220,3,687,660,https://mbtegbgsvxbefyzyxlyr.supabase.co/storage/v1/object/public/user-data/groceries.png
Garnier Nat.Black 70ml+60gm,Piece,229,220,3,687,660,https://mbtegbgsvxbefyzyxlyr.supabase.co/storage/v1/object/public/user-data/groceries.png
everyuth walnut scrub 7gm,Piece,15,15,11,165,165,https://mbtegbgsvxbefyzyxlyr.supabase.co/storage/v1/object/public/user-data/groceries.png
everyuth tan removal choco cherry 7gm,Piece,20,19,12,240,228,https://mbtegbgsvxbefyzyxlyr.supabase.co/storage/v1/object/public/user-data/groceries.png
everyuth Tan removel 9gm,Piece,20,19,10,200,190,https://mbtegbgsvxbefyzyxlyr.supabase.co/storage/v1/object/public/user-data/groceries.png
everyuth Golden Glow mask 8gm,Piece,20,19,12,240,228,https://mbtegbgsvxbefyzyxlyr.supabase.co/storage/v1/object/public/user-data/groceries.png
everyuth Golden Glow peel of mask 25gm,Piece,59,56,3,177,168,https://mbtegbgsvxbefyzyxlyr.supabase.co/storage/v1/object/public/user-data/groceries.png
everyuth tan removel 25gm,Piece,70,65,3,210,195,https://mbtegbgsvxbefyzyxlyr.supabase.co/storage/v1/object/public/user-data/groceries.png
everyuth Golden Glow 50gm,Piece,110,99,3,330,297,https://mbtegbgsvxbefyzyxlyr.supabase.co/storage/v1/object/public/user-data/groceries.png
everyuth Walnut scrub 50g+50g free,Piece,110,105,3,330,315,https://mbtegbgsvxbefyzyxlyr.supabase.co/storage/v1/object/public/user-data/groceries.png
Parachute Advansed Jasmine Non Sticky Coconut Hair Oil 190 ml,Pc,87,87,-1,-87,-87,https://mbtegbgsvxbefyzyxlyr.supabase.co/storage/v1/object/public/user-data/263884_4-parachute-advansed-jasmine-non-sticky-coconut-hair-oil.jpg
wheel 2in1 40gm rs 10,Piece,10,10,96,960,960,https://mbtegbgsvxbefyzyxlyr.supabase.co/storage/v1/object/public/user-data/groceries.png
Red Label 100gm,Piece,50,48,18,900,864,https://mbtegbgsvxbefyzyxlyr.supabase.co/storage/v1/object/public/user-data/groceries.png
Dove cond her 75ml,Piece,120,110,1,120,110,https://mbtegbgsvxbefyzyxlyr.supabase.co/storage/v1/object/public/user-data/groceries.png
Dove Cond her biopro 75ml,Piece,120,110,3,360,330,https://mbtegbgsvxbefyzyxlyr.supabase.co/storage/v1/object/public/user-data/groceries.png
Dove Hair Fall rescue 75ml,Piece,60,56,4,240,224,https://mbtegbgsvxbefyzyxlyr.supabase.co/storage/v1/object/public/user-data/groceries.png
Catch Chana Masala 100 g Carton,Pc,63,63,-1,-63,-63,https://mbtegbgsvxbefyzyxlyr.supabase.co/storage/v1/object/public/user-data/100099598_7-catch-chana-masala.jpg
Gagan Garam masala khada 10rs,Pc,10,10,-7,-70,-70,https://mbtegbgsvxbefyzyxlyr.supabase.co/storage/v1/object/public/user-data/groceries.png
Malkist cheese 144gm,Piece,45,41,45,2025,1845,https://mbtegbgsvxbefyzyxlyr.supabase.co/storage/v1/object/public/user-data/groceries.png
Malkist Chocolate 144gm,Piece,45,41,52,2340,2132,https://mbtegbgsvxbefyzyxlyr.supabase.co/storage/v1/object/public/user-data/groceries.png
Act popcorn golden sizzle 35gm,Piece,10,10,46,460,460,https://mbtegbgsvxbefyzyxlyr.supabase.co/storage/v1/object/public/user-data/groceries.png
Act popcorn classic salted,Piece,10,10,41,410,410,https://mbtegbgsvxbefyzyxlyr.supabase.co/storage/v1/object/public/user-data/groceries.png
Suhana byadangi 50gm,Piece,46,42,-1,-46,-42,https://mbtegbgsvxbefyzyxlyr.supabase.co/storage/v1/object/public/user-data/groceries.png
Suhana papad rs10,Piece,10,10,52,520,520,https://mbtegbgsvxbefyzyxlyr.supabase.co/storage/v1/object/public/user-data/groceries.png
Ambari KLM 100gm,Piece,35,32,8,280,256,https://mbtegbgsvxbefyzyxlyr.supabase.co/storage/v1/object/public/user-data/groceries.png
Suhana Egg curry masala rs10,Piece,10,10,60,600,600,https://mbtegbgsvxbefyzyxlyr.supabase.co/storage/v1/object/public/user-data/groceries.png
ambari KLM 500gm,Piece,165,149,4,660,596,https://mbtegbgsvxbefyzyxlyr.supabase.co/storage/v1/object/public/user-data/groceries.png
Suhana Sambar Masala 200gm,Piece,152,140,12,1824,1680,https://mbtegbgsvxbefyzyxlyr.supabase.co/storage/v1/object/public/user-data/groceries.png
ambari goda masala 100gm,Piece,48,44,7,336,308,https://mbtegbgsvxbefyzyxlyr.supabase.co/storage/v1/object/public/user-data/groceries.png
ambari goda masala 50gm,Piece,24,22,19,456,418,https://mbtegbgsvxbefyzyxlyr.supabase.co/storage/v1/object/public/user-data/groceries.png
Tea Masala rs10,Piece,10,10,15,150,150,https://mbtegbgsvxbefyzyxlyr.supabase.co/storage/v1/object/public/user-data/groceries.png
Tang Mango 500g,Pc,170,160,-1,-170,-160,https://mbtegbgsvxbefyzyxlyr.supabase.co/storage/v1/object/public/user-data/groceries.png
Suhana Super garam masala 10rs,Piece,10,10,17,170,170,https://mbtegbgsvxbefyzyxlyr.supabase.co/storage/v1/object/public/user-data/groceries.png
Suhana Sambar masala rs10,Piece,10,10,45,450,450,https://mbtegbgsvxbefyzyxlyr.supabase.co/storage/v1/object/public/user-data/groceries.png
DETOL SOAP 51,Pc,51,51,-1,-51,-51,https://mbtegbgsvxbefyzyxlyr.supabase.co/storage/v1/object/public/user-data/groceries.png
Johnson's baby No More Tears Baby Shampoo 100 ml,Pc,95,95,-1,-95,-95,https://mbtegbgsvxbefyzyxlyr.supabase.co/storage/v1/object/public/user-data/261016_14-johnsons-baby-no-more-tears-baby-shampoo.jpg
Ambari KLM 200gm,Piece,67,62,20,1340,1240,https://mbtegbgsvxbefyzyxlyr.supabase.co/storage/v1/object/public/user-data/groceries.png
Godrej Cinthol Lime 40g,Pc,10,10,-4,-40,-40,https://mbtegbgsvxbefyzyxlyr.supabase.co/storage/v1/object/public/user-data/Godrej_Cinthol_Lime_40g_1664879510313.png
Vedant Dishwash 1L,Piece,85,55,23,1955,1265,https://mbtegbgsvxbefyzyxlyr.supabase.co/storage/v1/object/public/user-data/groceries.png
camel drawing kit,Piece,149,129,-1,-149,-129,https://mbtegbgsvxbefyzyxlyr.supabase.co/storage/v1/object/public/user-data/groceries.png
Dettol Original Hand Wash Liquid Pump 200 ml,Pc,99,99,-1,-99,-99,https://mbtegbgsvxbefyzyxlyr.supabase.co/storage/v1/object/public/user-data/groceries.png
Divya Jwar Nashak Vati 40 Tab,Pc,55,55,-8,-440,-440,https://mbtegbgsvxbefyzyxlyr.supabase.co/storage/v1/object/public/user-data/groceries.png
Everest Hing 10gm,Piece,30,26,35,1050,910,https://mbtegbgsvxbefyzyxlyr.supabase.co/storage/v1/object/public/user-data/groceries.png
Everest hing 25gm,Piece,51,45,11,561,495,https://mbtegbgsvxbefyzyxlyr.supabase.co/storage/v1/object/public/user-data/groceries.png
Everest Hing 50gm,Piece,96,85,11,1056,935,https://mbtegbgsvxbefyzyxlyr.supabase.co/storage/v1/object/public/user-data/groceries.png
Everest milk masala 10gm,Piece,43,41,10,430,410,https://mbtegbgsvxbefyzyxlyr.supabase.co/storage/v1/object/public/user-data/groceries.png
Streax Hair natural black No 3. 30ml,Pc,25,22,-3,-75,-66,https://mbtegbgsvxbefyzyxlyr.supabase.co/storage/v1/object/public/user-data/Streax_Hair_natural_black_No_3._30ml_1711112038229.png
Everest milk masala 20gm,Piece,82,80,10,820,800,https://mbtegbgsvxbefyzyxlyr.supabase.co/storage/v1/object/public/user-data/groceries.png
Everest saffron 0.5gm,Piece,210,160,10,2100,1600,https://mbtegbgsvxbefyzyxlyr.supabase.co/storage/v1/object/public/user-data/groceries.png
Everest Ginger Garlic Paste 100gm,Piece,23,21,22,506,462,https://mbtegbgsvxbefyzyxlyr.supabase.co/storage/v1/object/public/user-data/groceries.png
Everest Ginger Garlic Paste 200gm,Piece,47,40,12,564,480,https://mbtegbgsvxbefyzyxlyr.supabase.co/storage/v1/object/public/user-data/groceries.png
Everest Pasta Masala rs5,Piece,5,5,63,315,315,https://mbtegbgsvxbefyzyxlyr.supabase.co/storage/v1/object/public/user-data/groceries.png
Everest Peri Peri Masala rs5,Piece,5,5,73,365,365,https://mbtegbgsvxbefyzyxlyr.supabase.co/storage/v1/object/public/user-data/groceries.png
Everest mutton curry mix 80gm,Piece,50,46,10,500,460,https://mbtegbgsvxbefyzyxlyr.supabase.co/storage/v1/object/public/user-data/groceries.png
Everest Chiken curry mix 80gm,Piece,50,46,10,500,460,https://mbtegbgsvxbefyzyxlyr.supabase.co/storage/v1/object/public/user-data/groceries.png
Everest Butter Chicken mix 50gm,Piece,45,40,5,225,200,https://mbtegbgsvxbefyzyxlyr.supabase.co/storage/v1/object/public/user-data/groceries.png
Paneer Butter Masala mix 50gm,Piece,45,41,5,225,205,https://mbtegbgsvxbefyzyxlyr.supabase.co/storage/v1/object/public/user-data/groceries.png
Everest Coriander powder 50gm,Piece,20,19,16,320,304,https://mbtegbgsvxbefyzyxlyr.supabase.co/storage/v1/object/public/user-data/groceries.png
Everest Coriander powder 100gm,Piece,40,38,8,320,304,https://mbtegbgsvxbefyzyxlyr.supabase.co/storage/v1/object/public/user-data/groceries.png
Everest Coriander Powder 200gm,Piece,80,75,8,640,600,https://mbtegbgsvxbefyzyxlyr.supabase.co/storage/v1/object/public/user-data/groceries.png
Everest KLM 50gm,Piece,18,17,20,360,340,https://mbtegbgsvxbefyzyxlyr.supabase.co/storage/v1/object/public/user-data/groceries.png
Everest KLM 100gm,Piece,34,30,23,782,690,https://mbtegbgsvxbefyzyxlyr.supabase.co/storage/v1/object/public/user-data/groceries.png
Everest Sambar Masala 200gm,Piece,158,149,4,632,596,https://mbtegbgsvxbefyzyxlyr.supabase.co/storage/v1/object/public/user-data/groceries.png
Everest Sabji masala 200gm,Piece,144,135,5,720,675,https://mbtegbgsvxbefyzyxlyr.supabase.co/storage/v1/object/public/user-data/groceries.png
Everest Tikhalal 50gm,Piece,28,25,16,448,400,https://mbtegbgsvxbefyzyxlyr.supabase.co/storage/v1/object/public/user-data/groceries.png
Everest Tikhalal 100gm,Piece,58,54,10,580,540,https://mbtegbgsvxbefyzyxlyr.supabase.co/storage/v1/object/public/user-data/groceries.png
Everest Tikhalal 200gm,Piece,116,105,10,1160,1050,https://mbtegbgsvxbefyzyxlyr.supabase.co/storage/v1/object/public/user-data/groceries.png
Everest Turmeric Powder 50gm,Piece,23,22,19,437,418,https://mbtegbgsvxbefyzyxlyr.supabase.co/storage/v1/object/public/user-data/groceries.png
Everest Turmeric powder 200gm,Piece,92,86,10,920,860,https://mbtegbgsvxbefyzyxlyr.supabase.co/storage/v1/object/public/user-data/groceries.png
Everest Turmeric Powder 100gm,Piece,46,43,6,276,258,https://mbtegbgsvxbefyzyxlyr.supabase.co/storage/v1/object/public/user-data/groceries.png
Everest Chaat masala 200gm,Piece,166,155,5,830,775,https://mbtegbgsvxbefyzyxlyr.supabase.co/storage/v1/object/public/user-data/groceries.png
Everest Chiken masala 200gm,Piece,184,170,10,1840,1700,https://mbtegbgsvxbefyzyxlyr.supabase.co/storage/v1/object/public/user-data/groceries.png
Everest Garam Masala 200gm,Piece,194,184,5,970,920,https://mbtegbgsvxbefyzyxlyr.supabase.co/storage/v1/object/public/user-data/groceries.png
Everest Meat Masala 200gm,Piece,184,177,9,1656,1593,https://mbtegbgsvxbefyzyxlyr.supabase.co/storage/v1/object/public/user-data/groceries.png
Everest Kitchen King Masala 200gm,Piece,180,171,4,720,684,https://mbtegbgsvxbefyzyxlyr.supabase.co/storage/v1/object/public/user-data/groceries.png
Everest Chhole Masala,Piece,176,169,5,880,845,https://mbtegbgsvxbefyzyxlyr.supabase.co/storage/v1/object/public/user-data/groceries.png
Everest Pav Bhaji masala 200gm,Piece,176,169,5,880,845,https://mbtegbgsvxbefyzyxlyr.supabase.co/storage/v1/object/public/user-data/groceries.png
Everest Super Garam masala 200gm,Piece,132,120,6,792,720,https://mbtegbgsvxbefyzyxlyr.supabase.co/storage/v1/object/public/user-data/groceries.png
Everest KLM 500gm,Piece,162,149,6,972,894,https://mbtegbgsvxbefyzyxlyr.supabase.co/storage/v1/object/public/user-data/groceries.png
Everest Shahi Biryani Masala 200gm,Piece,320,299,5,1600,1495,https://mbtegbgsvxbefyzyxlyr.supabase.co/storage/v1/object/public/user-data/groceries.png
Everest Chicken Masala 50gm,Piece,49,45,26,1274,1170,https://mbtegbgsvxbefyzyxlyr.supabase.co/storage/v1/object/public/user-data/groceries.png
Everest Black Paper Powder 50gm,Piece,78,73,9,702,657,https://mbtegbgsvxbefyzyxlyr.supabase.co/storage/v1/object/public/user-data/groceries.png
Everest Chaat masala 50gm,Piece,45,42,10,450,420,https://mbtegbgsvxbefyzyxlyr.supabase.co/storage/v1/object/public/user-data/groceries.png
Dry Ginger Powder 50gm,Piece,47,44,10,470,440,https://mbtegbgsvxbefyzyxlyr.supabase.co/storage/v1/object/public/user-data/groceries.png
Everest Dry Mango 50gm,Piece,50,48,10,500,480,https://mbtegbgsvxbefyzyxlyr.supabase.co/storage/v1/object/public/user-data/groceries.png
Egg curry Masala 50gm,Piece,49,44,10,490,440,https://mbtegbgsvxbefyzyxlyr.supabase.co/storage/v1/object/public/user-data/groceries.png
Everest Fish Curry Masala 50gm,Piece,49,47,10,490,470,https://mbtegbgsvxbefyzyxlyr.supabase.co/storage/v1/object/public/user-data/groceries.png
Everest Garam masala 50gm,Piece,53,50,10,530,500,https://mbtegbgsvxbefyzyxlyr.supabase.co/storage/v1/object/public/user-data/groceries.png
Everest Kashmirilal powder 50gm,Piece,55,52,9,495,468,https://mbtegbgsvxbefyzyxlyr.supabase.co/storage/v1/object/public/user-data/groceries.png
Everest Kasturi methi 25gm,Piece,30,29,10,300,290,https://mbtegbgsvxbefyzyxlyr.supabase.co/storage/v1/object/public/user-data/groceries.png
Everest Kitchen King Masala 50gm,Piece,48,46,10,480,460,https://mbtegbgsvxbefyzyxlyr.supabase.co/storage/v1/object/public/user-data/groceries.png
Everest Chole Masala 50gm,Piece,46,44,8,368,352,https://mbtegbgsvxbefyzyxlyr.supabase.co/storage/v1/object/public/user-data/groceries.png
Everest Panipuri masala 50gm,Piece,41,39,10,410,390,https://mbtegbgsvxbefyzyxlyr.supabase.co/storage/v1/object/public/user-data/groceries.png
Everest Pav Bhaji masala 50gm,Piece,48,46,10,480,460,https://mbtegbgsvxbefyzyxlyr.supabase.co/storage/v1/object/public/user-data/groceries.png
Everest Shahi Biryani Masala 25gm,Piece,43,41,9,387,369,https://mbtegbgsvxbefyzyxlyr.supabase.co/storage/v1/object/public/user-data/groceries.png
Everest Shahi Paneer masala 50gm,Piece,52,50,8,416,400,https://mbtegbgsvxbefyzyxlyr.supabase.co/storage/v1/object/public/user-data/groceries.png
Everest Sabji masala 50gm,Piece,39,37,10,390,370,https://mbtegbgsvxbefyzyxlyr.supabase.co/storage/v1/object/public/user-data/groceries.png
Everest Tandoori chicken masala 50gm,Piece,48,46,10,480,460,https://mbtegbgsvxbefyzyxlyr.supabase.co/storage/v1/object/public/user-data/groceries.png
Everest Tea Masala 50gm,Piece,69,65,10,690,650,https://mbtegbgsvxbefyzyxlyr.supabase.co/storage/v1/object/public/user-data/groceries.png
Everest Cumin Powder 50gm,Piece,48,46,10,480,460,https://mbtegbgsvxbefyzyxlyr.supabase.co/storage/v1/object/public/user-data/groceries.png
Everest Chiken Biryani Masala 50gm,Piece,69,66,10,690,660,https://mbtegbgsvxbefyzyxlyr.supabase.co/storage/v1/object/public/user-data/groceries.png
Everest Chiken Biryani masala 25gm,Piece,36,35,10,360,350,https://mbtegbgsvxbefyzyxlyr.supabase.co/storage/v1/object/public/user-data/groceries.png
Everest Shahi Biryani 50gm,Piece,84,81,10,840,810,https://mbtegbgsvxbefyzyxlyr.supabase.co/storage/v1/object/public/user-data/groceries.png
Everest Kashmiri Lal 20gm,Piece,25,25,10,250,250,https://mbtegbgsvxbefyzyxlyr.supabase.co/storage/v1/object/public/user-data/groceries.png
Everest Meat Masala 50gm,Piece,49,46,10,490,460,https://mbtegbgsvxbefyzyxlyr.supabase.co/storage/v1/object/public/user-data/groceries.png
Everest Sambhar Masala 50gm,Piece,43,41,10,430,410,https://mbtegbgsvxbefyzyxlyr.supabase.co/storage/v1/object/public/user-data/groceries.png
Everest Pani Puri Masala rs10,Piece,10,10,20,200,200,https://mbtegbgsvxbefyzyxlyr.supabase.co/storage/v1/object/public/user-data/groceries.png
Everest Meat Masala Rs10,Piece,10,10,40,400,400,https://mbtegbgsvxbefyzyxlyr.supabase.co/storage/v1/object/public/user-data/groceries.png
Everest Garam masala rs10,Piece,10,10,20,200,200,https://mbtegbgsvxbefyzyxlyr.supabase.co/storage/v1/object/public/user-data/groceries.png
Everest Chiken masala rs10,Piece,10,10,32,320,320,https://mbtegbgsvxbefyzyxlyr.supabase.co/storage/v1/object/public/user-data/groceries.png
Everest Chaat masala rs10,Piece,10,10,17,170,170,https://mbtegbgsvxbefyzyxlyr.supabase.co/storage/v1/object/public/user-data/groceries.png
Everest Kitchen king rs10,Piece,10,10,17,170,170,https://mbtegbgsvxbefyzyxlyr.supabase.co/storage/v1/object/public/user-data/groceries.png
Samrat Premium Chakki Atta 5 Kg Pouch,Pc,215,215,-1,-215,-215,https://mbtegbgsvxbefyzyxlyr.supabase.co/storage/v1/object/public/user-data/30010281_7-samrat-premium-chakki-atta.jpg
Everest Chole masala rs10,Piece,10,10,20,200,200,https://mbtegbgsvxbefyzyxlyr.supabase.co/storage/v1/object/public/user-data/groceries.png
Everest Sambhar masala rs10,Piece,10,10,20,200,200,https://mbtegbgsvxbefyzyxlyr.supabase.co/storage/v1/object/public/user-data/groceries.png
Everest Shahi Biryani masala rs10,Piece,10,10,17,170,170,https://mbtegbgsvxbefyzyxlyr.supabase.co/storage/v1/object/public/user-data/groceries.png
Everest Sabji masala rs10,Piece,10,10,16,160,160,https://mbtegbgsvxbefyzyxlyr.supabase.co/storage/v1/object/public/user-data/groceries.png
Everest shahi paneer masala rs10,Piece,10,10,20,200,200,https://mbtegbgsvxbefyzyxlyr.supabase.co/storage/v1/object/public/user-data/groceries.png
Everest Aloo sabji masala rs10,Piece,10,10,20,200,200,https://mbtegbgsvxbefyzyxlyr.supabase.co/storage/v1/object/public/user-data/groceries.png
nasale javas 100gm,Piece,45,40,-1,-45,-40,https://mbtegbgsvxbefyzyxlyr.supabase.co/storage/v1/object/public/user-data/groceries.png
Paper Boat Drinks & Memories Aamras 150ml,Pc,20,20,-1,-20,-20,https://mbtegbgsvxbefyzyxlyr.supabase.co/storage/v1/object/public/user-data/scaled_image_picker6481168271863599015.jpg
Paper Boat Drinks & Memories Aamras 150ml,Pc,20,20,-1,-20,-20,https://mbtegbgsvxbefyzyxlyr.supabase.co/storage/v1/object/public/user-data/scaled_image_picker6481168271863599015.jpg
yardley mega offer 180ml,Piece,225,205,-1,-225,-205,https://mbtegbgsvxbefyzyxlyr.supabase.co/storage/v1/object/public/user-data/groceries.png
alaukik loban 91gm,Piece,80,55,-1,-80,-55,https://mbtegbgsvxbefyzyxlyr.supabase.co/storage/v1/object/public/user-data/groceries.png
Match box,Pc,1,1,0,0,0,https://mbtegbgsvxbefyzyxlyr.supabase.co/storage/v1/object/public/user-data/groceries.png
Match box,Pc,1,1,0,0,0,https://mbtegbgsvxbefyzyxlyr.supabase.co/storage/v1/object/public/user-data/groceries.png
Matches 10box,Pc,0,0,-2,0,0,https://mbtegbgsvxbefyzyxlyr.supabase.co/storage/v1/object/public/user-data/groceries.png
Loreal Paris Total Repair 5 Conditioner 65 ml,Pc,99,99,0,0,0,https://mbtegbgsvxbefyzyxlyr.supabase.co/storage/v1/object/public/user-data/260649_8-loreal-paris-total-repair-5-conditioner.jpg
Surya lite 15ltr,Piece,2500,2100,1,2500,2100,https://mbtegbgsvxbefyzyxlyr.supabase.co/storage/v1/object/public/user-data/groceries.png
tiger Soyabin 15ltr,Piece,2288,2090,1,2288,2090,https://mbtegbgsvxbefyzyxlyr.supabase.co/storage/v1/object/public/user-data/groceries.png
Kirti Soyabin 15ltr,Piece,2500,2110,2,5000,4220,https://mbtegbgsvxbefyzyxlyr.supabase.co/storage/v1/object/public/user-data/groceries.png
tulsi Ricebran 15ltr,Piece,2600,2180,2,5200,4360,https://mbtegbgsvxbefyzyxlyr.supabase.co/storage/v1/object/public/user-data/groceries.png
sunny soya 15ltr,Piece,2200,2000,1,2200,2000,https://mbtegbgsvxbefyzyxlyr.supabase.co/storage/v1/object/public/user-data/groceries.png
Dettol Original Hand Wash Liquid Pump 200 ml,Pc,99,99,-3,-297,-297,https://mbtegbgsvxbefyzyxlyr.supabase.co/storage/v1/object/public/user-data/groceries.png
Funfoods veg mayonnaise 800gm,Piece,187,179,4,748,716,https://mbtegbgsvxbefyzyxlyr.supabase.co/storage/v1/object/public/user-data/groceries.png
surf excel 10rs,Piece,10,10,-15,-150,-150,https://mbtegbgsvxbefyzyxlyr.supabase.co/storage/v1/object/public/user-data/groceries.png
rice papad yellow 200gm,Piece,55,35,-1,-55,-35,https://mbtegbgsvxbefyzyxlyr.supabase.co/storage/v1/object/public/user-data/groceries.png
HIT Mosquito & Fly Killer Spray 125 ml,Pc,65,65,-1,-65,-65,https://mbtegbgsvxbefyzyxlyr.supabase.co/storage/v1/object/public/user-data/213403_9-hit-mosquito-fly-killer-spray.jpg
Everest Chicken Masala 50 g Carton,Pc,48,48,-1,-48,-48,https://mbtegbgsvxbefyzyxlyr.supabase.co/storage/v1/object/public/user-data/268076_1-everest-chicken-masala.jpg
Everest Garam Masala 50gm,Pc,52,52,-1,-52,-52,https://mbtegbgsvxbefyzyxlyr.supabase.co/storage/v1/object/public/user-data/Everest_Garam_Masala_50gm_1705648564312.png
Samrat Premium Chakki Atta 5 Kg Pouch,Pc,215,215,-1,-215,-215,https://mbtegbgsvxbefyzyxlyr.supabase.co/storage/v1/object/public/user-data/30010281_7-samrat-premium-chakki-atta.jpg
Surf excel Quick wash 500g,Pc,115,110,-1,-115,-110,https://mbtegbgsvxbefyzyxlyr.supabase.co/storage/v1/object/public/user-data/groceries.png
parachute jas rs10,Piece,10,10,-2,-20,-20,https://mbtegbgsvxbefyzyxlyr.supabase.co/storage/v1/object/public/user-data/groceries.png
Noor Biryani 10rs,Piece,10,0,-1,-10,0,https://mbtegbgsvxbefyzyxlyr.supabase.co/storage/v1/object/public/user-data/groceries.png
Mauli Farsan B1G1,Piece,140,70,40,5600,2800,https://mbtegbgsvxbefyzyxlyr.supabase.co/storage/v1/object/public/user-data/groceries.png
Cadbury dairy milk silk bubbly 112 g,Pc,220,220,-1,-220,-220,https://mbtegbgsvxbefyzyxlyr.supabase.co/storage/v1/object/public/user-data/groceries.png
suhana sandwich masala rs10,Piece,10,10,-1,-10,-10,https://mbtegbgsvxbefyzyxlyr.supabase.co/storage/v1/object/public/user-data/groceries.png
Dairy milk rs5,Piece,5,5,132,660,660,https://mbtegbgsvxbefyzyxlyr.supabase.co/storage/v1/object/public/user-data/groceries.png
Dairy Milk rs10,Piece,10,10,97,970,970,https://mbtegbgsvxbefyzyxlyr.supabase.co/storage/v1/object/public/user-data/groceries.png
Dairy milk 28gm,Piece,30,30,29,870,870,https://mbtegbgsvxbefyzyxlyr.supabase.co/storage/v1/object/public/user-data/groceries.png
Dairy Milk 40gm,Piece,45,44,22,990,968,https://mbtegbgsvxbefyzyxlyr.supabase.co/storage/v1/object/public/user-data/groceries.png
dairy milk 105gm,Piece,98,96,8,784,768,https://mbtegbgsvxbefyzyxlyr.supabase.co/storage/v1/object/public/user-data/groceries.png
5Star 5rs,Piece,5,5,50,250,250,https://mbtegbgsvxbefyzyxlyr.supabase.co/storage/v1/object/public/user-data/groceries.png
5Star 10rs,Piece,10,10,34,340,340,https://mbtegbgsvxbefyzyxlyr.supabase.co/storage/v1/object/public/user-data/groceries.png
Cadbury Fuse rs 20,Piece,20,20,13,260,260,https://mbtegbgsvxbefyzyxlyr.supabase.co/storage/v1/object/public/user-data/groceries.png
5Star 3D rs 20,Piece,20,20,22,440,440,https://mbtegbgsvxbefyzyxlyr.supabase.co/storage/v1/object/public/user-data/groceries.png
5Star Oreo 3D,Piece,20,20,23,460,460,https://mbtegbgsvxbefyzyxlyr.supabase.co/storage/v1/object/public/user-data/groceries.png
Cadbury crispello rs10,Piece,10,10,29,290,290,https://mbtegbgsvxbefyzyxlyr.supabase.co/storage/v1/object/public/user-data/groceries.png
Cadbury Crispello rs20,Piece,20,20,24,480,480,https://mbtegbgsvxbefyzyxlyr.supabase.co/storage/v1/object/public/user-data/groceries.png
Perk rs 5,Piece,5,5,89,445,445,https://mbtegbgsvxbefyzyxlyr.supabase.co/storage/v1/object/public/user-data/groceries.png
Perk rs10,Piece,10,10,26,260,260,https://mbtegbgsvxbefyzyxlyr.supabase.co/storage/v1/object/public/user-data/groceries.png
Perk Plus 20rs,Piece,20,20,22,440,440,https://mbtegbgsvxbefyzyxlyr.supabase.co/storage/v1/object/public/user-data/groceries.png
Cadbury Bournville rich cocoa 30gm,Piece,53,53,18,954,954,https://mbtegbgsvxbefyzyxlyr.supabase.co/storage/v1/object/public/user-data/groceries.png
Bournville 70%dark 75gm,Piece,150,146,6,900,876,https://mbtegbgsvxbefyzyxlyr.supabase.co/storage/v1/object/public/user-data/groceries.png
Cadbury Tempeations 70gm,Piece,125,122,6,750,732,https://mbtegbgsvxbefyzyxlyr.supabase.co/storage/v1/object/public/user-data/groceries.png
Dairy milk silk Oreo 58.5gm,Piece,98,96,2,196,192,https://mbtegbgsvxbefyzyxlyr.supabase.co/storage/v1/object/public/user-data/groceries.png
Park Avenue After Shave Lotion 45ml,Pc,89,89,-1,-89,-89,https://mbtegbgsvxbefyzyxlyr.supabase.co/storage/v1/object/public/user-data/scaled_image_picker6016168996142583164.jpg
Dairy Milk Bubbly 46gm,Piece,98,96,3,294,288,https://mbtegbgsvxbefyzyxlyr.supabase.co/storage/v1/object/public/user-data/groceries.png
Cadbury Dairy milk silk plain 55gm,Piece,89,88,6,534,528,https://mbtegbgsvxbefyzyxlyr.supabase.co/storage/v1/object/public/user-data/groceries.png
Cadbury Dairy milk silk Hazelnut 54gm,Piece,98,96,6,588,576,https://mbtegbgsvxbefyzyxlyr.supabase.co/storage/v1/object/public/user-data/groceries.png
Cadbury Dairy milk roast almond 52gm,Piece,98,96,6,588,576,https://mbtegbgsvxbefyzyxlyr.supabase.co/storage/v1/object/public/user-data/groceries.png
Dairy milk silk Fruit&Nut 51gm,Piece,98,96,3,294,288,https://mbtegbgsvxbefyzyxlyr.supabase.co/storage/v1/object/public/user-data/groceries.png
Dairy milk silk Oreo 124gm,Piece,214,210,2,428,420,https://mbtegbgsvxbefyzyxlyr.supabase.co/storage/v1/object/public/user-data/groceries.png
Dairy milk Silk Bubbly 112gm,Piece,220,216,3,660,648,https://mbtegbgsvxbefyzyxlyr.supabase.co/storage/v1/object/public/user-data/groceries.png
Dairy Milk silk Fruit&Nut 129gm,Piece,214,211,2,428,422,https://mbtegbgsvxbefyzyxlyr.supabase.co/storage/v1/object/public/user-data/groceries.png
Dairy milk silk Roast almonds 134gm,Piece,214,211,2,428,422,https://mbtegbgsvxbefyzyxlyr.supabase.co/storage/v1/object/public/user-data/groceries.png
Cadbury Oreo rs 10,Piece,10,10,110,1100,1100,https://mbtegbgsvxbefyzyxlyr.supabase.co/storage/v1/object/public/user-data/groceries.png
Oreo vanilla rs 20,Piece,20,20,86,1720,1720,https://mbtegbgsvxbefyzyxlyr.supabase.co/storage/v1/object/public/user-data/groceries.png
Cadbury Oreo 108.55gm,Piece,26,25,55,1430,1375,https://mbtegbgsvxbefyzyxlyr.supabase.co/storage/v1/object/public/user-data/groceries.png
Cadbury Gems rs 20,Piece,20,20,15,300,300,https://mbtegbgsvxbefyzyxlyr.supabase.co/storage/v1/object/public/user-data/groceries.png
Marvello Chocolate 900gm,Piece,350,250,1,350,250,https://mbtegbgsvxbefyzyxlyr.supabase.co/storage/v1/object/public/user-data/groceries.png
marvello chocolate caramel 900gm,Piece,350,250,1,350,250,https://mbtegbgsvxbefyzyxlyr.supabase.co/storage/v1/object/public/user-data/groceries.png
Marvello orange 900gm,Piece,350,250,1,350,250,https://mbtegbgsvxbefyzyxlyr.supabase.co/storage/v1/object/public/user-data/groceries.png
Protin wafer bar coffee,Piece,80,70,7,560,490,https://mbtegbgsvxbefyzyxlyr.supabase.co/storage/v1/object/public/user-data/groceries.png
Protin Wafer bar Chocolate,Piece,80,70,8,640,560,https://mbtegbgsvxbefyzyxlyr.supabase.co/storage/v1/object/public/user-data/groceries.png
Dairy Milk Milkinis 20rs,Piece,20,20,88,1760,1760,https://mbtegbgsvxbefyzyxlyr.supabase.co/storage/v1/object/public/user-data/groceries.png
Head&shoulders 2rs shampoo,Piece,2,2,823,1646,1646,https://mbtegbgsvxbefyzyxlyr.supabase.co/storage/v1/object/public/user-data/groceries.png
whisper xl 6s,Piece,95,92,4,380,368,https://mbtegbgsvxbefyzyxlyr.supabase.co/storage/v1/object/public/user-data/groceries.png
ultra whisper xl 15pads,Piece,175,165,1,175,165,https://mbtegbgsvxbefyzyxlyr.supabase.co/storage/v1/object/public/user-data/groceries.png
Whisper xl+15s,Piece,195,189,1,195,189,https://mbtegbgsvxbefyzyxlyr.supabase.co/storage/v1/object/public/user-data/groceries.png
whisper soft xl 6s,Piece,70,68,4,280,272,https://mbtegbgsvxbefyzyxlyr.supabase.co/storage/v1/object/public/user-data/groceries.png
Whisper soft xl 15s,Piece,175,171,1,175,171,https://mbtegbgsvxbefyzyxlyr.supabase.co/storage/v1/object/public/user-data/groceries.png
whisper ultra Xl +7s CFC,Piece,95,91,6,570,546,https://mbtegbgsvxbefyzyxlyr.supabase.co/storage/v1/object/public/user-data/groceries.png
Oral B CF 6S pack,Piece,120,110,12,1440,1320,https://mbtegbgsvxbefyzyxlyr.supabase.co/storage/v1/object/public/user-data/groceries.png
Tide Blue Bar rs10,Piece,10,10,71,710,710,https://mbtegbgsvxbefyzyxlyr.supabase.co/storage/v1/object/public/user-data/groceries.png
PC pants XL,Piece,350,340,1,350,340,https://mbtegbgsvxbefyzyxlyr.supabase.co/storage/v1/object/public/user-data/groceries.png
PC pants SM 26,Piece,350,310,1,350,310,https://mbtegbgsvxbefyzyxlyr.supabase.co/storage/v1/object/public/user-data/groceries.png
PC pants MD 20pants,Piece,350,340,1,350,340,https://mbtegbgsvxbefyzyxlyr.supabase.co/storage/v1/object/public/user-data/groceries.png
Pampers Red MD 30 pants,Piece,374,349,2,748,698,https://mbtegbgsvxbefyzyxlyr.supabase.co/storage/v1/object/public/user-data/groceries.png
Pampers red L 26pants,Piece,374,349,1,374,349,https://mbtegbgsvxbefyzyxlyr.supabase.co/storage/v1/object/public/user-data/groceries.png
Pampers red MD 8pants,Piece,98,95,6,588,570,https://mbtegbgsvxbefyzyxlyr.supabase.co/storage/v1/object/public/user-data/groceries.png
Ariel TL 900gm,Piece,149,142,11,1639,1562,https://mbtegbgsvxbefyzyxlyr.supabase.co/storage/v1/object/public/user-data/groceries.png
Ariel FL 900gm,Piece,169,165,1,169,165,https://mbtegbgsvxbefyzyxlyr.supabase.co/storage/v1/object/public/user-data/groceries.png
Ariel TL 5kg,Piece,659,639,2,1318,1278,https://mbtegbgsvxbefyzyxlyr.supabase.co/storage/v1/object/public/user-data/groceries.png
Ariel FL 5kgs,Piece,769,749,2,1538,1498,https://mbtegbgsvxbefyzyxlyr.supabase.co/storage/v1/object/public/user-data/groceries.png
Ariel FL 3Kg,Piece,545,510,8,4360,4080,https://mbtegbgsvxbefyzyxlyr.supabase.co/storage/v1/object/public/user-data/groceries.png
Ariel TL 3kgs,Piece,463,440,8,3704,3520,https://mbtegbgsvxbefyzyxlyr.supabase.co/storage/v1/object/public/user-data/groceries.png
Ariel Mat FL 4kg+2kg + Free liquid,Piece,1525,1449,1,1525,1449,https://mbtegbgsvxbefyzyxlyr.supabase.co/storage/v1/object/public/user-data/groceries.png
Saffola Oats 200 g,Pc,51,51,-1,-51,-51,https://mbtegbgsvxbefyzyxlyr.supabase.co/storage/v1/object/public/user-data/40006937_6-saffola-oats.jpg
match box,Piece,10,10,296,2960,2960,https://mbtegbgsvxbefyzyxlyr.supabase.co/storage/v1/object/public/user-data/groceries.png
Borges mini Penne Rigate Drum Wheat Pasta 350g,Pc,180,180,-1,-180,-180,https://mbtegbgsvxbefyzyxlyr.supabase.co/storage/v1/object/public/user-data/Borges_Penne_Rigate_Drum_Wheat_Pasta_350g_1653289859905.png
Rin 30gm rs10,Piece,10,10,85,850,850,https://mbtegbgsvxbefyzyxlyr.supabase.co/storage/v1/object/public/user-data/groceries.png
Fortune Soya PP 840gm,Piece,190,142,48,9120,6816,https://mbtegbgsvxbefyzyxlyr.supabase.co/storage/v1/object/public/user-data/groceries.png
Fortune Sun 800gm,Piece,200,167,59,11800,9853,https://mbtegbgsvxbefyzyxlyr.supabase.co/storage/v1/object/public/user-data/groceries.png
Fortune Groundnuts oil 870gm,Piece,240,185,12,2880,2220,https://mbtegbgsvxbefyzyxlyr.supabase.co/storage/v1/object/public/user-data/groceries.png
fortune Soya 5L,Piece,910,790,4,3640,3160,https://mbtegbgsvxbefyzyxlyr.supabase.co/storage/v1/object/public/user-data/groceries.png
Fortune besan 500gm,Piece,85,56,40,3400,2240,https://mbtegbgsvxbefyzyxlyr.supabase.co/storage/v1/object/public/user-data/groceries.png
Fortune Chakki Atta 5kg,Piece,253,240,6,1518,1440,https://mbtegbgsvxbefyzyxlyr.supabase.co/storage/v1/object/public/user-data/groceries.png
saffola oats 200gm,Piece,60,59,1,60,59,https://mbtegbgsvxbefyzyxlyr.supabase.co/storage/v1/object/public/user-data/groceries.png
Saffola Oats 500gm,Piece,99,95,3,297,285,https://mbtegbgsvxbefyzyxlyr.supabase.co/storage/v1/object/public/user-data/groceries.png
Saffola Oats 1kg Rs 240,Piece,240,229,5,1200,1145,https://mbtegbgsvxbefyzyxlyr.supabase.co/storage/v1/object/public/user-data/groceries.png
Frooti rs10,Piece,10,10,46,460,460,https://mbtegbgsvxbefyzyxlyr.supabase.co/storage/v1/object/public/user-data/groceries.png
Sprite 250ml,Piece,20,20,28,560,560,https://mbtegbgsvxbefyzyxlyr.supabase.co/storage/v1/object/public/user-data/groceries.png
Campa 185ml,Piece,30,28,23,690,644,https://mbtegbgsvxbefyzyxlyr.supabase.co/storage/v1/object/public/user-data/groceries.png
Parle G 5rs,Piece,5,4.45,72,360,320.4,https://mbtegbgsvxbefyzyxlyr.supabase.co/storage/v1/object/public/user-data/groceries.png
Parle g 90gm,Piece,9,9,72,648,648,https://mbtegbgsvxbefyzyxlyr.supabase.co/storage/v1/object/public/user-data/groceries.png
parle g 250 gm,Piece,30,27,41,1230,1107,https://mbtegbgsvxbefyzyxlyr.supabase.co/storage/v1/object/public/user-data/groceries.png
Parle g gluco 800gm,Piece,90,88,14,1260,1232,https://mbtegbgsvxbefyzyxlyr.supabase.co/storage/v1/object/public/user-data/groceries.png
parle g gold 68.75 gm,Piece,9,9,70,630,630,https://mbtegbgsvxbefyzyxlyr.supabase.co/storage/v1/object/public/user-data/groceries.png
camlin pad,Piece,125,110,-1,-125,-110,https://mbtegbgsvxbefyzyxlyr.supabase.co/storage/v1/object/public/user-data/groceries.png
Parle royale 72gm,Piece,10,10,120,1200,1200,https://mbtegbgsvxbefyzyxlyr.supabase.co/storage/v1/object/public/user-data/groceries.png
20-20 cashew 200gm,Piece,30,29,25,750,725,https://mbtegbgsvxbefyzyxlyr.supabase.co/storage/v1/object/public/user-data/groceries.png
Happy Happy 63gm,Piece,10,9,94,940,846,https://mbtegbgsvxbefyzyxlyr.supabase.co/storage/v1/object/public/user-data/groceries.png
Parle Monaco 52.2gm,Piece,10,9,60,600,540,https://mbtegbgsvxbefyzyxlyr.supabase.co/storage/v1/object/public/user-data/groceries.png
Parle Black Bourbon choco30gm,Piece,10,9,60,600,540,https://mbtegbgsvxbefyzyxlyr.supabase.co/storage/v1/object/public/user-data/groceries.png
Hide&seek 33gm,Piece,10,9,17,170,153,https://mbtegbgsvxbefyzyxlyr.supabase.co/storage/v1/object/public/user-data/groceries.png
Hide&seek Milano 20gm,Piece,10,10,45,450,450,https://mbtegbgsvxbefyzyxlyr.supabase.co/storage/v1/object/public/user-data/groceries.png
Parle Top 63.7,Piece,10,9,34,340,306,https://mbtegbgsvxbefyzyxlyr.supabase.co/storage/v1/object/public/user-data/groceries.png
Parle Magix mix Elaichi 68gm,Piece,10,9,31,310,279,https://mbtegbgsvxbefyzyxlyr.supabase.co/storage/v1/object/public/user-data/groceries.png
Parle magix chocolate 68gm,Piece,10,9,32,320,288,https://mbtegbgsvxbefyzyxlyr.supabase.co/storage/v1/object/public/user-data/groceries.png
Parle Fabio 42.5gm,Piece,10,9,116,1160,1044,https://mbtegbgsvxbefyzyxlyr.supabase.co/storage/v1/object/public/user-data/groceries.png
Parle Milk Shakti 75gm,Piece,10,9,58,580,522,https://mbtegbgsvxbefyzyxlyr.supabase.co/storage/v1/object/public/user-data/groceries.png
Parle Melody 391gm,Piece,100,89,3,300,267,https://mbtegbgsvxbefyzyxlyr.supabase.co/storage/v1/object/public/user-data/groceries.png
Parle Kismi Toffees,Piece,50,47,1,50,47,https://mbtegbgsvxbefyzyxlyr.supabase.co/storage/v1/object/public/user-data/groceries.png
Budhani Potato Wafers,Piece,60,58,-10,-600,-580,https://mbtegbgsvxbefyzyxlyr.supabase.co/storage/v1/object/public/user-data/groceries.png
Haldirams Namkeen,Pc,220,220,-1,-220,-220,https://mbtegbgsvxbefyzyxlyr.supabase.co/storage/v1/object/public/user-data/20002406_2-haldirams-namkeen-aloo-bhujia.jpg
Haldirams Namkeen,Pc,215,215,-1,-215,-215,https://mbtegbgsvxbefyzyxlyr.supabase.co/storage/v1/object/public/user-data/20002426_1-haldirams-namkeen-khatta-meetha.jpg
Halfiram soya stic 400gm,Piece,84,81,-2,-168,-162,https://mbtegbgsvxbefyzyxlyr.supabase.co/storage/v1/object/public/user-data/groceries.png
Haldirams Soya Sticks 200 g Pouch,Pc,45,45,-1,-45,-45,https://mbtegbgsvxbefyzyxlyr.supabase.co/storage/v1/object/public/user-data/20004451_2-haldirams-soya-sticks.jpg
Haldirams Namkeen,Pc,45,45,-5,-225,-225,https://mbtegbgsvxbefyzyxlyr.supabase.co/storage/v1/object/public/user-data/20002444_1-haldirams-namkeen-tasty-nuts.jpg
h&s milano,Piece,150,140,-1,-150,-140,https://mbtegbgsvxbefyzyxlyr.supabase.co/storage/v1/object/public/user-data/groceries.png
Parle magix orange 68gm,Piece,10,9,30,300,270,https://mbtegbgsvxbefyzyxlyr.supabase.co/storage/v1/object/public/user-data/groceries.png
Parle Fabio 42.5gm,Piece,10,9,0,0,0,https://mbtegbgsvxbefyzyxlyr.supabase.co/storage/v1/object/public/user-data/groceries.png
Parle Fabio 42.5gm,Piece,10,9,58,580,522,https://mbtegbgsvxbefyzyxlyr.supabase.co/storage/v1/object/public/user-data/groceries.png
Parle G royal,Pc,10,10,-4,-40,-40,https://mbtegbgsvxbefyzyxlyr.supabase.co/storage/v1/object/public/user-data/groceries.png
Camlin Permanent Marker Black  10N,Pc,100,100,-1,-100,-100,https://mbtegbgsvxbefyzyxlyr.supabase.co/storage/v1/object/public/user-data/Camlin_Permanent_Marker_10N_1673346687676.png
friendly notebook,Piece,20,20,-2,-40,-40,https://mbtegbgsvxbefyzyxlyr.supabase.co/storage/v1/object/public/user-data/groceries.png
shreeji chocolate chikki rs 10,Piece,10,10,40,400,400,https://mbtegbgsvxbefyzyxlyr.supabase.co/storage/v1/object/public/user-data/groceries.png
shreeji coconut chikki rs10,Piece,10,10,30,300,300,https://mbtegbgsvxbefyzyxlyr.supabase.co/storage/v1/object/public/user-data/groceries.png
shreeji magix mix chikki rs 10,Piece,10,10,30,300,300,https://mbtegbgsvxbefyzyxlyr.supabase.co/storage/v1/object/public/user-data/groceries.png
Shreeji Peanut chikki rs10,Piece,10,10,40,400,400,https://mbtegbgsvxbefyzyxlyr.supabase.co/storage/v1/object/public/user-data/groceries.png
Shreeji peanut butter chikki rs 10,Piece,10,10,31,310,310,https://mbtegbgsvxbefyzyxlyr.supabase.co/storage/v1/object/public/user-data/groceries.png
RED LABEL 1KG,Piece,570,560,12,6840,6720,https://mbtegbgsvxbefyzyxlyr.supabase.co/storage/v1/object/public/user-data/groceries.png
Rin 4x250gm,Piece,100,96,46,4600,4416,https://mbtegbgsvxbefyzyxlyr.supabase.co/storage/v1/object/public/user-data/groceries.png
Rin 250gm,Piece,25,24,60,1500,1440,https://mbtegbgsvxbefyzyxlyr.supabase.co/storage/v1/object/public/user-data/groceries.png
Rin 160gm 10rs,Piece,10,10,64,640,640,https://mbtegbgsvxbefyzyxlyr.supabase.co/storage/v1/object/public/user-data/groceries.png
Surf Excel 250gm,Piece,39,38,234,9126,8892,https://mbtegbgsvxbefyzyxlyr.supabase.co/storage/v1/object/public/user-data/groceries.png
Surf excel 84.4gm,Piece,10,10,420,4200,4200,https://mbtegbgsvxbefyzyxlyr.supabase.co/storage/v1/object/public/user-data/groceries.png
Surf Excel 145gm,Piece,20,20,200,4000,4000,https://mbtegbgsvxbefyzyxlyr.supabase.co/storage/v1/object/public/user-data/groceries.png
Wheel green 220gm rs10,Piece,10,10,120,1200,1200,https://mbtegbgsvxbefyzyxlyr.supabase.co/storage/v1/object/public/user-data/groceries.png
Surf excel 84.4gm,Piece,10,10,30,300,300,https://mbtegbgsvxbefyzyxlyr.supabase.co/storage/v1/object/public/user-data/groceries.png
vim maha bar rs10,Piece,10,10,46,460,460,https://mbtegbgsvxbefyzyxlyr.supabase.co/storage/v1/object/public/user-data/groceries.png
indrayani kaju rice,Piece,70,60,6,420,360,https://mbtegbgsvxbefyzyxlyr.supabase.co/storage/v1/object/public/user-data/groceries.png
vim puduna fresh 4x190,Piece,130,125,1,130,125,https://mbtegbgsvxbefyzyxlyr.supabase.co/storage/v1/object/public/user-data/groceries.png
vim pudina 110gm rs10,Piece,10,10,50,500,500,https://mbtegbgsvxbefyzyxlyr.supabase.co/storage/v1/object/public/user-data/groceries.png
vim bar 300gm,Piece,30,29,27,810,783,https://mbtegbgsvxbefyzyxlyr.supabase.co/storage/v1/object/public/user-data/groceries.png
Vim bar 4x90gm b3g1,Piece,30,30,45,1350,1350,https://mbtegbgsvxbefyzyxlyr.supabase.co/storage/v1/object/public/user-data/groceries.png
lorial 200ml,Piece,209,199,-1,-209,-199,https://mbtegbgsvxbefyzyxlyr.supabase.co/storage/v1/object/public/user-data/groceries.png
Chitale Farsan 200gm,Piece,76,71,4,304,284,https://mbtegbgsvxbefyzyxlyr.supabase.co/storage/v1/object/public/user-data/groceries.png
chitale bakarwadi 500gm,Piece,190,180,6,1140,1080,https://mbtegbgsvxbefyzyxlyr.supabase.co/storage/v1/object/public/user-data/groceries.png
Chitale Bakarwadi 250gm,Piece,95,90,19,1805,1710,https://mbtegbgsvxbefyzyxlyr.supabase.co/storage/v1/object/public/user-data/groceries.png
Son-Papdi orange,Piece,80,70,6,480,420,https://mbtegbgsvxbefyzyxlyr.supabase.co/storage/v1/object/public/user-data/groceries.png
Chitale soan paprika Mango,Piece,80,70,6,480,420,https://mbtegbgsvxbefyzyxlyr.supabase.co/storage/v1/object/public/user-data/groceries.png
Chitale Sonpapdi Classic,Piece,80,70,6,480,420,https://mbtegbgsvxbefyzyxlyr.supabase.co/storage/v1/object/public/user-data/groceries.png
suhana ambari dhana powder 500g,Piece,207,202,0,0,0,https://mbtegbgsvxbefyzyxlyr.supabase.co/storage/v1/object/public/user-data/groceries.png
AMBARI SUNDAY 500GM,Piece,254,240,0,0,0,https://mbtegbgsvxbefyzyxlyr.supabase.co/storage/v1/object/public/user-data/groceries.png
HEAD&SHOULDER 2IN1 180ML,Piece,280,260,-1,-280,-260,https://mbtegbgsvxbefyzyxlyr.supabase.co/storage/v1/object/public/user-data/groceries.png
Dabur Babool Toothpaste,Pc,59,59,-1,-59,-59,https://mbtegbgsvxbefyzyxlyr.supabase.co/storage/v1/object/public/user-data/263868_2-dabur-babool-toothpaste-babool-strong-teeth-healthy-gums.jpg
Park Avenue Good Morning Soap 4N 125g,Pc,210,210,-1,-210,-210,https://mbtegbgsvxbefyzyxlyr.supabase.co/storage/v1/object/public/user-data/Park_Avenue_Good_Morning_Soap_4N_125g_1684056887958.png
ORAL B CRISCROSS,Piece,140,130,-1,-140,-130,https://mbtegbgsvxbefyzyxlyr.supabase.co/storage/v1/object/public/user-data/groceries.png
TRU SHINE DISHWASH,Piece,120,70,-1,-120,-70,https://mbtegbgsvxbefyzyxlyr.supabase.co/storage/v1/object/public/user-data/groceries.png
BUNDI,Piece,100,80,-5,-500,-400,https://mbtegbgsvxbefyzyxlyr.supabase.co/storage/v1/object/public/user-data/groceries.png
samrat mp maida,Piece,80,65,-2,-160,-130,https://mbtegbgsvxbefyzyxlyr.supabase.co/storage/v1/object/public/user-data/groceries.png
Banana Wafers,Kg,240,200,20,4800,4000,https://mbtegbgsvxbefyzyxlyr.supabase.co/storage/v1/object/public/user-data/groceries.png